store_id,item_id,wm_yr_wk,sell_price
CA_1,FOODS_1_001,202512,15.92
CA_1,FOODS_1_001,202513,17.69
CA_1,FOODS_1_001,202514,17.69
CA_1,FOODS_1_001,202515,17.69
CA_1,FOODS_1_001,202516,17.69
CA_1,FOODS_1_001,202517,17.69
CA_1,FOODS_1_001,202518,17.69
CA_1,FOODS_1_001,202519,17.69
CA_1,FOODS_1_001,202520,17.69
CA_1,FOODS_1_001,202521,16.81
CA_1,FOODS_1_001,202522,17.69
CA_1,FOODS_1_001,202523,17.69
CA_1,FOODS_1_001,202524,16.81
CA_1,FOODS_1_001,202525,17.69
CA_1,FOODS_1_001,202526,17.69
CA_1,FOODS_1_001,202527,18.58
CA_1,FOODS_1_001,202528,17.69
CA_1,FOODS_1_001,202529,17.69
CA_1,FOODS_1_001,202530,17.69
CA_1,FOODS_1_001,202531,17.69
CA_1,FOODS_1_001,202532,18.58
CA_1,FOODS_1_001,202533,18.58
CA_1,FOODS_1_001,202534,17.69
CA_1,FOODS_1_001,202535,16.81
CA_1,FOODS_1_001,202536,17.69
CA_1,FOODS_1_001,202537,17.69
CA_1,FOODS_1_001,202538,17.69
CA_1,FOODS_1_001,202539,18.58
CA_1,FOODS_1_001,202540,17.69
CA_1,FOODS_1_001,202541,18.58
CA_1,FOODS_1_001,202542,17.69
CA_1,FOODS_1_001,202543,17.69
CA_1,FOODS_1_001,202544,18.58
CA_1,FOODS_1_001,202545,17.69
CA_1,FOODS_1_001,202546,17.69
CA_1,FOODS_1_001,202547,17.69
CA_1,FOODS_1_001,202548,17.69
CA_1,FOODS_1_001,202549,17.69
CA_1,FOODS_1_001,202550,17.69
CA_1,FOODS_1_001,202551,17.69
CA_1,FOODS_1_001,202552,17.69
CA_1,FOODS_1_001,202501,17.69
CA_1,FOODS_1_001,202601,18.58
CA_1,FOODS_1_001,202602,17.69
CA_1,FOODS_1_001,202603,16.81
CA_1,FOODS_1_001,202604,17.69
CA_1,FOODS_1_001,202605,17.69
CA_1,FOODS_1_001,202606,18.58
CA_1,FOODS_1_001,202607,17.69
CA_1,FOODS_1_001,202608,17.69
CA_1,FOODS_1_001,202609,17.69
CA_1,FOODS_1_001,202610,17.69
CA_1,FOODS_1_001,202611,15.92
CA_1,FOODS_1_001,202612,17.69
CA_1,FOODS_1_002,202512,7.13
CA_1,FOODS_1_002,202513,7.92
CA_1,FOODS_1_002,202514,7.92
CA_1,FOODS_1_002,202515,7.92
CA_1,FOODS_1_002,202516,7.92
CA_1,FOODS_1_002,202517,7.92
CA_1,FOODS_1_002,202518,7.92
CA_1,FOODS_1_002,202519,7.52
CA_1,FOODS_1_002,202520,7.92
CA_1,FOODS_1_002,202521,7.92
CA_1,FOODS_1_002,202522,7.92
CA_1,FOODS_1_002,202523,7.92
CA_1,FOODS_1_002,202524,7.92
CA_1,FOODS_1_002,202525,7.52
CA_1,FOODS_1_002,202526,7.92
CA_1,FOODS_1_002,202527,8.31
CA_1,FOODS_1_002,202528,7.52
CA_1,FOODS_1_002,202529,7.52
CA_1,FOODS_1_002,202530,7.92
CA_1,FOODS_1_002,202531,7.92
CA_1,FOODS_1_002,202532,7.13
CA_1,FOODS_1_002,202533,7.13
CA_1,FOODS_1_002,202534,7.92
CA_1,FOODS_1_002,202535,7.52
CA_1,FOODS_1_002,202536,7.92
CA_1,FOODS_1_002,202537,8.31
CA_1,FOODS_1_002,202538,7.92
CA_1,FOODS_1_002,202539,7.92
CA_1,FOODS_1_002,202540,7.92
CA_1,FOODS_1_002,202541,7.92
CA_1,FOODS_1_002,202542,7.92
CA_1,FOODS_1_002,202543,7.92
CA_1,FOODS_1_002,202544,8.31
CA_1,FOODS_1_002,202545,7.92
CA_1,FOODS_1_002,202546,7.92
CA_1,FOODS_1_002,202547,8.31
CA_1,FOODS_1_002,202548,7.92
CA_1,FOODS_1_002,202549,7.92
CA_1,FOODS_1_002,202550,7.13
CA_1,FOODS_1_002,202551,7.92
CA_1,FOODS_1_002,202552,7.92
CA_1,FOODS_1_002,202501,7.52
CA_1,FOODS_1_002,202601,7.92
CA_1,FOODS_1_002,202602,7.92
CA_1,FOODS_1_002,202603,7.52
CA_1,FOODS_1_002,202604,7.92
CA_1,FOODS_1_002,202605,7.92
CA_1,FOODS_1_002,202606,7.92
CA_1,FOODS_1_002,202607,7.92
CA_1,FOODS_1_002,202608,7.92
CA_1,FOODS_1_002,202609,7.92
CA_1,FOODS_1_002,202610,7.92
CA_1,FOODS_1_002,202611,7.52
CA_1,FOODS_1_002,202612,7.92
CA_1,FOODS_1_003,202512,13.43
CA_1,FOODS_1_003,202513,13.43
CA_1,FOODS_1_003,202514,12.76
CA_1,FOODS_1_003,202515,13.43
CA_1,FOODS_1_003,202516,14.11
CA_1,FOODS_1_003,202517,13.43
CA_1,FOODS_1_003,202518,13.43
CA_1,FOODS_1_003,202519,13.43
CA_1,FOODS_1_003,202520,13.43
CA_1,FOODS_1_003,202521,13.43
CA_1,FOODS_1_003,202522,13.43
CA_1,FOODS_1_003,202523,13.43
CA_1,FOODS_1_003,202524,14.11
CA_1,FOODS_1_003,202525,12.76
CA_1,FOODS_1_003,202526,12.76
CA_1,FOODS_1_003,202527,13.43
CA_1,FOODS_1_003,202528,14.11
CA_1,FOODS_1_003,202529,13.43
CA_1,FOODS_1_003,202530,13.43
CA_1,FOODS_1_003,202531,13.43
CA_1,FOODS_1_003,202532,13.43
CA_1,FOODS_1_003,202533,13.43
CA_1,FOODS_1_003,202534,13.43
CA_1,FOODS_1_003,202535,13.43
CA_1,FOODS_1_003,202536,12.09
CA_1,FOODS_1_003,202537,14.11
CA_1,FOODS_1_003,202538,12.76
CA_1,FOODS_1_003,202539,13.43
CA_1,FOODS_1_003,202540,13.43
CA_1,FOODS_1_003,202541,13.43
CA_1,FOODS_1_003,202542,13.43
CA_1,FOODS_1_003,202543,12.09
CA_1,FOODS_1_003,202544,12.76
CA_1,FOODS_1_003,202545,13.43
CA_1,FOODS_1_003,202546,13.43
CA_1,FOODS_1_003,202547,13.43
CA_1,FOODS_1_003,202548,14.11
CA_1,FOODS_1_003,202549,13.43
CA_1,FOODS_1_003,202550,13.43
CA_1,FOODS_1_003,202551,13.43
CA_1,FOODS_1_003,202552,12.76
CA_1,FOODS_1_003,202501,13.43
CA_1,FOODS_1_003,202601,13.43
CA_1,FOODS_1_003,202602,12.09
CA_1,FOODS_1_003,202603,13.43
CA_1,FOODS_1_003,202604,13.43
CA_1,FOODS_1_003,202605,14.11
CA_1,FOODS_1_003,202606,13.43
CA_1,FOODS_1_003,202607,13.43
CA_1,FOODS_1_003,202608,12.76
CA_1,FOODS_1_003,202609,13.43
CA_1,FOODS_1_003,202610,13.43
CA_1,FOODS_1_003,202611,13.43
CA_1,FOODS_1_003,202612,13.43
CA_1,FOODS_1_004,202512,15.46
CA_1,FOODS_1_004,202513,13.92
CA_1,FOODS_1_004,202514,13.92
CA_1,FOODS_1_004,202515,14.69
CA_1,FOODS_1_004,202516,14.69
CA_1,FOODS_1_004,202517,16.24
CA_1,FOODS_1_004,202518,13.92
CA_1,FOODS_1_004,202519,15.46
CA_1,FOODS_1_004,202520,15.46
CA_1,FOODS_1_004,202521,15.46
CA_1,FOODS_1_004,202522,15.46
CA_1,FOODS_1_004,202523,13.92
CA_1,FOODS_1_004,202524,15.46
CA_1,FOODS_1_004,202525,14.69
CA_1,FOODS_1_004,202526,15.46
CA_1,FOODS_1_004,202527,15.46
CA_1,FOODS_1_004,202528,16.24
CA_1,FOODS_1_004,202529,15.46
CA_1,FOODS_1_004,202530,13.92
CA_1,FOODS_1_004,202531,15.46
CA_1,FOODS_1_004,202532,15.46
CA_1,FOODS_1_004,202533,13.92
CA_1,FOODS_1_004,202534,14.69
CA_1,FOODS_1_004,202535,14.69
CA_1,FOODS_1_004,202536,15.46
CA_1,FOODS_1_004,202537,14.69
CA_1,FOODS_1_004,202538,15.46
CA_1,FOODS_1_004,202539,15.46
CA_1,FOODS_1_004,202540,16.24
CA_1,FOODS_1_004,202541,15.46
CA_1,FOODS_1_004,202542,15.46
CA_1,FOODS_1_004,202543,15.46
CA_1,FOODS_1_004,202544,14.69
CA_1,FOODS_1_004,202545,15.46
CA_1,FOODS_1_004,202546,14.69
CA_1,FOODS_1_004,202547,15.46
CA_1,FOODS_1_004,202548,15.46
CA_1,FOODS_1_004,202549,16.24
CA_1,FOODS_1_004,202550,15.46
CA_1,FOODS_1_004,202551,16.24
CA_1,FOODS_1_004,202552,15.46
CA_1,FOODS_1_004,202501,15.46
CA_1,FOODS_1_004,202601,15.46
CA_1,FOODS_1_004,202602,15.46
CA_1,FOODS_1_004,202603,15.46
CA_1,FOODS_1_004,202604,14.69
CA_1,FOODS_1_004,202605,15.46
CA_1,FOODS_1_004,202606,16.24
CA_1,FOODS_1_004,202607,15.46
CA_1,FOODS_1_004,202608,15.46
CA_1,FOODS_1_004,202609,15.46
CA_1,FOODS_1_004,202610,15.46
CA_1,FOODS_1_004,202611,15.46
CA_1,FOODS_1_004,202612,15.46
CA_1,FOODS_1_005,202512,11.74
CA_1,FOODS_1_005,202513,12.36
CA_1,FOODS_1_005,202514,12.36
CA_1,FOODS_1_005,202515,12.36
CA_1,FOODS_1_005,202516,12.36
CA_1,FOODS_1_005,202517,12.36
CA_1,FOODS_1_005,202518,12.36
CA_1,FOODS_1_005,202519,11.74
CA_1,FOODS_1_005,202520,12.36
CA_1,FOODS_1_005,202521,11.74
CA_1,FOODS_1_005,202522,12.98
CA_1,FOODS_1_005,202523,12.36
CA_1,FOODS_1_005,202524,12.36
CA_1,FOODS_1_005,202525,11.12
CA_1,FOODS_1_005,202526,12.36
CA_1,FOODS_1_005,202527,12.36
CA_1,FOODS_1_005,202528,11.74
CA_1,FOODS_1_005,202529,11.74
CA_1,FOODS_1_005,202530,12.36
CA_1,FOODS_1_005,202531,12.36
CA_1,FOODS_1_005,202532,12.36
CA_1,FOODS_1_005,202533,11.74
CA_1,FOODS_1_005,202534,12.36
CA_1,FOODS_1_005,202535,12.36
CA_1,FOODS_1_005,202536,12.36
CA_1,FOODS_1_005,202537,12.36
CA_1,FOODS_1_005,202538,11.12
CA_1,FOODS_1_005,202539,11.12
CA_1,FOODS_1_005,202540,11.12
CA_1,FOODS_1_005,202541,12.36
CA_1,FOODS_1_005,202542,12.36
CA_1,FOODS_1_005,202543,12.36
CA_1,FOODS_1_005,202544,12.36
CA_1,FOODS_1_005,202545,11.74
CA_1,FOODS_1_005,202546,12.36
CA_1,FOODS_1_005,202547,12.36
CA_1,FOODS_1_005,202548,12.36
CA_1,FOODS_1_005,202549,12.36
CA_1,FOODS_1_005,202550,12.36
CA_1,FOODS_1_005,202551,12.36
CA_1,FOODS_1_005,202552,12.36
CA_1,FOODS_1_005,202501,12.36
CA_1,FOODS_1_005,202601,12.36
CA_1,FOODS_1_005,202602,12.36
CA_1,FOODS_1_005,202603,11.74
CA_1,FOODS_1_005,202604,12.36
CA_1,FOODS_1_005,202605,11.74
CA_1,FOODS_1_005,202606,12.36
CA_1,FOODS_1_005,202607,11.12
CA_1,FOODS_1_005,202608,12.36
CA_1,FOODS_1_005,202609,12.98
CA_1,FOODS_1_005,202610,12.36
CA_1,FOODS_1_005,202611,12.36
CA_1,FOODS_1_005,202612,12.36
CA_1,FOODS_1_006,202512,22.6
CA_1,FOODS_1_006,202513,20.34
CA_1,FOODS_1_006,202514,21.47
CA_1,FOODS_1_006,202515,21.47
CA_1,FOODS_1_006,202516,22.6
CA_1,FOODS_1_006,202517,22.6
CA_1,FOODS_1_006,202518,20.34
CA_1,FOODS_1_006,202519,21.47
CA_1,FOODS_1_006,202520,20.34
CA_1,FOODS_1_006,202521,21.47
CA_1,FOODS_1_006,202522,21.47
CA_1,FOODS_1_006,202523,22.6
CA_1,FOODS_1_006,202524,22.6
CA_1,FOODS_1_006,202525,21.47
CA_1,FOODS_1_006,202526,22.6
CA_1,FOODS_1_006,202527,22.6
CA_1,FOODS_1_006,202528,22.6
CA_1,FOODS_1_006,202529,20.34
CA_1,FOODS_1_006,202530,22.6
CA_1,FOODS_1_006,202531,22.6
CA_1,FOODS_1_006,202532,22.6
CA_1,FOODS_1_006,202533,22.6
CA_1,FOODS_1_006,202534,22.6
CA_1,FOODS_1_006,202535,21.47
CA_1,FOODS_1_006,202536,22.6
CA_1,FOODS_1_006,202537,22.6
CA_1,FOODS_1_006,202538,22.6
CA_1,FOODS_1_006,202539,22.6
CA_1,FOODS_1_006,202540,22.6
CA_1,FOODS_1_006,202541,22.6
CA_1,FOODS_1_006,202542,21.47
CA_1,FOODS_1_006,202543,21.47
CA_1,FOODS_1_006,202544,22.6
CA_1,FOODS_1_006,202545,21.47
CA_1,FOODS_1_006,202546,22.6
CA_1,FOODS_1_006,202547,22.6
CA_1,FOODS_1_006,202548,20.34
CA_1,FOODS_1_006,202549,22.6
CA_1,FOODS_1_006,202550,22.6
CA_1,FOODS_1_006,202551,22.6
CA_1,FOODS_1_006,202552,23.73
CA_1,FOODS_1_006,202501,21.47
CA_1,FOODS_1_006,202601,23.73
CA_1,FOODS_1_006,202602,22.6
CA_1,FOODS_1_006,202603,22.6
CA_1,FOODS_1_006,202604,20.34
CA_1,FOODS_1_006,202605,21.47
CA_1,FOODS_1_006,202606,20.34
CA_1,FOODS_1_006,202607,22.6
CA_1,FOODS_1_006,202608,22.6
CA_1,FOODS_1_006,202609,23.73
CA_1,FOODS_1_006,202610,22.6
CA_1,FOODS_1_006,202611,22.6
CA_1,FOODS_1_006,202612,21.47
CA_1,FOODS_1_007,202512,4.81
CA_1,FOODS_1_007,202513,4.81
CA_1,FOODS_1_007,202514,4.81
CA_1,FOODS_1_007,202515,4.81
CA_1,FOODS_1_007,202516,4.81
CA_1,FOODS_1_007,202517,4.81
CA_1,FOODS_1_007,202518,4.81
CA_1,FOODS_1_007,202519,4.33
CA_1,FOODS_1_007,202520,4.81
CA_1,FOODS_1_007,202521,4.81
CA_1,FOODS_1_007,202522,4.81
CA_1,FOODS_1_007,202523,4.81
CA_1,FOODS_1_007,202524,4.81
CA_1,FOODS_1_007,202525,4.81
CA_1,FOODS_1_007,202526,4.81
CA_1,FOODS_1_007,202527,4.81
CA_1,FOODS_1_007,202528,5.05
CA_1,FOODS_1_007,202529,4.81
CA_1,FOODS_1_007,202530,4.81
CA_1,FOODS_1_007,202531,4.81
CA_1,FOODS_1_007,202532,4.81
CA_1,FOODS_1_007,202533,4.33
CA_1,FOODS_1_007,202534,4.81
CA_1,FOODS_1_007,202535,4.81
CA_1,FOODS_1_007,202536,4.81
CA_1,FOODS_1_007,202537,4.81
CA_1,FOODS_1_007,202538,4.81
CA_1,FOODS_1_007,202539,4.81
CA_1,FOODS_1_007,202540,4.81
CA_1,FOODS_1_007,202541,4.81
CA_1,FOODS_1_007,202542,4.57
CA_1,FOODS_1_007,202543,4.81
CA_1,FOODS_1_007,202544,4.81
CA_1,FOODS_1_007,202545,4.81
CA_1,FOODS_1_007,202546,4.81
CA_1,FOODS_1_007,202547,4.81
CA_1,FOODS_1_007,202548,4.81
CA_1,FOODS_1_007,202549,4.81
CA_1,FOODS_1_007,202550,4.81
CA_1,FOODS_1_007,202551,4.81
CA_1,FOODS_1_007,202552,4.81
CA_1,FOODS_1_007,202501,4.81
CA_1,FOODS_1_007,202601,5.05
CA_1,FOODS_1_007,202602,4.81
CA_1,FOODS_1_007,202603,4.81
CA_1,FOODS_1_007,202604,4.81
CA_1,FOODS_1_007,202605,4.81
CA_1,FOODS_1_007,202606,4.81
CA_1,FOODS_1_007,202607,4.81
CA_1,FOODS_1_007,202608,5.05
CA_1,FOODS_1_007,202609,4.81
CA_1,FOODS_1_007,202610,4.81
CA_1,FOODS_1_007,202611,4.81
CA_1,FOODS_1_007,202612,5.05
CA_1,FOODS_1_008,202512,22.59
CA_1,FOODS_1_008,202513,22.59
CA_1,FOODS_1_008,202514,22.59
CA_1,FOODS_1_008,202515,22.59
CA_1,FOODS_1_008,202516,22.59
CA_1,FOODS_1_008,202517,22.59
CA_1,FOODS_1_008,202518,22.59
CA_1,FOODS_1_008,202519,22.59
CA_1,FOODS_1_008,202520,22.59
CA_1,FOODS_1_008,202521,22.59
CA_1,FOODS_1_008,202522,23.72
CA_1,FOODS_1_008,202523,22.59
CA_1,FOODS_1_008,202524,22.59
CA_1,FOODS_1_008,202525,22.59
CA_1,FOODS_1_008,202526,22.59
CA_1,FOODS_1_008,202527,20.33
CA_1,FOODS_1_008,202528,20.33
CA_1,FOODS_1_008,202529,22.59
CA_1,FOODS_1_008,202530,20.33
CA_1,FOODS_1_008,202531,21.46
CA_1,FOODS_1_008,202532,21.46
CA_1,FOODS_1_008,202533,22.59
CA_1,FOODS_1_008,202534,22.59
CA_1,FOODS_1_008,202535,23.72
CA_1,FOODS_1_008,202536,20.33
CA_1,FOODS_1_008,202537,22.59
CA_1,FOODS_1_008,202538,20.33
CA_1,FOODS_1_008,202539,22.59
CA_1,FOODS_1_008,202540,22.59
CA_1,FOODS_1_008,202541,22.59
CA_1,FOODS_1_008,202542,23.72
CA_1,FOODS_1_008,202543,22.59
CA_1,FOODS_1_008,202544,23.72
CA_1,FOODS_1_008,202545,21.46
CA_1,FOODS_1_008,202546,23.72
CA_1,FOODS_1_008,202547,22.59
CA_1,FOODS_1_008,202548,22.59
CA_1,FOODS_1_008,202549,20.33
CA_1,FOODS_1_008,202550,22.59
CA_1,FOODS_1_008,202551,22.59
CA_1,FOODS_1_008,202552,23.72
CA_1,FOODS_1_008,202501,21.46
CA_1,FOODS_1_008,202601,22.59
CA_1,FOODS_1_008,202602,22.59
CA_1,FOODS_1_008,202603,21.46
CA_1,FOODS_1_008,202604,22.59
CA_1,FOODS_1_008,202605,23.72
CA_1,FOODS_1_008,202606,22.59
CA_1,FOODS_1_008,202607,23.72
CA_1,FOODS_1_008,202608,21.46
CA_1,FOODS_1_008,202609,22.59
CA_1,FOODS_1_008,202610,22.59
CA_1,FOODS_1_008,202611,22.59
CA_1,FOODS_1_008,202612,22.59
CA_1,FOODS_1_009,202512,6.94
CA_1,FOODS_1_009,202513,7.3
CA_1,FOODS_1_009,202514,7.3
CA_1,FOODS_1_009,202515,7.3
CA_1,FOODS_1_009,202516,7.67
CA_1,FOODS_1_009,202517,6.94
CA_1,FOODS_1_009,202518,6.57
CA_1,FOODS_1_009,202519,6.57
CA_1,FOODS_1_009,202520,6.57
CA_1,FOODS_1_009,202521,7.3
CA_1,FOODS_1_009,202522,7.67
CA_1,FOODS_1_009,202523,6.57
CA_1,FOODS_1_009,202524,7.67
CA_1,FOODS_1_009,202525,7.3
CA_1,FOODS_1_009,202526,7.67
CA_1,FOODS_1_009,202527,7.3
CA_1,FOODS_1_009,202528,7.67
CA_1,FOODS_1_009,202529,7.3
CA_1,FOODS_1_009,202530,7.3
CA_1,FOODS_1_009,202531,7.67
CA_1,FOODS_1_009,202532,7.3
CA_1,FOODS_1_009,202533,7.67
CA_1,FOODS_1_009,202534,7.3
CA_1,FOODS_1_009,202535,7.67
CA_1,FOODS_1_009,202536,7.3
CA_1,FOODS_1_009,202537,6.57
CA_1,FOODS_1_009,202538,7.3
CA_1,FOODS_1_009,202539,7.3
CA_1,FOODS_1_009,202540,7.3
CA_1,FOODS_1_009,202541,7.3
CA_1,FOODS_1_009,202542,6.57
CA_1,FOODS_1_009,202543,7.3
CA_1,FOODS_1_009,202544,7.67
CA_1,FOODS_1_009,202545,7.3
CA_1,FOODS_1_009,202546,6.57
CA_1,FOODS_1_009,202547,7.3
CA_1,FOODS_1_009,202548,7.3
CA_1,FOODS_1_009,202549,7.3
CA_1,FOODS_1_009,202550,7.67
CA_1,FOODS_1_009,202551,7.3
CA_1,FOODS_1_009,202552,7.3
CA_1,FOODS_1_009,202501,7.3
CA_1,FOODS_1_009,202601,6.57
CA_1,FOODS_1_009,202602,6.94
CA_1,FOODS_1_009,202603,6.57
CA_1,FOODS_1_009,202604,7.3
CA_1,FOODS_1_009,202605,6.57
CA_1,FOODS_1_009,202606,7.3
CA_1,FOODS_1_009,202607,7.67
CA_1,FOODS_1_009,202608,7.3
CA_1,FOODS_1_009,202609,7.3
CA_1,FOODS_1_009,202610,7.3
CA_1,FOODS_1_009,202611,7.3
CA_1,FOODS_1_009,202612,7.3
CA_1,FOODS_1_010,202512,2.44
CA_1,FOODS_1_010,202513,2.44
CA_1,FOODS_1_010,202514,2.44
CA_1,FOODS_1_010,202515,2.44
CA_1,FOODS_1_010,202516,2.31
CA_1,FOODS_1_010,202517,2.56
CA_1,FOODS_1_010,202518,2.44
CA_1,FOODS_1_010,202519,2.44
CA_1,FOODS_1_010,202520,2.44
CA_1,FOODS_1_010,202521,2.44
CA_1,FOODS_1_010,202522,2.19
CA_1,FOODS_1_010,202523,2.44
CA_1,FOODS_1_010,202524,2.31
CA_1,FOODS_1_010,202525,2.44
CA_1,FOODS_1_010,202526,2.44
CA_1,FOODS_1_010,202527,2.44
CA_1,FOODS_1_010,202528,2.44
CA_1,FOODS_1_010,202529,2.44
CA_1,FOODS_1_010,202530,2.44
CA_1,FOODS_1_010,202531,2.44
CA_1,FOODS_1_010,202532,2.56
CA_1,FOODS_1_010,202533,2.44
CA_1,FOODS_1_010,202534,2.44
CA_1,FOODS_1_010,202535,2.44
CA_1,FOODS_1_010,202536,2.44
CA_1,FOODS_1_010,202537,2.44
CA_1,FOODS_1_010,202538,2.44
CA_1,FOODS_1_010,202539,2.19
CA_1,FOODS_1_010,202540,2.44
CA_1,FOODS_1_010,202541,2.44
CA_1,FOODS_1_010,202542,2.44
CA_1,FOODS_1_010,202543,2.44
CA_1,FOODS_1_010,202544,2.44
CA_1,FOODS_1_010,202545,2.44
CA_1,FOODS_1_010,202546,2.56
CA_1,FOODS_1_010,202547,2.56
CA_1,FOODS_1_010,202548,2.44
CA_1,FOODS_1_010,202549,2.44
CA_1,FOODS_1_010,202550,2.44
CA_1,FOODS_1_010,202551,2.44
CA_1,FOODS_1_010,202552,2.44
CA_1,FOODS_1_010,202501,2.44
CA_1,FOODS_1_010,202601,2.44
CA_1,FOODS_1_010,202602,2.44
CA_1,FOODS_1_010,202603,2.44
CA_1,FOODS_1_010,202604,2.44
CA_1,FOODS_1_010,202605,2.31
CA_1,FOODS_1_010,202606,2.44
CA_1,FOODS_1_010,202607,2.44
CA_1,FOODS_1_010,202608,2.44
CA_1,FOODS_1_010,202609,2.44
CA_1,FOODS_1_010,202610,2.44
CA_1,FOODS_1_010,202611,2.56
CA_1,FOODS_1_010,202612,2.44
CA_1,HOBBIES_2_001,202512,24.84
CA_1,HOBBIES_2_001,202513,27.59
CA_1,HOBBIES_2_001,202514,27.59
CA_1,HOBBIES_2_001,202515,27.59
CA_1,HOBBIES_2_001,202516,27.59
CA_1,HOBBIES_2_001,202517,28.97
CA_1,HOBBIES_2_001,202518,26.22
CA_1,HOBBIES_2_001,202519,27.59
CA_1,HOBBIES_2_001,202520,27.59
CA_1,HOBBIES_2_001,202521,27.59
CA_1,HOBBIES_2_001,202522,27.59
CA_1,HOBBIES_2_001,202523,26.22
CA_1,HOBBIES_2_001,202524,27.59
CA_1,HOBBIES_2_001,202525,27.59
CA_1,HOBBIES_2_001,202526,27.59
CA_1,HOBBIES_2_001,202527,27.59
CA_1,HOBBIES_2_001,202528,27.59
CA_1,HOBBIES_2_001,202529,27.59
CA_1,HOBBIES_2_001,202530,27.59
CA_1,HOBBIES_2_001,202531,27.59
CA_1,HOBBIES_2_001,202532,27.59
CA_1,HOBBIES_2_001,202533,27.59
CA_1,HOBBIES_2_001,202534,27.59
CA_1,HOBBIES_2_001,202535,27.59
CA_1,HOBBIES_2_001,202536,27.59
CA_1,HOBBIES_2_001,202537,28.97
CA_1,HOBBIES_2_001,202538,27.59
CA_1,HOBBIES_2_001,202539,27.59
CA_1,HOBBIES_2_001,202540,26.22
CA_1,HOBBIES_2_001,202541,27.59
CA_1,HOBBIES_2_001,202542,27.59
CA_1,HOBBIES_2_001,202543,24.84
CA_1,HOBBIES_2_001,202544,26.22
CA_1,HOBBIES_2_001,202545,27.59
CA_1,HOBBIES_2_001,202546,27.59
CA_1,HOBBIES_2_001,202547,27.59
CA_1,HOBBIES_2_001,202548,27.59
CA_1,HOBBIES_2_001,202549,27.59
CA_1,HOBBIES_2_001,202550,27.59
CA_1,HOBBIES_2_001,202551,27.59
CA_1,HOBBIES_2_001,202552,27.59
CA_1,HOBBIES_2_001,202501,27.59
CA_1,HOBBIES_2_001,202601,28.97
CA_1,HOBBIES_2_001,202602,26.22
CA_1,HOBBIES_2_001,202603,27.59
CA_1,HOBBIES_2_001,202604,28.97
CA_1,HOBBIES_2_001,202605,27.59
CA_1,HOBBIES_2_001,202606,27.59
CA_1,HOBBIES_2_001,202607,27.59
CA_1,HOBBIES_2_001,202608,28.97
CA_1,HOBBIES_2_001,202609,27.59
CA_1,HOBBIES_2_001,202610,27.59
CA_1,HOBBIES_2_001,202611,27.59
CA_1,HOBBIES_2_001,202612,27.59
CA_1,HOBBIES_2_002,202512,21.09
CA_1,HOBBIES_2_002,202513,21.09
CA_1,HOBBIES_2_002,202514,21.09
CA_1,HOBBIES_2_002,202515,21.09
CA_1,HOBBIES_2_002,202516,22.15
CA_1,HOBBIES_2_002,202517,21.09
CA_1,HOBBIES_2_002,202518,21.09
CA_1,HOBBIES_2_002,202519,21.09
CA_1,HOBBIES_2_002,202520,21.09
CA_1,HOBBIES_2_002,202521,21.09
CA_1,HOBBIES_2_002,202522,18.98
CA_1,HOBBIES_2_002,202523,22.15
CA_1,HOBBIES_2_002,202524,21.09
CA_1,HOBBIES_2_002,202525,21.09
CA_1,HOBBIES_2_002,202526,21.09
CA_1,HOBBIES_2_002,202527,21.09
CA_1,HOBBIES_2_002,202528,21.09
CA_1,HOBBIES_2_002,202529,21.09
CA_1,HOBBIES_2_002,202530,21.09
CA_1,HOBBIES_2_002,202531,21.09
CA_1,HOBBIES_2_002,202532,21.09
CA_1,HOBBIES_2_002,202533,21.09
CA_1,HOBBIES_2_002,202534,20.04
CA_1,HOBBIES_2_002,202535,21.09
CA_1,HOBBIES_2_002,202536,21.09
CA_1,HOBBIES_2_002,202537,21.09
CA_1,HOBBIES_2_002,202538,22.15
CA_1,HOBBIES_2_002,202539,21.09
CA_1,HOBBIES_2_002,202540,18.98
CA_1,HOBBIES_2_002,202541,21.09
CA_1,HOBBIES_2_002,202542,20.04
CA_1,HOBBIES_2_002,202543,21.09
CA_1,HOBBIES_2_002,202544,18.98
CA_1,HOBBIES_2_002,202545,21.09
CA_1,HOBBIES_2_002,202546,21.09
CA_1,HOBBIES_2_002,202547,22.15
CA_1,HOBBIES_2_002,202548,21.09
CA_1,HOBBIES_2_002,202549,21.09
CA_1,HOBBIES_2_002,202550,21.09
CA_1,HOBBIES_2_002,202551,21.09
CA_1,HOBBIES_2_002,202552,21.09
CA_1,HOBBIES_2_002,202501,21.09
CA_1,HOBBIES_2_002,202601,21.09
CA_1,HOBBIES_2_002,202602,21.09
CA_1,HOBBIES_2_002,202603,21.09
CA_1,HOBBIES_2_002,202604,21.09
CA_1,HOBBIES_2_002,202605,21.09
CA_1,HOBBIES_2_002,202606,21.09
CA_1,HOBBIES_2_002,202607,21.09
CA_1,HOBBIES_2_002,202608,22.15
CA_1,HOBBIES_2_002,202609,18.98
CA_1,HOBBIES_2_002,202610,21.09
CA_1,HOBBIES_2_002,202611,22.15
CA_1,HOBBIES_2_002,202612,22.15
CA_1,HOBBIES_2_003,202512,7.52
CA_1,HOBBIES_2_003,202513,7.52
CA_1,HOBBIES_2_003,202514,7.52
CA_1,HOBBIES_2_003,202515,6.77
CA_1,HOBBIES_2_003,202516,7.89
CA_1,HOBBIES_2_003,202517,7.52
CA_1,HOBBIES_2_003,202518,7.52
CA_1,HOBBIES_2_003,202519,7.52
CA_1,HOBBIES_2_003,202520,7.52
CA_1,HOBBIES_2_003,202521,7.14
CA_1,HOBBIES_2_003,202522,7.52
CA_1,HOBBIES_2_003,202523,7.89
CA_1,HOBBIES_2_003,202524,7.52
CA_1,HOBBIES_2_003,202525,7.52
CA_1,HOBBIES_2_003,202526,7.52
CA_1,HOBBIES_2_003,202527,7.52
CA_1,HOBBIES_2_003,202528,6.77
CA_1,HOBBIES_2_003,202529,7.52
CA_1,HOBBIES_2_003,202530,6.77
CA_1,HOBBIES_2_003,202531,7.89
CA_1,HOBBIES_2_003,202532,7.89
CA_1,HOBBIES_2_003,202533,7.89
CA_1,HOBBIES_2_003,202534,7.14
CA_1,HOBBIES_2_003,202535,7.52
CA_1,HOBBIES_2_003,202536,7.52
CA_1,HOBBIES_2_003,202537,7.52
CA_1,HOBBIES_2_003,202538,7.52
CA_1,HOBBIES_2_003,202539,7.52
CA_1,HOBBIES_2_003,202540,6.77
CA_1,HOBBIES_2_003,202541,7.52
CA_1,HOBBIES_2_003,202542,7.52
CA_1,HOBBIES_2_003,202543,7.52
CA_1,HOBBIES_2_003,202544,7.52
CA_1,HOBBIES_2_003,202545,7.52
CA_1,HOBBIES_2_003,202546,7.52
CA_1,HOBBIES_2_003,202547,7.52
CA_1,HOBBIES_2_003,202548,7.52
CA_1,HOBBIES_2_003,202549,7.52
CA_1,HOBBIES_2_003,202550,7.52
CA_1,HOBBIES_2_003,202551,7.52
CA_1,HOBBIES_2_003,202552,7.52
CA_1,HOBBIES_2_003,202501,7.52
CA_1,HOBBIES_2_003,202601,7.52
CA_1,HOBBIES_2_003,202602,7.52
CA_1,HOBBIES_2_003,202603,7.52
CA_1,HOBBIES_2_003,202604,7.52
CA_1,HOBBIES_2_003,202605,7.52
CA_1,HOBBIES_2_003,202606,7.52
CA_1,HOBBIES_2_003,202607,7.52
CA_1,HOBBIES_2_003,202608,7.52
CA_1,HOBBIES_2_003,202609,7.52
CA_1,HOBBIES_2_003,202610,7.52
CA_1,HOBBIES_2_003,202611,7.52
CA_1,HOBBIES_2_003,202612,7.14
CA_1,HOBBIES_2_004,202512,17.22
CA_1,HOBBIES_2_004,202513,17.22
CA_1,HOBBIES_2_004,202514,17.22
CA_1,HOBBIES_2_004,202515,18.08
CA_1,HOBBIES_2_004,202516,17.22
CA_1,HOBBIES_2_004,202517,17.22
CA_1,HOBBIES_2_004,202518,17.22
CA_1,HOBBIES_2_004,202519,17.22
CA_1,HOBBIES_2_004,202520,15.5
CA_1,HOBBIES_2_004,202521,17.22
CA_1,HOBBIES_2_004,202522,17.22
CA_1,HOBBIES_2_004,202523,17.22
CA_1,HOBBIES_2_004,202524,17.22
CA_1,HOBBIES_2_004,202525,17.22
CA_1,HOBBIES_2_004,202526,16.36
CA_1,HOBBIES_2_004,202527,15.5
CA_1,HOBBIES_2_004,202528,18.08
CA_1,HOBBIES_2_004,202529,17.22
CA_1,HOBBIES_2_004,202530,17.22
CA_1,HOBBIES_2_004,202531,17.22
CA_1,HOBBIES_2_004,202532,17.22
CA_1,HOBBIES_2_004,202533,15.5
CA_1,HOBBIES_2_004,202534,17.22
CA_1,HOBBIES_2_004,202535,17.22
CA_1,HOBBIES_2_004,202536,17.22
CA_1,HOBBIES_2_004,202537,17.22
CA_1,HOBBIES_2_004,202538,17.22
CA_1,HOBBIES_2_004,202539,17.22
CA_1,HOBBIES_2_004,202540,18.08
CA_1,HOBBIES_2_004,202541,17.22
CA_1,HOBBIES_2_004,202542,18.08
CA_1,HOBBIES_2_004,202543,17.22
CA_1,HOBBIES_2_004,202544,17.22
CA_1,HOBBIES_2_004,202545,17.22
CA_1,HOBBIES_2_004,202546,17.22
CA_1,HOBBIES_2_004,202547,18.08
CA_1,HOBBIES_2_004,202548,16.36
CA_1,HOBBIES_2_004,202549,18.08
CA_1,HOBBIES_2_004,202550,17.22
CA_1,HOBBIES_2_004,202551,17.22
CA_1,HOBBIES_2_004,202552,17.22
CA_1,HOBBIES_2_004,202501,17.22
CA_1,HOBBIES_2_004,202601,17.22
CA_1,HOBBIES_2_004,202602,17.22
CA_1,HOBBIES_2_004,202603,17.22
CA_1,HOBBIES_2_004,202604,17.22
CA_1,HOBBIES_2_004,202605,15.5
CA_1,HOBBIES_2_004,202606,17.22
CA_1,HOBBIES_2_004,202607,17.22
CA_1,HOBBIES_2_004,202608,17.22
CA_1,HOBBIES_2_004,202609,17.22
CA_1,HOBBIES_2_004,202610,17.22
CA_1,HOBBIES_2_004,202611,17.22
CA_1,HOBBIES_2_004,202612,17.22
CA_1,HOBBIES_2_005,202512,27.21
CA_1,HOBBIES_2_005,202513,24.49
CA_1,HOBBIES_2_005,202514,27.21
CA_1,HOBBIES_2_005,202515,27.21
CA_1,HOBBIES_2_005,202516,27.21
CA_1,HOBBIES_2_005,202517,24.49
CA_1,HOBBIES_2_005,202518,27.21
CA_1,HOBBIES_2_005,202519,27.21
CA_1,HOBBIES_2_005,202520,28.57
CA_1,HOBBIES_2_005,202521,27.21
CA_1,HOBBIES_2_005,202522,27.21
CA_1,HOBBIES_2_005,202523,28.57
CA_1,HOBBIES_2_005,202524,27.21
CA_1,HOBBIES_2_005,202525,27.21
CA_1,HOBBIES_2_005,202526,24.49
CA_1,HOBBIES_2_005,202527,28.57
CA_1,HOBBIES_2_005,202528,25.85
CA_1,HOBBIES_2_005,202529,27.21
CA_1,HOBBIES_2_005,202530,27.21
CA_1,HOBBIES_2_005,202531,27.21
CA_1,HOBBIES_2_005,202532,27.21
CA_1,HOBBIES_2_005,202533,24.49
CA_1,HOBBIES_2_005,202534,27.21
CA_1,HOBBIES_2_005,202535,27.21
CA_1,HOBBIES_2_005,202536,27.21
CA_1,HOBBIES_2_005,202537,27.21
CA_1,HOBBIES_2_005,202538,24.49
CA_1,HOBBIES_2_005,202539,27.21
CA_1,HOBBIES_2_005,202540,27.21
CA_1,HOBBIES_2_005,202541,25.85
CA_1,HOBBIES_2_005,202542,27.21
CA_1,HOBBIES_2_005,202543,27.21
CA_1,HOBBIES_2_005,202544,27.21
CA_1,HOBBIES_2_005,202545,28.57
CA_1,HOBBIES_2_005,202546,27.21
CA_1,HOBBIES_2_005,202547,24.49
CA_1,HOBBIES_2_005,202548,27.21
CA_1,HOBBIES_2_005,202549,27.21
CA_1,HOBBIES_2_005,202550,27.21
CA_1,HOBBIES_2_005,202551,27.21
CA_1,HOBBIES_2_005,202552,27.21
CA_1,HOBBIES_2_005,202501,25.85
CA_1,HOBBIES_2_005,202601,27.21
CA_1,HOBBIES_2_005,202602,24.49
CA_1,HOBBIES_2_005,202603,27.21
CA_1,HOBBIES_2_005,202604,28.57
CA_1,HOBBIES_2_005,202605,28.57
CA_1,HOBBIES_2_005,202606,27.21
CA_1,HOBBIES_2_005,202607,25.85
CA_1,HOBBIES_2_005,202608,24.49
CA_1,HOBBIES_2_005,202609,27.21
CA_1,HOBBIES_2_005,202610,25.85
CA_1,HOBBIES_2_005,202611,28.57
CA_1,HOBBIES_2_005,202612,27.21
CA_1,HOBBIES_2_006,202512,14.61
CA_1,HOBBIES_2_006,202513,16.24
CA_1,HOBBIES_2_006,202514,16.24
CA_1,HOBBIES_2_006,202515,16.24
CA_1,HOBBIES_2_006,202516,16.24
CA_1,HOBBIES_2_006,202517,16.24
CA_1,HOBBIES_2_006,202518,16.24
CA_1,HOBBIES_2_006,202519,16.24
CA_1,HOBBIES_2_006,202520,16.24
CA_1,HOBBIES_2_006,202521,16.24
CA_1,HOBBIES_2_006,202522,17.05
CA_1,HOBBIES_2_006,202523,16.24
CA_1,HOBBIES_2_006,202524,17.05
CA_1,HOBBIES_2_006,202525,16.24
CA_1,HOBBIES_2_006,202526,16.24
CA_1,HOBBIES_2_006,202527,15.42
CA_1,HOBBIES_2_006,202528,16.24
CA_1,HOBBIES_2_006,202529,16.24
CA_1,HOBBIES_2_006,202530,16.24
CA_1,HOBBIES_2_006,202531,16.24
CA_1,HOBBIES_2_006,202532,14.61
CA_1,HOBBIES_2_006,202533,16.24
CA_1,HOBBIES_2_006,202534,16.24
CA_1,HOBBIES_2_006,202535,15.42
CA_1,HOBBIES_2_006,202536,16.24
CA_1,HOBBIES_2_006,202537,16.24
CA_1,HOBBIES_2_006,202538,16.24
CA_1,HOBBIES_2_006,202539,16.24
CA_1,HOBBIES_2_006,202540,14.61
CA_1,HOBBIES_2_006,202541,14.61
CA_1,HOBBIES_2_006,202542,16.24
CA_1,HOBBIES_2_006,202543,16.24
CA_1,HOBBIES_2_006,202544,16.24
CA_1,HOBBIES_2_006,202545,16.24
CA_1,HOBBIES_2_006,202546,16.24
CA_1,HOBBIES_2_006,202547,16.24
CA_1,HOBBIES_2_006,202548,15.42
CA_1,HOBBIES_2_006,202549,16.24
CA_1,HOBBIES_2_006,202550,14.61
CA_1,HOBBIES_2_006,202551,16.24
CA_1,HOBBIES_2_006,202552,14.61
CA_1,HOBBIES_2_006,202501,16.24
CA_1,HOBBIES_2_006,202601,16.24
CA_1,HOBBIES_2_006,202602,15.42
CA_1,HOBBIES_2_006,202603,16.24
CA_1,HOBBIES_2_006,202604,16.24
CA_1,HOBBIES_2_006,202605,16.24
CA_1,HOBBIES_2_006,202606,16.24
CA_1,HOBBIES_2_006,202607,16.24
CA_1,HOBBIES_2_006,202608,16.24
CA_1,HOBBIES_2_006,202609,16.24
CA_1,HOBBIES_2_006,202610,15.42
CA_1,HOBBIES_2_006,202611,16.24
CA_1,HOBBIES_2_006,202612,16.24
CA_1,HOBBIES_2_007,202512,7.81
CA_1,HOBBIES_2_007,202513,7.81
CA_1,HOBBIES_2_007,202514,7.42
CA_1,HOBBIES_2_007,202515,7.81
CA_1,HOBBIES_2_007,202516,7.81
CA_1,HOBBIES_2_007,202517,7.81
CA_1,HOBBIES_2_007,202518,7.81
CA_1,HOBBIES_2_007,202519,8.2
CA_1,HOBBIES_2_007,202520,7.81
CA_1,HOBBIES_2_007,202521,7.81
CA_1,HOBBIES_2_007,202522,7.81
CA_1,HOBBIES_2_007,202523,7.81
CA_1,HOBBIES_2_007,202524,7.81
CA_1,HOBBIES_2_007,202525,7.81
CA_1,HOBBIES_2_007,202526,7.81
CA_1,HOBBIES_2_007,202527,7.81
CA_1,HOBBIES_2_007,202528,7.81
CA_1,HOBBIES_2_007,202529,8.2
CA_1,HOBBIES_2_007,202530,7.81
CA_1,HOBBIES_2_007,202531,7.81
CA_1,HOBBIES_2_007,202532,8.2
CA_1,HOBBIES_2_007,202533,7.81
CA_1,HOBBIES_2_007,202534,7.81
CA_1,HOBBIES_2_007,202535,7.81
CA_1,HOBBIES_2_007,202536,8.2
CA_1,HOBBIES_2_007,202537,7.42
CA_1,HOBBIES_2_007,202538,7.42
CA_1,HOBBIES_2_007,202539,8.2
CA_1,HOBBIES_2_007,202540,7.81
CA_1,HOBBIES_2_007,202541,7.03
CA_1,HOBBIES_2_007,202542,7.81
CA_1,HOBBIES_2_007,202543,7.81
CA_1,HOBBIES_2_007,202544,7.81
CA_1,HOBBIES_2_007,202545,7.81
CA_1,HOBBIES_2_007,202546,7.81
CA_1,HOBBIES_2_007,202547,7.81
CA_1,HOBBIES_2_007,202548,7.81
CA_1,HOBBIES_2_007,202549,7.03
CA_1,HOBBIES_2_007,202550,8.2
CA_1,HOBBIES_2_007,202551,7.81
CA_1,HOBBIES_2_007,202552,7.81
CA_1,HOBBIES_2_007,202501,7.81
CA_1,HOBBIES_2_007,202601,7.81
CA_1,HOBBIES_2_007,202602,7.03
CA_1,HOBBIES_2_007,202603,7.42
CA_1,HOBBIES_2_007,202604,8.2
CA_1,HOBBIES_2_007,202605,7.81
CA_1,HOBBIES_2_007,202606,8.2
CA_1,HOBBIES_2_007,202607,7.42
CA_1,HOBBIES_2_007,202608,7.42
CA_1,HOBBIES_2_007,202609,7.81
CA_1,HOBBIES_2_007,202610,8.2
CA_1,HOBBIES_2_007,202611,7.81
CA_1,HOBBIES_2_007,202612,7.42
CA_1,HOBBIES_2_008,202512,21.0
CA_1,HOBBIES_2_008,202513,19.95
CA_1,HOBBIES_2_008,202514,18.9
CA_1,HOBBIES_2_008,202515,21.0
CA_1,HOBBIES_2_008,202516,21.0
CA_1,HOBBIES_2_008,202517,21.0
CA_1,HOBBIES_2_008,202518,21.0
CA_1,HOBBIES_2_008,202519,21.0
CA_1,HOBBIES_2_008,202520,21.0
CA_1,HOBBIES_2_008,202521,21.0
CA_1,HOBBIES_2_008,202522,21.0
CA_1,HOBBIES_2_008,202523,21.0
CA_1,HOBBIES_2_008,202524,21.0
CA_1,HOBBIES_2_008,202525,18.9
CA_1,HOBBIES_2_008,202526,21.0
CA_1,HOBBIES_2_008,202527,21.0
CA_1,HOBBIES_2_008,202528,21.0
CA_1,HOBBIES_2_008,202529,21.0
CA_1,HOBBIES_2_008,202530,18.9
CA_1,HOBBIES_2_008,202531,21.0
CA_1,HOBBIES_2_008,202532,21.0
CA_1,HOBBIES_2_008,202533,22.05
CA_1,HOBBIES_2_008,202534,19.95
CA_1,HOBBIES_2_008,202535,21.0
CA_1,HOBBIES_2_008,202536,21.0
CA_1,HOBBIES_2_008,202537,21.0
CA_1,HOBBIES_2_008,202538,21.0
CA_1,HOBBIES_2_008,202539,21.0
CA_1,HOBBIES_2_008,202540,22.05
CA_1,HOBBIES_2_008,202541,21.0
CA_1,HOBBIES_2_008,202542,21.0
CA_1,HOBBIES_2_008,202543,21.0
CA_1,HOBBIES_2_008,202544,21.0
CA_1,HOBBIES_2_008,202545,21.0
CA_1,HOBBIES_2_008,202546,21.0
CA_1,HOBBIES_2_008,202547,21.0
CA_1,HOBBIES_2_008,202548,22.05
CA_1,HOBBIES_2_008,202549,21.0
CA_1,HOBBIES_2_008,202550,21.0
CA_1,HOBBIES_2_008,202551,19.95
CA_1,HOBBIES_2_008,202552,21.0
CA_1,HOBBIES_2_008,202501,21.0
CA_1,HOBBIES_2_008,202601,21.0
CA_1,HOBBIES_2_008,202602,21.0
CA_1,HOBBIES_2_008,202603,21.0
CA_1,HOBBIES_2_008,202604,21.0
CA_1,HOBBIES_2_008,202605,19.95
CA_1,HOBBIES_2_008,202606,21.0
CA_1,HOBBIES_2_008,202607,22.05
CA_1,HOBBIES_2_008,202608,19.95
CA_1,HOBBIES_2_008,202609,22.05
CA_1,HOBBIES_2_008,202610,21.0
CA_1,HOBBIES_2_008,202611,21.0
CA_1,HOBBIES_2_008,202612,22.05
CA_1,HOBBIES_2_009,202512,23.51
CA_1,HOBBIES_2_009,202513,23.51
CA_1,HOBBIES_2_009,202514,23.51
CA_1,HOBBIES_2_009,202515,23.51
CA_1,HOBBIES_2_009,202516,23.51
CA_1,HOBBIES_2_009,202517,22.33
CA_1,HOBBIES_2_009,202518,23.51
CA_1,HOBBIES_2_009,202519,23.51
CA_1,HOBBIES_2_009,202520,23.51
CA_1,HOBBIES_2_009,202521,23.51
CA_1,HOBBIES_2_009,202522,23.51
CA_1,HOBBIES_2_009,202523,23.51
CA_1,HOBBIES_2_009,202524,24.68
CA_1,HOBBIES_2_009,202525,23.51
CA_1,HOBBIES_2_009,202526,21.16
CA_1,HOBBIES_2_009,202527,23.51
CA_1,HOBBIES_2_009,202528,23.51
CA_1,HOBBIES_2_009,202529,23.51
CA_1,HOBBIES_2_009,202530,21.16
CA_1,HOBBIES_2_009,202531,22.33
CA_1,HOBBIES_2_009,202532,22.33
CA_1,HOBBIES_2_009,202533,23.51
CA_1,HOBBIES_2_009,202534,23.51
CA_1,HOBBIES_2_009,202535,23.51
CA_1,HOBBIES_2_009,202536,21.16
CA_1,HOBBIES_2_009,202537,23.51
CA_1,HOBBIES_2_009,202538,23.51
CA_1,HOBBIES_2_009,202539,23.51
CA_1,HOBBIES_2_009,202540,23.51
CA_1,HOBBIES_2_009,202541,23.51
CA_1,HOBBIES_2_009,202542,23.51
CA_1,HOBBIES_2_009,202543,24.68
CA_1,HOBBIES_2_009,202544,23.51
CA_1,HOBBIES_2_009,202545,23.51
CA_1,HOBBIES_2_009,202546,23.51
CA_1,HOBBIES_2_009,202547,23.51
CA_1,HOBBIES_2_009,202548,23.51
CA_1,HOBBIES_2_009,202549,23.51
CA_1,HOBBIES_2_009,202550,23.51
CA_1,HOBBIES_2_009,202551,23.51
CA_1,HOBBIES_2_009,202552,23.51
CA_1,HOBBIES_2_009,202501,23.51
CA_1,HOBBIES_2_009,202601,23.51
CA_1,HOBBIES_2_009,202602,23.51
CA_1,HOBBIES_2_009,202603,22.33
CA_1,HOBBIES_2_009,202604,23.51
CA_1,HOBBIES_2_009,202605,23.51
CA_1,HOBBIES_2_009,202606,24.68
CA_1,HOBBIES_2_009,202607,23.51
CA_1,HOBBIES_2_009,202608,21.16
CA_1,HOBBIES_2_009,202609,23.51
CA_1,HOBBIES_2_009,202610,23.51
CA_1,HOBBIES_2_009,202611,23.51
CA_1,HOBBIES_2_009,202612,23.51
CA_1,HOBBIES_2_010,202512,28.75
CA_1,HOBBIES_2_010,202513,28.75
CA_1,HOBBIES_2_010,202514,27.31
CA_1,HOBBIES_2_010,202515,28.75
CA_1,HOBBIES_2_010,202516,30.19
CA_1,HOBBIES_2_010,202517,28.75
CA_1,HOBBIES_2_010,202518,28.75
CA_1,HOBBIES_2_010,202519,28.75
CA_1,HOBBIES_2_010,202520,30.19
CA_1,HOBBIES_2_010,202521,25.87
CA_1,HOBBIES_2_010,202522,28.75
CA_1,HOBBIES_2_010,202523,28.75
CA_1,HOBBIES_2_010,202524,28.75
CA_1,HOBBIES_2_010,202525,30.19
CA_1,HOBBIES_2_010,202526,27.31
CA_1,HOBBIES_2_010,202527,28.75
CA_1,HOBBIES_2_010,202528,28.75
CA_1,HOBBIES_2_010,202529,25.87
CA_1,HOBBIES_2_010,202530,28.75
CA_1,HOBBIES_2_010,202531,28.75
CA_1,HOBBIES_2_010,202532,28.75
CA_1,HOBBIES_2_010,202533,27.31
CA_1,HOBBIES_2_010,202534,28.75
CA_1,HOBBIES_2_010,202535,27.31
CA_1,HOBBIES_2_010,202536,25.87
CA_1,HOBBIES_2_010,202537,28.75
CA_1,HOBBIES_2_010,202538,28.75
CA_1,HOBBIES_2_010,202539,28.75
CA_1,HOBBIES_2_010,202540,28.75
CA_1,HOBBIES_2_010,202541,28.75
CA_1,HOBBIES_2_010,202542,28.75
CA_1,HOBBIES_2_010,202543,28.75
CA_1,HOBBIES_2_010,202544,28.75
CA_1,HOBBIES_2_010,202545,25.87
CA_1,HOBBIES_2_010,202546,28.75
CA_1,HOBBIES_2_010,202547,27.31
CA_1,HOBBIES_2_010,202548,28.75
CA_1,HOBBIES_2_010,202549,25.87
CA_1,HOBBIES_2_010,202550,27.31
CA_1,HOBBIES_2_010,202551,28.75
CA_1,HOBBIES_2_010,202552,27.31
CA_1,HOBBIES_2_010,202501,28.75
CA_1,HOBBIES_2_010,202601,25.87
CA_1,HOBBIES_2_010,202602,27.31
CA_1,HOBBIES_2_010,202603,30.19
CA_1,HOBBIES_2_010,202604,28.75
CA_1,HOBBIES_2_010,202605,28.75
CA_1,HOBBIES_2_010,202606,28.75
CA_1,HOBBIES_2_010,202607,28.75
CA_1,HOBBIES_2_010,202608,28.75
CA_1,HOBBIES_2_010,202609,28.75
CA_1,HOBBIES_2_010,202610,27.31
CA_1,HOBBIES_2_010,202611,28.75
CA_1,HOBBIES_2_010,202612,28.75
CA_1,HOUSEHOLD_3_001,202512,26.91
CA_1,HOUSEHOLD_3_001,202513,26.91
CA_1,HOUSEHOLD_3_001,202514,26.91
CA_1,HOUSEHOLD_3_001,202515,26.91
CA_1,HOUSEHOLD_3_001,202516,26.91
CA_1,HOUSEHOLD_3_001,202517,26.91
CA_1,HOUSEHOLD_3_001,202518,28.25
CA_1,HOUSEHOLD_3_001,202519,26.91
CA_1,HOUSEHOLD_3_001,202520,26.91
CA_1,HOUSEHOLD_3_001,202521,26.91
CA_1,HOUSEHOLD_3_001,202522,26.91
CA_1,HOUSEHOLD_3_001,202523,25.56
CA_1,HOUSEHOLD_3_001,202524,26.91
CA_1,HOUSEHOLD_3_001,202525,26.91
CA_1,HOUSEHOLD_3_001,202526,26.91
CA_1,HOUSEHOLD_3_001,202527,28.25
CA_1,HOUSEHOLD_3_001,202528,24.22
CA_1,HOUSEHOLD_3_001,202529,26.91
CA_1,HOUSEHOLD_3_001,202530,25.56
CA_1,HOUSEHOLD_3_001,202531,26.91
CA_1,HOUSEHOLD_3_001,202532,26.91
CA_1,HOUSEHOLD_3_001,202533,26.91
CA_1,HOUSEHOLD_3_001,202534,26.91
CA_1,HOUSEHOLD_3_001,202535,26.91
CA_1,HOUSEHOLD_3_001,202536,26.91
CA_1,HOUSEHOLD_3_001,202537,26.91
CA_1,HOUSEHOLD_3_001,202538,26.91
CA_1,HOUSEHOLD_3_001,202539,25.56
CA_1,HOUSEHOLD_3_001,202540,26.91
CA_1,HOUSEHOLD_3_001,202541,26.91
CA_1,HOUSEHOLD_3_001,202542,26.91
CA_1,HOUSEHOLD_3_001,202543,28.25
CA_1,HOUSEHOLD_3_001,202544,28.25
CA_1,HOUSEHOLD_3_001,202545,28.25
CA_1,HOUSEHOLD_3_001,202546,24.22
CA_1,HOUSEHOLD_3_001,202547,26.91
CA_1,HOUSEHOLD_3_001,202548,26.91
CA_1,HOUSEHOLD_3_001,202549,25.56
CA_1,HOUSEHOLD_3_001,202550,24.22
CA_1,HOUSEHOLD_3_001,202551,26.91
CA_1,HOUSEHOLD_3_001,202552,26.91
CA_1,HOUSEHOLD_3_001,202501,26.91
CA_1,HOUSEHOLD_3_001,202601,28.25
CA_1,HOUSEHOLD_3_001,202602,26.91
CA_1,HOUSEHOLD_3_001,202603,26.91
CA_1,HOUSEHOLD_3_001,202604,28.25
CA_1,HOUSEHOLD_3_001,202605,28.25
CA_1,HOUSEHOLD_3_001,202606,26.91
CA_1,HOUSEHOLD_3_001,202607,26.91
CA_1,HOUSEHOLD_3_001,202608,26.91
CA_1,HOUSEHOLD_3_001,202609,26.91
CA_1,HOUSEHOLD_3_001,202610,26.91
CA_1,HOUSEHOLD_3_001,202611,26.91
CA_1,HOUSEHOLD_3_001,202612,26.91
CA_1,HOUSEHOLD_3_002,202512,7.58
CA_1,HOUSEHOLD_3_002,202513,8.42
CA_1,HOUSEHOLD_3_002,202514,8.42
CA_1,HOUSEHOLD_3_002,202515,7.58
CA_1,HOUSEHOLD_3_002,202516,8.42
CA_1,HOUSEHOLD_3_002,202517,8.84
CA_1,HOUSEHOLD_3_002,202518,8.42
CA_1,HOUSEHOLD_3_002,202519,7.58
CA_1,HOUSEHOLD_3_002,202520,7.58
CA_1,HOUSEHOLD_3_002,202521,8.42
CA_1,HOUSEHOLD_3_002,202522,8.42
CA_1,HOUSEHOLD_3_002,202523,8.84
CA_1,HOUSEHOLD_3_002,202524,8.42
CA_1,HOUSEHOLD_3_002,202525,8.42
CA_1,HOUSEHOLD_3_002,202526,8.42
CA_1,HOUSEHOLD_3_002,202527,8.0
CA_1,HOUSEHOLD_3_002,202528,8.42
CA_1,HOUSEHOLD_3_002,202529,8.42
CA_1,HOUSEHOLD_3_002,202530,8.42
CA_1,HOUSEHOLD_3_002,202531,8.42
CA_1,HOUSEHOLD_3_002,202532,8.42
CA_1,HOUSEHOLD_3_002,202533,7.58
CA_1,HOUSEHOLD_3_002,202534,8.84
CA_1,HOUSEHOLD_3_002,202535,8.42
CA_1,HOUSEHOLD_3_002,202536,8.0
CA_1,HOUSEHOLD_3_002,202537,7.58
CA_1,HOUSEHOLD_3_002,202538,8.42
CA_1,HOUSEHOLD_3_002,202539,8.42
CA_1,HOUSEHOLD_3_002,202540,8.42
CA_1,HOUSEHOLD_3_002,202541,8.42
CA_1,HOUSEHOLD_3_002,202542,8.42
CA_1,HOUSEHOLD_3_002,202543,8.84
CA_1,HOUSEHOLD_3_002,202544,8.42
CA_1,HOUSEHOLD_3_002,202545,8.84
CA_1,HOUSEHOLD_3_002,202546,8.42
CA_1,HOUSEHOLD_3_002,202547,8.0
CA_1,HOUSEHOLD_3_002,202548,8.42
CA_1,HOUSEHOLD_3_002,202549,7.58
CA_1,HOUSEHOLD_3_002,202550,8.0
CA_1,HOUSEHOLD_3_002,202551,8.42
CA_1,HOUSEHOLD_3_002,202552,7.58
CA_1,HOUSEHOLD_3_002,202501,8.84
CA_1,HOUSEHOLD_3_002,202601,8.42
CA_1,HOUSEHOLD_3_002,202602,8.42
CA_1,HOUSEHOLD_3_002,202603,8.42
CA_1,HOUSEHOLD_3_002,202604,8.42
CA_1,HOUSEHOLD_3_002,202605,8.42
CA_1,HOUSEHOLD_3_002,202606,8.42
CA_1,HOUSEHOLD_3_002,202607,8.42
CA_1,HOUSEHOLD_3_002,202608,8.42
CA_1,HOUSEHOLD_3_002,202609,8.0
CA_1,HOUSEHOLD_3_002,202610,8.42
CA_1,HOUSEHOLD_3_002,202611,8.42
CA_1,HOUSEHOLD_3_002,202612,8.42
CA_1,HOUSEHOLD_3_003,202512,10.77
CA_1,HOUSEHOLD_3_003,202513,10.23
CA_1,HOUSEHOLD_3_003,202514,10.77
CA_1,HOUSEHOLD_3_003,202515,10.77
CA_1,HOUSEHOLD_3_003,202516,10.77
CA_1,HOUSEHOLD_3_003,202517,10.23
CA_1,HOUSEHOLD_3_003,202518,10.77
CA_1,HOUSEHOLD_3_003,202519,10.77
CA_1,HOUSEHOLD_3_003,202520,11.3
CA_1,HOUSEHOLD_3_003,202521,10.77
CA_1,HOUSEHOLD_3_003,202522,9.69
CA_1,HOUSEHOLD_3_003,202523,10.77
CA_1,HOUSEHOLD_3_003,202524,10.23
CA_1,HOUSEHOLD_3_003,202525,10.77
CA_1,HOUSEHOLD_3_003,202526,11.3
CA_1,HOUSEHOLD_3_003,202527,10.23
CA_1,HOUSEHOLD_3_003,202528,10.77
CA_1,HOUSEHOLD_3_003,202529,10.77
CA_1,HOUSEHOLD_3_003,202530,9.69
CA_1,HOUSEHOLD_3_003,202531,10.77
CA_1,HOUSEHOLD_3_003,202532,10.23
CA_1,HOUSEHOLD_3_003,202533,10.77
CA_1,HOUSEHOLD_3_003,202534,10.77
CA_1,HOUSEHOLD_3_003,202535,10.77
CA_1,HOUSEHOLD_3_003,202536,10.23
CA_1,HOUSEHOLD_3_003,202537,10.77
CA_1,HOUSEHOLD_3_003,202538,10.77
CA_1,HOUSEHOLD_3_003,202539,10.77
CA_1,HOUSEHOLD_3_003,202540,10.77
CA_1,HOUSEHOLD_3_003,202541,10.77
CA_1,HOUSEHOLD_3_003,202542,10.77
CA_1,HOUSEHOLD_3_003,202543,9.69
CA_1,HOUSEHOLD_3_003,202544,10.77
CA_1,HOUSEHOLD_3_003,202545,10.77
CA_1,HOUSEHOLD_3_003,202546,10.77
CA_1,HOUSEHOLD_3_003,202547,10.77
CA_1,HOUSEHOLD_3_003,202548,10.77
CA_1,HOUSEHOLD_3_003,202549,10.77
CA_1,HOUSEHOLD_3_003,202550,10.77
CA_1,HOUSEHOLD_3_003,202551,11.3
CA_1,HOUSEHOLD_3_003,202552,10.77
CA_1,HOUSEHOLD_3_003,202501,11.3
CA_1,HOUSEHOLD_3_003,202601,10.77
CA_1,HOUSEHOLD_3_003,202602,10.77
CA_1,HOUSEHOLD_3_003,202603,10.77
CA_1,HOUSEHOLD_3_003,202604,10.23
CA_1,HOUSEHOLD_3_003,202605,10.23
CA_1,HOUSEHOLD_3_003,202606,10.77
CA_1,HOUSEHOLD_3_003,202607,10.77
CA_1,HOUSEHOLD_3_003,202608,10.77
CA_1,HOUSEHOLD_3_003,202609,11.3
CA_1,HOUSEHOLD_3_003,202610,10.77
CA_1,HOUSEHOLD_3_003,202611,9.69
CA_1,HOUSEHOLD_3_003,202612,10.77
CA_1,HOUSEHOLD_3_004,202512,9.31
CA_1,HOUSEHOLD_3_004,202513,9.31
CA_1,HOUSEHOLD_3_004,202514,9.31
CA_1,HOUSEHOLD_3_004,202515,9.31
CA_1,HOUSEHOLD_3_004,202516,8.38
CA_1,HOUSEHOLD_3_004,202517,8.38
CA_1,HOUSEHOLD_3_004,202518,9.31
CA_1,HOUSEHOLD_3_004,202519,9.31
CA_1,HOUSEHOLD_3_004,202520,9.31
CA_1,HOUSEHOLD_3_004,202521,9.78
CA_1,HOUSEHOLD_3_004,202522,9.31
CA_1,HOUSEHOLD_3_004,202523,9.31
CA_1,HOUSEHOLD_3_004,202524,8.85
CA_1,HOUSEHOLD_3_004,202525,9.31
CA_1,HOUSEHOLD_3_004,202526,8.85
CA_1,HOUSEHOLD_3_004,202527,9.31
CA_1,HOUSEHOLD_3_004,202528,9.31
CA_1,HOUSEHOLD_3_004,202529,9.31
CA_1,HOUSEHOLD_3_004,202530,9.78
CA_1,HOUSEHOLD_3_004,202531,9.31
CA_1,HOUSEHOLD_3_004,202532,9.31
CA_1,HOUSEHOLD_3_004,202533,9.31
CA_1,HOUSEHOLD_3_004,202534,9.31
CA_1,HOUSEHOLD_3_004,202535,9.31
CA_1,HOUSEHOLD_3_004,202536,9.31
CA_1,HOUSEHOLD_3_004,202537,9.31
CA_1,HOUSEHOLD_3_004,202538,9.31
CA_1,HOUSEHOLD_3_004,202539,9.31
CA_1,HOUSEHOLD_3_004,202540,9.31
CA_1,HOUSEHOLD_3_004,202541,9.31
CA_1,HOUSEHOLD_3_004,202542,9.31
CA_1,HOUSEHOLD_3_004,202543,8.85
CA_1,HOUSEHOLD_3_004,202544,9.31
CA_1,HOUSEHOLD_3_004,202545,9.78
CA_1,HOUSEHOLD_3_004,202546,9.31
CA_1,HOUSEHOLD_3_004,202547,9.31
CA_1,HOUSEHOLD_3_004,202548,9.31
CA_1,HOUSEHOLD_3_004,202549,9.31
CA_1,HOUSEHOLD_3_004,202550,9.31
CA_1,HOUSEHOLD_3_004,202551,9.31
CA_1,HOUSEHOLD_3_004,202552,9.31
CA_1,HOUSEHOLD_3_004,202501,9.31
CA_1,HOUSEHOLD_3_004,202601,9.31
CA_1,HOUSEHOLD_3_004,202602,9.31
CA_1,HOUSEHOLD_3_004,202603,9.78
CA_1,HOUSEHOLD_3_004,202604,9.31
CA_1,HOUSEHOLD_3_004,202605,9.31
CA_1,HOUSEHOLD_3_004,202606,9.31
CA_1,HOUSEHOLD_3_004,202607,9.78
CA_1,HOUSEHOLD_3_004,202608,9.31
CA_1,HOUSEHOLD_3_004,202609,9.78
CA_1,HOUSEHOLD_3_004,202610,9.31
CA_1,HOUSEHOLD_3_004,202611,9.31
CA_1,HOUSEHOLD_3_004,202612,9.31
CA_1,HOUSEHOLD_3_005,202512,11.29
CA_1,HOUSEHOLD_3_005,202513,11.29
CA_1,HOUSEHOLD_3_005,202514,11.29
CA_1,HOUSEHOLD_3_005,202515,11.29
CA_1,HOUSEHOLD_3_005,202516,10.73
CA_1,HOUSEHOLD_3_005,202517,11.29
CA_1,HOUSEHOLD_3_005,202518,11.29
CA_1,HOUSEHOLD_3_005,202519,11.29
CA_1,HOUSEHOLD_3_005,202520,11.29
CA_1,HOUSEHOLD_3_005,202521,11.29
CA_1,HOUSEHOLD_3_005,202522,10.73
CA_1,HOUSEHOLD_3_005,202523,11.29
CA_1,HOUSEHOLD_3_005,202524,11.29
CA_1,HOUSEHOLD_3_005,202525,11.29
CA_1,HOUSEHOLD_3_005,202526,11.29
CA_1,HOUSEHOLD_3_005,202527,10.16
CA_1,HOUSEHOLD_3_005,202528,11.86
CA_1,HOUSEHOLD_3_005,202529,11.29
CA_1,HOUSEHOLD_3_005,202530,11.29
CA_1,HOUSEHOLD_3_005,202531,11.29
CA_1,HOUSEHOLD_3_005,202532,11.86
CA_1,HOUSEHOLD_3_005,202533,11.29
CA_1,HOUSEHOLD_3_005,202534,10.73
CA_1,HOUSEHOLD_3_005,202535,11.29
CA_1,HOUSEHOLD_3_005,202536,11.29
CA_1,HOUSEHOLD_3_005,202537,11.29
CA_1,HOUSEHOLD_3_005,202538,11.29
CA_1,HOUSEHOLD_3_005,202539,11.29
CA_1,HOUSEHOLD_3_005,202540,11.29
CA_1,HOUSEHOLD_3_005,202541,10.73
CA_1,HOUSEHOLD_3_005,202542,11.29
CA_1,HOUSEHOLD_3_005,202543,11.86
CA_1,HOUSEHOLD_3_005,202544,11.29
CA_1,HOUSEHOLD_3_005,202545,11.29
CA_1,HOUSEHOLD_3_005,202546,10.16
CA_1,HOUSEHOLD_3_005,202547,11.29
CA_1,HOUSEHOLD_3_005,202548,11.29
CA_1,HOUSEHOLD_3_005,202549,10.16
CA_1,HOUSEHOLD_3_005,202550,11.29
CA_1,HOUSEHOLD_3_005,202551,11.29
CA_1,HOUSEHOLD_3_005,202552,11.29
CA_1,HOUSEHOLD_3_005,202501,11.29
CA_1,HOUSEHOLD_3_005,202601,11.29
CA_1,HOUSEHOLD_3_005,202602,11.29
CA_1,HOUSEHOLD_3_005,202603,11.29
CA_1,HOUSEHOLD_3_005,202604,11.29
CA_1,HOUSEHOLD_3_005,202605,11.29
CA_1,HOUSEHOLD_3_005,202606,11.29
CA_1,HOUSEHOLD_3_005,202607,11.29
CA_1,HOUSEHOLD_3_005,202608,11.29
CA_1,HOUSEHOLD_3_005,202609,11.86
CA_1,HOUSEHOLD_3_005,202610,10.16
CA_1,HOUSEHOLD_3_005,202611,10.73
CA_1,HOUSEHOLD_3_005,202612,11.29
CA_1,HOUSEHOLD_3_006,202512,14.82
CA_1,HOUSEHOLD_3_006,202513,14.82
CA_1,HOUSEHOLD_3_006,202514,14.82
CA_1,HOUSEHOLD_3_006,202515,14.82
CA_1,HOUSEHOLD_3_006,202516,14.82
CA_1,HOUSEHOLD_3_006,202517,13.34
CA_1,HOUSEHOLD_3_006,202518,14.82
CA_1,HOUSEHOLD_3_006,202519,13.34
CA_1,HOUSEHOLD_3_006,202520,14.08
CA_1,HOUSEHOLD_3_006,202521,13.34
CA_1,HOUSEHOLD_3_006,202522,14.82
CA_1,HOUSEHOLD_3_006,202523,13.34
CA_1,HOUSEHOLD_3_006,202524,14.82
CA_1,HOUSEHOLD_3_006,202525,14.82
CA_1,HOUSEHOLD_3_006,202526,14.82
CA_1,HOUSEHOLD_3_006,202527,14.82
CA_1,HOUSEHOLD_3_006,202528,14.82
CA_1,HOUSEHOLD_3_006,202529,13.34
CA_1,HOUSEHOLD_3_006,202530,14.82
CA_1,HOUSEHOLD_3_006,202531,14.82
CA_1,HOUSEHOLD_3_006,202532,14.82
CA_1,HOUSEHOLD_3_006,202533,13.34
CA_1,HOUSEHOLD_3_006,202534,14.82
CA_1,HOUSEHOLD_3_006,202535,13.34
CA_1,HOUSEHOLD_3_006,202536,14.82
CA_1,HOUSEHOLD_3_006,202537,14.82
CA_1,HOUSEHOLD_3_006,202538,14.82
CA_1,HOUSEHOLD_3_006,202539,14.82
CA_1,HOUSEHOLD_3_006,202540,13.34
CA_1,HOUSEHOLD_3_006,202541,13.34
CA_1,HOUSEHOLD_3_006,202542,14.82
CA_1,HOUSEHOLD_3_006,202543,14.82
CA_1,HOUSEHOLD_3_006,202544,14.82
CA_1,HOUSEHOLD_3_006,202545,14.82
CA_1,HOUSEHOLD_3_006,202546,14.82
CA_1,HOUSEHOLD_3_006,202547,14.82
CA_1,HOUSEHOLD_3_006,202548,14.82
CA_1,HOUSEHOLD_3_006,202549,15.56
CA_1,HOUSEHOLD_3_006,202550,14.82
CA_1,HOUSEHOLD_3_006,202551,14.82
CA_1,HOUSEHOLD_3_006,202552,14.82
CA_1,HOUSEHOLD_3_006,202501,14.82
CA_1,HOUSEHOLD_3_006,202601,14.82
CA_1,HOUSEHOLD_3_006,202602,14.82
CA_1,HOUSEHOLD_3_006,202603,14.08
CA_1,HOUSEHOLD_3_006,202604,15.56
CA_1,HOUSEHOLD_3_006,202605,14.82
CA_1,HOUSEHOLD_3_006,202606,14.82
CA_1,HOUSEHOLD_3_006,202607,14.82
CA_1,HOUSEHOLD_3_006,202608,14.08
CA_1,HOUSEHOLD_3_006,202609,14.82
CA_1,HOUSEHOLD_3_006,202610,14.82
CA_1,HOUSEHOLD_3_006,202611,14.82
CA_1,HOUSEHOLD_3_006,202612,14.82
CA_1,HOUSEHOLD_3_007,202512,3.7
CA_1,HOUSEHOLD_3_007,202513,3.51
CA_1,HOUSEHOLD_3_007,202514,3.7
CA_1,HOUSEHOLD_3_007,202515,3.33
CA_1,HOUSEHOLD_3_007,202516,3.51
CA_1,HOUSEHOLD_3_007,202517,3.7
CA_1,HOUSEHOLD_3_007,202518,3.88
CA_1,HOUSEHOLD_3_007,202519,3.7
CA_1,HOUSEHOLD_3_007,202520,3.7
CA_1,HOUSEHOLD_3_007,202521,3.7
CA_1,HOUSEHOLD_3_007,202522,3.51
CA_1,HOUSEHOLD_3_007,202523,3.7
CA_1,HOUSEHOLD_3_007,202524,3.7
CA_1,HOUSEHOLD_3_007,202525,3.7
CA_1,HOUSEHOLD_3_007,202526,3.33
CA_1,HOUSEHOLD_3_007,202527,3.7
CA_1,HOUSEHOLD_3_007,202528,3.7
CA_1,HOUSEHOLD_3_007,202529,3.7
CA_1,HOUSEHOLD_3_007,202530,3.7
CA_1,HOUSEHOLD_3_007,202531,3.7
CA_1,HOUSEHOLD_3_007,202532,3.51
CA_1,HOUSEHOLD_3_007,202533,3.7
CA_1,HOUSEHOLD_3_007,202534,3.7
CA_1,HOUSEHOLD_3_007,202535,3.7
CA_1,HOUSEHOLD_3_007,202536,3.51
CA_1,HOUSEHOLD_3_007,202537,3.33
CA_1,HOUSEHOLD_3_007,202538,3.7
CA_1,HOUSEHOLD_3_007,202539,3.7
CA_1,HOUSEHOLD_3_007,202540,3.51
CA_1,HOUSEHOLD_3_007,202541,3.51
CA_1,HOUSEHOLD_3_007,202542,3.7
CA_1,HOUSEHOLD_3_007,202543,3.7
CA_1,HOUSEHOLD_3_007,202544,3.7
CA_1,HOUSEHOLD_3_007,202545,3.88
CA_1,HOUSEHOLD_3_007,202546,3.7
CA_1,HOUSEHOLD_3_007,202547,3.33
CA_1,HOUSEHOLD_3_007,202548,3.7
CA_1,HOUSEHOLD_3_007,202549,3.7
CA_1,HOUSEHOLD_3_007,202550,3.7
CA_1,HOUSEHOLD_3_007,202551,3.7
CA_1,HOUSEHOLD_3_007,202552,3.7
CA_1,HOUSEHOLD_3_007,202501,3.51
CA_1,HOUSEHOLD_3_007,202601,3.88
CA_1,HOUSEHOLD_3_007,202602,3.7
CA_1,HOUSEHOLD_3_007,202603,3.7
CA_1,HOUSEHOLD_3_007,202604,3.7
CA_1,HOUSEHOLD_3_007,202605,3.7
CA_1,HOUSEHOLD_3_007,202606,3.7
CA_1,HOUSEHOLD_3_007,202607,3.33
CA_1,HOUSEHOLD_3_007,202608,3.88
CA_1,HOUSEHOLD_3_007,202609,3.7
CA_1,HOUSEHOLD_3_007,202610,3.88
CA_1,HOUSEHOLD_3_007,202611,3.7
CA_1,HOUSEHOLD_3_007,202612,3.51
CA_1,HOUSEHOLD_3_008,202512,5.88
CA_1,HOUSEHOLD_3_008,202513,5.88
CA_1,HOUSEHOLD_3_008,202514,5.58
CA_1,HOUSEHOLD_3_008,202515,5.88
CA_1,HOUSEHOLD_3_008,202516,5.88
CA_1,HOUSEHOLD_3_008,202517,5.88
CA_1,HOUSEHOLD_3_008,202518,5.29
CA_1,HOUSEHOLD_3_008,202519,5.88
CA_1,HOUSEHOLD_3_008,202520,5.88
CA_1,HOUSEHOLD_3_008,202521,5.88
CA_1,HOUSEHOLD_3_008,202522,5.88
CA_1,HOUSEHOLD_3_008,202523,5.88
CA_1,HOUSEHOLD_3_008,202524,5.88
CA_1,HOUSEHOLD_3_008,202525,5.88
CA_1,HOUSEHOLD_3_008,202526,5.29
CA_1,HOUSEHOLD_3_008,202527,5.88
CA_1,HOUSEHOLD_3_008,202528,5.88
CA_1,HOUSEHOLD_3_008,202529,5.88
CA_1,HOUSEHOLD_3_008,202530,5.88
CA_1,HOUSEHOLD_3_008,202531,5.29
CA_1,HOUSEHOLD_3_008,202532,5.88
CA_1,HOUSEHOLD_3_008,202533,5.58
CA_1,HOUSEHOLD_3_008,202534,5.88
CA_1,HOUSEHOLD_3_008,202535,5.58
CA_1,HOUSEHOLD_3_008,202536,5.88
CA_1,HOUSEHOLD_3_008,202537,5.58
CA_1,HOUSEHOLD_3_008,202538,5.88
CA_1,HOUSEHOLD_3_008,202539,5.88
CA_1,HOUSEHOLD_3_008,202540,5.88
CA_1,HOUSEHOLD_3_008,202541,5.88
CA_1,HOUSEHOLD_3_008,202542,5.88
CA_1,HOUSEHOLD_3_008,202543,5.88
CA_1,HOUSEHOLD_3_008,202544,5.88
CA_1,HOUSEHOLD_3_008,202545,5.88
CA_1,HOUSEHOLD_3_008,202546,6.17
CA_1,HOUSEHOLD_3_008,202547,5.88
CA_1,HOUSEHOLD_3_008,202548,5.88
CA_1,HOUSEHOLD_3_008,202549,5.88
CA_1,HOUSEHOLD_3_008,202550,5.88
CA_1,HOUSEHOLD_3_008,202551,5.88
CA_1,HOUSEHOLD_3_008,202552,5.58
CA_1,HOUSEHOLD_3_008,202501,6.17
CA_1,HOUSEHOLD_3_008,202601,5.88
CA_1,HOUSEHOLD_3_008,202602,5.88
CA_1,HOUSEHOLD_3_008,202603,6.17
CA_1,HOUSEHOLD_3_008,202604,5.58
CA_1,HOUSEHOLD_3_008,202605,5.88
CA_1,HOUSEHOLD_3_008,202606,5.29
CA_1,HOUSEHOLD_3_008,202607,5.88
CA_1,HOUSEHOLD_3_008,202608,5.88
CA_1,HOUSEHOLD_3_008,202609,5.88
CA_1,HOUSEHOLD_3_008,202610,5.88
CA_1,HOUSEHOLD_3_008,202611,5.88
CA_1,HOUSEHOLD_3_008,202612,5.88
CA_1,HOUSEHOLD_3_009,202512,25.88
CA_1,HOUSEHOLD_3_009,202513,25.88
CA_1,HOUSEHOLD_3_009,202514,25.88
CA_1,HOUSEHOLD_3_009,202515,25.88
CA_1,HOUSEHOLD_3_009,202516,24.58
CA_1,HOUSEHOLD_3_009,202517,25.88
CA_1,HOUSEHOLD_3_009,202518,25.88
CA_1,HOUSEHOLD_3_009,202519,25.88
CA_1,HOUSEHOLD_3_009,202520,25.88
CA_1,HOUSEHOLD_3_009,202521,25.88
CA_1,HOUSEHOLD_3_009,202522,24.58
CA_1,HOUSEHOLD_3_009,202523,25.88
CA_1,HOUSEHOLD_3_009,202524,27.17
CA_1,HOUSEHOLD_3_009,202525,27.17
CA_1,HOUSEHOLD_3_009,202526,27.17
CA_1,HOUSEHOLD_3_009,202527,25.88
CA_1,HOUSEHOLD_3_009,202528,24.58
CA_1,HOUSEHOLD_3_009,202529,25.88
CA_1,HOUSEHOLD_3_009,202530,25.88
CA_1,HOUSEHOLD_3_009,202531,24.58
CA_1,HOUSEHOLD_3_009,202532,25.88
CA_1,HOUSEHOLD_3_009,202533,25.88
CA_1,HOUSEHOLD_3_009,202534,23.29
CA_1,HOUSEHOLD_3_009,202535,25.88
CA_1,HOUSEHOLD_3_009,202536,25.88
CA_1,HOUSEHOLD_3_009,202537,25.88
CA_1,HOUSEHOLD_3_009,202538,27.17
CA_1,HOUSEHOLD_3_009,202539,25.88
CA_1,HOUSEHOLD_3_009,202540,24.58
CA_1,HOUSEHOLD_3_009,202541,25.88
CA_1,HOUSEHOLD_3_009,202542,27.17
CA_1,HOUSEHOLD_3_009,202543,25.88
CA_1,HOUSEHOLD_3_009,202544,25.88
CA_1,HOUSEHOLD_3_009,202545,25.88
CA_1,HOUSEHOLD_3_009,202546,27.17
CA_1,HOUSEHOLD_3_009,202547,24.58
CA_1,HOUSEHOLD_3_009,202548,25.88
CA_1,HOUSEHOLD_3_009,202549,24.58
CA_1,HOUSEHOLD_3_009,202550,23.29
CA_1,HOUSEHOLD_3_009,202551,27.17
CA_1,HOUSEHOLD_3_009,202552,25.88
CA_1,HOUSEHOLD_3_009,202501,25.88
CA_1,HOUSEHOLD_3_009,202601,25.88
CA_1,HOUSEHOLD_3_009,202602,23.29
CA_1,HOUSEHOLD_3_009,202603,25.88
CA_1,HOUSEHOLD_3_009,202604,23.29
CA_1,HOUSEHOLD_3_009,202605,25.88
CA_1,HOUSEHOLD_3_009,202606,25.88
CA_1,HOUSEHOLD_3_009,202607,25.88
CA_1,HOUSEHOLD_3_009,202608,24.58
CA_1,HOUSEHOLD_3_009,202609,25.88
CA_1,HOUSEHOLD_3_009,202610,27.17
CA_1,HOUSEHOLD_3_009,202611,25.88
CA_1,HOUSEHOLD_3_009,202612,25.88
CA_1,HOUSEHOLD_3_010,202512,12.51
CA_1,HOUSEHOLD_3_010,202513,13.13
CA_1,HOUSEHOLD_3_010,202514,12.51
CA_1,HOUSEHOLD_3_010,202515,12.51
CA_1,HOUSEHOLD_3_010,202516,13.13
CA_1,HOUSEHOLD_3_010,202517,11.26
CA_1,HOUSEHOLD_3_010,202518,13.13
CA_1,HOUSEHOLD_3_010,202519,12.51
CA_1,HOUSEHOLD_3_010,202520,12.51
CA_1,HOUSEHOLD_3_010,202521,12.51
CA_1,HOUSEHOLD_3_010,202522,12.51
CA_1,HOUSEHOLD_3_010,202523,12.51
CA_1,HOUSEHOLD_3_010,202524,13.13
CA_1,HOUSEHOLD_3_010,202525,13.13
CA_1,HOUSEHOLD_3_010,202526,13.13
CA_1,HOUSEHOLD_3_010,202527,12.51
CA_1,HOUSEHOLD_3_010,202528,12.51
CA_1,HOUSEHOLD_3_010,202529,12.51
CA_1,HOUSEHOLD_3_010,202530,12.51
CA_1,HOUSEHOLD_3_010,202531,12.51
CA_1,HOUSEHOLD_3_010,202532,11.26
CA_1,HOUSEHOLD_3_010,202533,12.51
CA_1,HOUSEHOLD_3_010,202534,11.88
CA_1,HOUSEHOLD_3_010,202535,13.13
CA_1,HOUSEHOLD_3_010,202536,11.88
CA_1,HOUSEHOLD_3_010,202537,12.51
CA_1,HOUSEHOLD_3_010,202538,13.13
CA_1,HOUSEHOLD_3_010,202539,13.13
CA_1,HOUSEHOLD_3_010,202540,12.51
CA_1,HOUSEHOLD_3_010,202541,12.51
CA_1,HOUSEHOLD_3_010,202542,12.51
CA_1,HOUSEHOLD_3_010,202543,13.13
CA_1,HOUSEHOLD_3_010,202544,12.51
CA_1,HOUSEHOLD_3_010,202545,12.51
CA_1,HOUSEHOLD_3_010,202546,11.26
CA_1,HOUSEHOLD_3_010,202547,11.88
CA_1,HOUSEHOLD_3_010,202548,12.51
CA_1,HOUSEHOLD_3_010,202549,12.51
CA_1,HOUSEHOLD_3_010,202550,11.26
CA_1,HOUSEHOLD_3_010,202551,12.51
CA_1,HOUSEHOLD_3_010,202552,13.13
CA_1,HOUSEHOLD_3_010,202501,12.51
CA_1,HOUSEHOLD_3_010,202601,12.51
CA_1,HOUSEHOLD_3_010,202602,12.51
CA_1,HOUSEHOLD_3_010,202603,11.26
CA_1,HOUSEHOLD_3_010,202604,11.88
CA_1,HOUSEHOLD_3_010,202605,11.26
CA_1,HOUSEHOLD_3_010,202606,12.51
CA_1,HOUSEHOLD_3_010,202607,12.51
CA_1,HOUSEHOLD_3_010,202608,12.51
CA_1,HOUSEHOLD_3_010,202609,13.13
CA_1,HOUSEHOLD_3_010,202610,13.13
CA_1,HOUSEHOLD_3_010,202611,12.51
CA_1,HOUSEHOLD_3_010,202612,12.51
CA_2,FOODS_1_001,202512,18.13
CA_2,FOODS_1_001,202513,18.13
CA_2,FOODS_1_001,202514,18.13
CA_2,FOODS_1_001,202515,18.13
CA_2,FOODS_1_001,202516,18.13
CA_2,FOODS_1_001,202517,18.13
CA_2,FOODS_1_001,202518,18.13
CA_2,FOODS_1_001,202519,18.13
CA_2,FOODS_1_001,202520,19.04
CA_2,FOODS_1_001,202521,18.13
CA_2,FOODS_1_001,202522,18.13
CA_2,FOODS_1_001,202523,18.13
CA_2,FOODS_1_001,202524,18.13
CA_2,FOODS_1_001,202525,18.13
CA_2,FOODS_1_001,202526,18.13
CA_2,FOODS_1_001,202527,18.13
CA_2,FOODS_1_001,202528,18.13
CA_2,FOODS_1_001,202529,19.04
CA_2,FOODS_1_001,202530,18.13
CA_2,FOODS_1_001,202531,18.13
CA_2,FOODS_1_001,202532,18.13
CA_2,FOODS_1_001,202533,18.13
CA_2,FOODS_1_001,202534,18.13
CA_2,FOODS_1_001,202535,18.13
CA_2,FOODS_1_001,202536,18.13
CA_2,FOODS_1_001,202537,18.13
CA_2,FOODS_1_001,202538,18.13
CA_2,FOODS_1_001,202539,19.04
CA_2,FOODS_1_001,202540,16.32
CA_2,FOODS_1_001,202541,18.13
CA_2,FOODS_1_001,202542,19.04
CA_2,FOODS_1_001,202543,18.13
CA_2,FOODS_1_001,202544,17.23
CA_2,FOODS_1_001,202545,19.04
CA_2,FOODS_1_001,202546,17.23
CA_2,FOODS_1_001,202547,18.13
CA_2,FOODS_1_001,202548,18.13
CA_2,FOODS_1_001,202549,18.13
CA_2,FOODS_1_001,202550,18.13
CA_2,FOODS_1_001,202551,18.13
CA_2,FOODS_1_001,202552,18.13
CA_2,FOODS_1_001,202501,18.13
CA_2,FOODS_1_001,202601,17.23
CA_2,FOODS_1_001,202602,18.13
CA_2,FOODS_1_001,202603,17.23
CA_2,FOODS_1_001,202604,16.32
CA_2,FOODS_1_001,202605,18.13
CA_2,FOODS_1_001,202606,18.13
CA_2,FOODS_1_001,202607,18.13
CA_2,FOODS_1_001,202608,16.32
CA_2,FOODS_1_001,202609,17.23
CA_2,FOODS_1_001,202610,18.13
CA_2,FOODS_1_001,202611,18.13
CA_2,FOODS_1_001,202612,16.32
CA_2,FOODS_1_002,202512,24.39
CA_2,FOODS_1_002,202513,24.39
CA_2,FOODS_1_002,202514,21.95
CA_2,FOODS_1_002,202515,24.39
CA_2,FOODS_1_002,202516,24.39
CA_2,FOODS_1_002,202517,21.95
CA_2,FOODS_1_002,202518,24.39
CA_2,FOODS_1_002,202519,24.39
CA_2,FOODS_1_002,202520,25.61
CA_2,FOODS_1_002,202521,21.95
CA_2,FOODS_1_002,202522,24.39
CA_2,FOODS_1_002,202523,24.39
CA_2,FOODS_1_002,202524,23.17
CA_2,FOODS_1_002,202525,24.39
CA_2,FOODS_1_002,202526,24.39
CA_2,FOODS_1_002,202527,24.39
CA_2,FOODS_1_002,202528,24.39
CA_2,FOODS_1_002,202529,24.39
CA_2,FOODS_1_002,202530,24.39
CA_2,FOODS_1_002,202531,24.39
CA_2,FOODS_1_002,202532,24.39
CA_2,FOODS_1_002,202533,24.39
CA_2,FOODS_1_002,202534,23.17
CA_2,FOODS_1_002,202535,24.39
CA_2,FOODS_1_002,202536,23.17
CA_2,FOODS_1_002,202537,24.39
CA_2,FOODS_1_002,202538,24.39
CA_2,FOODS_1_002,202539,21.95
CA_2,FOODS_1_002,202540,24.39
CA_2,FOODS_1_002,202541,24.39
CA_2,FOODS_1_002,202542,24.39
CA_2,FOODS_1_002,202543,24.39
CA_2,FOODS_1_002,202544,24.39
CA_2,FOODS_1_002,202545,24.39
CA_2,FOODS_1_002,202546,24.39
CA_2,FOODS_1_002,202547,24.39
CA_2,FOODS_1_002,202548,24.39
CA_2,FOODS_1_002,202549,24.39
CA_2,FOODS_1_002,202550,21.95
CA_2,FOODS_1_002,202551,24.39
CA_2,FOODS_1_002,202552,25.61
CA_2,FOODS_1_002,202501,24.39
CA_2,FOODS_1_002,202601,23.17
CA_2,FOODS_1_002,202602,24.39
CA_2,FOODS_1_002,202603,24.39
CA_2,FOODS_1_002,202604,24.39
CA_2,FOODS_1_002,202605,21.95
CA_2,FOODS_1_002,202606,24.39
CA_2,FOODS_1_002,202607,24.39
CA_2,FOODS_1_002,202608,21.95
CA_2,FOODS_1_002,202609,24.39
CA_2,FOODS_1_002,202610,24.39
CA_2,FOODS_1_002,202611,23.17
CA_2,FOODS_1_002,202612,21.95
CA_2,FOODS_1_003,202512,29.72
CA_2,FOODS_1_003,202513,29.72
CA_2,FOODS_1_003,202514,29.72
CA_2,FOODS_1_003,202515,29.72
CA_2,FOODS_1_003,202516,29.72
CA_2,FOODS_1_003,202517,29.72
CA_2,FOODS_1_003,202518,29.72
CA_2,FOODS_1_003,202519,31.2
CA_2,FOODS_1_003,202520,29.72
CA_2,FOODS_1_003,202521,29.72
CA_2,FOODS_1_003,202522,29.72
CA_2,FOODS_1_003,202523,29.72
CA_2,FOODS_1_003,202524,29.72
CA_2,FOODS_1_003,202525,29.72
CA_2,FOODS_1_003,202526,26.75
CA_2,FOODS_1_003,202527,29.72
CA_2,FOODS_1_003,202528,29.72
CA_2,FOODS_1_003,202529,29.72
CA_2,FOODS_1_003,202530,29.72
CA_2,FOODS_1_003,202531,29.72
CA_2,FOODS_1_003,202532,28.23
CA_2,FOODS_1_003,202533,29.72
CA_2,FOODS_1_003,202534,29.72
CA_2,FOODS_1_003,202535,29.72
CA_2,FOODS_1_003,202536,29.72
CA_2,FOODS_1_003,202537,29.72
CA_2,FOODS_1_003,202538,29.72
CA_2,FOODS_1_003,202539,28.23
CA_2,FOODS_1_003,202540,29.72
CA_2,FOODS_1_003,202541,29.72
CA_2,FOODS_1_003,202542,26.75
CA_2,FOODS_1_003,202543,29.72
CA_2,FOODS_1_003,202544,29.72
CA_2,FOODS_1_003,202545,31.2
CA_2,FOODS_1_003,202546,29.72
CA_2,FOODS_1_003,202547,29.72
CA_2,FOODS_1_003,202548,29.72
CA_2,FOODS_1_003,202549,29.72
CA_2,FOODS_1_003,202550,31.2
CA_2,FOODS_1_003,202551,29.72
CA_2,FOODS_1_003,202552,26.75
CA_2,FOODS_1_003,202501,26.75
CA_2,FOODS_1_003,202601,29.72
CA_2,FOODS_1_003,202602,31.2
CA_2,FOODS_1_003,202603,29.72
CA_2,FOODS_1_003,202604,29.72
CA_2,FOODS_1_003,202605,29.72
CA_2,FOODS_1_003,202606,26.75
CA_2,FOODS_1_003,202607,29.72
CA_2,FOODS_1_003,202608,28.23
CA_2,FOODS_1_003,202609,29.72
CA_2,FOODS_1_003,202610,29.72
CA_2,FOODS_1_003,202611,29.72
CA_2,FOODS_1_003,202612,29.72
CA_2,FOODS_1_004,202512,29.39
CA_2,FOODS_1_004,202513,26.59
CA_2,FOODS_1_004,202514,27.99
CA_2,FOODS_1_004,202515,29.39
CA_2,FOODS_1_004,202516,27.99
CA_2,FOODS_1_004,202517,27.99
CA_2,FOODS_1_004,202518,27.99
CA_2,FOODS_1_004,202519,27.99
CA_2,FOODS_1_004,202520,27.99
CA_2,FOODS_1_004,202521,27.99
CA_2,FOODS_1_004,202522,25.19
CA_2,FOODS_1_004,202523,27.99
CA_2,FOODS_1_004,202524,27.99
CA_2,FOODS_1_004,202525,27.99
CA_2,FOODS_1_004,202526,26.59
CA_2,FOODS_1_004,202527,27.99
CA_2,FOODS_1_004,202528,29.39
CA_2,FOODS_1_004,202529,27.99
CA_2,FOODS_1_004,202530,27.99
CA_2,FOODS_1_004,202531,26.59
CA_2,FOODS_1_004,202532,27.99
CA_2,FOODS_1_004,202533,26.59
CA_2,FOODS_1_004,202534,29.39
CA_2,FOODS_1_004,202535,27.99
CA_2,FOODS_1_004,202536,27.99
CA_2,FOODS_1_004,202537,27.99
CA_2,FOODS_1_004,202538,25.19
CA_2,FOODS_1_004,202539,27.99
CA_2,FOODS_1_004,202540,25.19
CA_2,FOODS_1_004,202541,27.99
CA_2,FOODS_1_004,202542,27.99
CA_2,FOODS_1_004,202543,27.99
CA_2,FOODS_1_004,202544,27.99
CA_2,FOODS_1_004,202545,27.99
CA_2,FOODS_1_004,202546,27.99
CA_2,FOODS_1_004,202547,29.39
CA_2,FOODS_1_004,202548,27.99
CA_2,FOODS_1_004,202549,27.99
CA_2,FOODS_1_004,202550,27.99
CA_2,FOODS_1_004,202551,26.59
CA_2,FOODS_1_004,202552,25.19
CA_2,FOODS_1_004,202501,27.99
CA_2,FOODS_1_004,202601,27.99
CA_2,FOODS_1_004,202602,27.99
CA_2,FOODS_1_004,202603,27.99
CA_2,FOODS_1_004,202604,27.99
CA_2,FOODS_1_004,202605,29.39
CA_2,FOODS_1_004,202606,27.99
CA_2,FOODS_1_004,202607,26.59
CA_2,FOODS_1_004,202608,25.19
CA_2,FOODS_1_004,202609,27.99
CA_2,FOODS_1_004,202610,27.99
CA_2,FOODS_1_004,202611,27.99
CA_2,FOODS_1_004,202612,29.39
CA_2,FOODS_1_005,202512,11.46
CA_2,FOODS_1_005,202513,11.46
CA_2,FOODS_1_005,202514,10.32
CA_2,FOODS_1_005,202515,11.46
CA_2,FOODS_1_005,202516,12.04
CA_2,FOODS_1_005,202517,12.04
CA_2,FOODS_1_005,202518,11.46
CA_2,FOODS_1_005,202519,11.46
CA_2,FOODS_1_005,202520,10.89
CA_2,FOODS_1_005,202521,11.46
CA_2,FOODS_1_005,202522,11.46
CA_2,FOODS_1_005,202523,10.89
CA_2,FOODS_1_005,202524,10.32
CA_2,FOODS_1_005,202525,12.04
CA_2,FOODS_1_005,202526,12.04
CA_2,FOODS_1_005,202527,11.46
CA_2,FOODS_1_005,202528,11.46
CA_2,FOODS_1_005,202529,11.46
CA_2,FOODS_1_005,202530,12.04
CA_2,FOODS_1_005,202531,11.46
CA_2,FOODS_1_005,202532,11.46
CA_2,FOODS_1_005,202533,11.46
CA_2,FOODS_1_005,202534,10.89
CA_2,FOODS_1_005,202535,11.46
CA_2,FOODS_1_005,202536,11.46
CA_2,FOODS_1_005,202537,11.46
CA_2,FOODS_1_005,202538,11.46
CA_2,FOODS_1_005,202539,10.89
CA_2,FOODS_1_005,202540,11.46
CA_2,FOODS_1_005,202541,11.46
CA_2,FOODS_1_005,202542,11.46
CA_2,FOODS_1_005,202543,11.46
CA_2,FOODS_1_005,202544,11.46
CA_2,FOODS_1_005,202545,10.32
CA_2,FOODS_1_005,202546,11.46
CA_2,FOODS_1_005,202547,11.46
CA_2,FOODS_1_005,202548,11.46
CA_2,FOODS_1_005,202549,12.04
CA_2,FOODS_1_005,202550,11.46
CA_2,FOODS_1_005,202551,11.46
CA_2,FOODS_1_005,202552,11.46
CA_2,FOODS_1_005,202501,11.46
CA_2,FOODS_1_005,202601,11.46
CA_2,FOODS_1_005,202602,11.46
CA_2,FOODS_1_005,202603,11.46
CA_2,FOODS_1_005,202604,11.46
CA_2,FOODS_1_005,202605,11.46
CA_2,FOODS_1_005,202606,12.04
CA_2,FOODS_1_005,202607,11.46
CA_2,FOODS_1_005,202608,11.46
CA_2,FOODS_1_005,202609,10.89
CA_2,FOODS_1_005,202610,11.46
CA_2,FOODS_1_005,202611,11.46
CA_2,FOODS_1_005,202612,10.32
CA_2,FOODS_1_006,202512,10.62
CA_2,FOODS_1_006,202513,10.62
CA_2,FOODS_1_006,202514,10.62
CA_2,FOODS_1_006,202515,10.62
CA_2,FOODS_1_006,202516,10.09
CA_2,FOODS_1_006,202517,10.62
CA_2,FOODS_1_006,202518,10.62
CA_2,FOODS_1_006,202519,10.62
CA_2,FOODS_1_006,202520,10.62
CA_2,FOODS_1_006,202521,10.09
CA_2,FOODS_1_006,202522,10.62
CA_2,FOODS_1_006,202523,10.62
CA_2,FOODS_1_006,202524,9.56
CA_2,FOODS_1_006,202525,11.15
CA_2,FOODS_1_006,202526,10.62
CA_2,FOODS_1_006,202527,9.56
CA_2,FOODS_1_006,202528,10.62
CA_2,FOODS_1_006,202529,9.56
CA_2,FOODS_1_006,202530,11.15
CA_2,FOODS_1_006,202531,10.62
CA_2,FOODS_1_006,202532,10.62
CA_2,FOODS_1_006,202533,10.62
CA_2,FOODS_1_006,202534,10.09
CA_2,FOODS_1_006,202535,10.62
CA_2,FOODS_1_006,202536,10.62
CA_2,FOODS_1_006,202537,10.62
CA_2,FOODS_1_006,202538,10.62
CA_2,FOODS_1_006,202539,10.62
CA_2,FOODS_1_006,202540,10.09
CA_2,FOODS_1_006,202541,10.62
CA_2,FOODS_1_006,202542,10.62
CA_2,FOODS_1_006,202543,10.62
CA_2,FOODS_1_006,202544,10.62
CA_2,FOODS_1_006,202545,11.15
CA_2,FOODS_1_006,202546,10.62
CA_2,FOODS_1_006,202547,9.56
CA_2,FOODS_1_006,202548,10.62
CA_2,FOODS_1_006,202549,9.56
CA_2,FOODS_1_006,202550,10.62
CA_2,FOODS_1_006,202551,10.62
CA_2,FOODS_1_006,202552,10.62
CA_2,FOODS_1_006,202501,10.62
CA_2,FOODS_1_006,202601,10.62
CA_2,FOODS_1_006,202602,11.15
CA_2,FOODS_1_006,202603,10.62
CA_2,FOODS_1_006,202604,10.62
CA_2,FOODS_1_006,202605,10.62
CA_2,FOODS_1_006,202606,10.62
CA_2,FOODS_1_006,202607,11.15
CA_2,FOODS_1_006,202608,10.09
CA_2,FOODS_1_006,202609,10.09
CA_2,FOODS_1_006,202610,10.62
CA_2,FOODS_1_006,202611,10.62
CA_2,FOODS_1_006,202612,10.62
CA_2,FOODS_1_007,202512,5.61
CA_2,FOODS_1_007,202513,5.34
CA_2,FOODS_1_007,202514,5.07
CA_2,FOODS_1_007,202515,5.34
CA_2,FOODS_1_007,202516,5.34
CA_2,FOODS_1_007,202517,5.34
CA_2,FOODS_1_007,202518,5.34
CA_2,FOODS_1_007,202519,5.34
CA_2,FOODS_1_007,202520,5.34
CA_2,FOODS_1_007,202521,5.61
CA_2,FOODS_1_007,202522,5.07
CA_2,FOODS_1_007,202523,5.34
CA_2,FOODS_1_007,202524,5.34
CA_2,FOODS_1_007,202525,5.34
CA_2,FOODS_1_007,202526,5.34
CA_2,FOODS_1_007,202527,5.34
CA_2,FOODS_1_007,202528,4.81
CA_2,FOODS_1_007,202529,5.34
CA_2,FOODS_1_007,202530,5.61
CA_2,FOODS_1_007,202531,4.81
CA_2,FOODS_1_007,202532,5.07
CA_2,FOODS_1_007,202533,5.34
CA_2,FOODS_1_007,202534,5.34
CA_2,FOODS_1_007,202535,5.34
CA_2,FOODS_1_007,202536,5.34
CA_2,FOODS_1_007,202537,4.81
CA_2,FOODS_1_007,202538,5.34
CA_2,FOODS_1_007,202539,5.34
CA_2,FOODS_1_007,202540,5.34
CA_2,FOODS_1_007,202541,5.34
CA_2,FOODS_1_007,202542,5.34
CA_2,FOODS_1_007,202543,5.07
CA_2,FOODS_1_007,202544,5.34
CA_2,FOODS_1_007,202545,5.34
CA_2,FOODS_1_007,202546,5.34
CA_2,FOODS_1_007,202547,5.34
CA_2,FOODS_1_007,202548,5.34
CA_2,FOODS_1_007,202549,5.34
CA_2,FOODS_1_007,202550,5.34
CA_2,FOODS_1_007,202551,5.07
CA_2,FOODS_1_007,202552,5.34
CA_2,FOODS_1_007,202501,5.07
CA_2,FOODS_1_007,202601,4.81
CA_2,FOODS_1_007,202602,5.61
CA_2,FOODS_1_007,202603,5.61
CA_2,FOODS_1_007,202604,4.81
CA_2,FOODS_1_007,202605,5.61
CA_2,FOODS_1_007,202606,5.34
CA_2,FOODS_1_007,202607,5.34
CA_2,FOODS_1_007,202608,5.34
CA_2,FOODS_1_007,202609,5.07
CA_2,FOODS_1_007,202610,5.34
CA_2,FOODS_1_007,202611,5.07
CA_2,FOODS_1_007,202612,5.34
CA_2,FOODS_1_008,202512,23.16
CA_2,FOODS_1_008,202513,24.38
CA_2,FOODS_1_008,202514,25.59
CA_2,FOODS_1_008,202515,21.94
CA_2,FOODS_1_008,202516,24.38
CA_2,FOODS_1_008,202517,25.59
CA_2,FOODS_1_008,202518,24.38
CA_2,FOODS_1_008,202519,24.38
CA_2,FOODS_1_008,202520,24.38
CA_2,FOODS_1_008,202521,21.94
CA_2,FOODS_1_008,202522,21.94
CA_2,FOODS_1_008,202523,23.16
CA_2,FOODS_1_008,202524,24.38
CA_2,FOODS_1_008,202525,25.59
CA_2,FOODS_1_008,202526,24.38
CA_2,FOODS_1_008,202527,24.38
CA_2,FOODS_1_008,202528,24.38
CA_2,FOODS_1_008,202529,24.38
CA_2,FOODS_1_008,202530,24.38
CA_2,FOODS_1_008,202531,24.38
CA_2,FOODS_1_008,202532,24.38
CA_2,FOODS_1_008,202533,24.38
CA_2,FOODS_1_008,202534,24.38
CA_2,FOODS_1_008,202535,23.16
CA_2,FOODS_1_008,202536,24.38
CA_2,FOODS_1_008,202537,24.38
CA_2,FOODS_1_008,202538,25.59
CA_2,FOODS_1_008,202539,23.16
CA_2,FOODS_1_008,202540,24.38
CA_2,FOODS_1_008,202541,24.38
CA_2,FOODS_1_008,202542,21.94
CA_2,FOODS_1_008,202543,21.94
CA_2,FOODS_1_008,202544,21.94
CA_2,FOODS_1_008,202545,24.38
CA_2,FOODS_1_008,202546,24.38
CA_2,FOODS_1_008,202547,24.38
CA_2,FOODS_1_008,202548,24.38
CA_2,FOODS_1_008,202549,24.38
CA_2,FOODS_1_008,202550,21.94
CA_2,FOODS_1_008,202551,24.38
CA_2,FOODS_1_008,202552,24.38
CA_2,FOODS_1_008,202501,24.38
CA_2,FOODS_1_008,202601,24.38
CA_2,FOODS_1_008,202602,24.38
CA_2,FOODS_1_008,202603,25.59
CA_2,FOODS_1_008,202604,24.38
CA_2,FOODS_1_008,202605,24.38
CA_2,FOODS_1_008,202606,24.38
CA_2,FOODS_1_008,202607,24.38
CA_2,FOODS_1_008,202608,21.94
CA_2,FOODS_1_008,202609,24.38
CA_2,FOODS_1_008,202610,24.38
CA_2,FOODS_1_008,202611,24.38
CA_2,FOODS_1_008,202612,21.94
CA_2,FOODS_1_009,202512,22.9
CA_2,FOODS_1_009,202513,21.75
CA_2,FOODS_1_009,202514,22.9
CA_2,FOODS_1_009,202515,22.9
CA_2,FOODS_1_009,202516,22.9
CA_2,FOODS_1_009,202517,21.75
CA_2,FOODS_1_009,202518,20.61
CA_2,FOODS_1_009,202519,22.9
CA_2,FOODS_1_009,202520,22.9
CA_2,FOODS_1_009,202521,20.61
CA_2,FOODS_1_009,202522,22.9
CA_2,FOODS_1_009,202523,22.9
CA_2,FOODS_1_009,202524,22.9
CA_2,FOODS_1_009,202525,24.04
CA_2,FOODS_1_009,202526,22.9
CA_2,FOODS_1_009,202527,22.9
CA_2,FOODS_1_009,202528,21.75
CA_2,FOODS_1_009,202529,22.9
CA_2,FOODS_1_009,202530,22.9
CA_2,FOODS_1_009,202531,22.9
CA_2,FOODS_1_009,202532,24.04
CA_2,FOODS_1_009,202533,22.9
CA_2,FOODS_1_009,202534,21.75
CA_2,FOODS_1_009,202535,22.9
CA_2,FOODS_1_009,202536,22.9
CA_2,FOODS_1_009,202537,22.9
CA_2,FOODS_1_009,202538,22.9
CA_2,FOODS_1_009,202539,22.9
CA_2,FOODS_1_009,202540,22.9
CA_2,FOODS_1_009,202541,22.9
CA_2,FOODS_1_009,202542,22.9
CA_2,FOODS_1_009,202543,24.04
CA_2,FOODS_1_009,202544,21.75
CA_2,FOODS_1_009,202545,24.04
CA_2,FOODS_1_009,202546,21.75
CA_2,FOODS_1_009,202547,22.9
CA_2,FOODS_1_009,202548,21.75
CA_2,FOODS_1_009,202549,20.61
CA_2,FOODS_1_009,202550,20.61
CA_2,FOODS_1_009,202551,22.9
CA_2,FOODS_1_009,202552,22.9
CA_2,FOODS_1_009,202501,22.9
CA_2,FOODS_1_009,202601,22.9
CA_2,FOODS_1_009,202602,22.9
CA_2,FOODS_1_009,202603,22.9
CA_2,FOODS_1_009,202604,22.9
CA_2,FOODS_1_009,202605,20.61
CA_2,FOODS_1_009,202606,22.9
CA_2,FOODS_1_009,202607,22.9
CA_2,FOODS_1_009,202608,20.61
CA_2,FOODS_1_009,202609,22.9
CA_2,FOODS_1_009,202610,22.9
CA_2,FOODS_1_009,202611,20.61
CA_2,FOODS_1_009,202612,22.9
CA_2,FOODS_1_010,202512,18.06
CA_2,FOODS_1_010,202513,18.06
CA_2,FOODS_1_010,202514,18.06
CA_2,FOODS_1_010,202515,16.26
CA_2,FOODS_1_010,202516,18.06
CA_2,FOODS_1_010,202517,18.97
CA_2,FOODS_1_010,202518,18.06
CA_2,FOODS_1_010,202519,18.97
CA_2,FOODS_1_010,202520,18.06
CA_2,FOODS_1_010,202521,18.06
CA_2,FOODS_1_010,202522,18.06
CA_2,FOODS_1_010,202523,17.16
CA_2,FOODS_1_010,202524,18.06
CA_2,FOODS_1_010,202525,18.97
CA_2,FOODS_1_010,202526,18.06
CA_2,FOODS_1_010,202527,18.06
CA_2,FOODS_1_010,202528,18.06
CA_2,FOODS_1_010,202529,17.16
CA_2,FOODS_1_010,202530,18.06
CA_2,FOODS_1_010,202531,18.06
CA_2,FOODS_1_010,202532,17.16
CA_2,FOODS_1_010,202533,18.06
CA_2,FOODS_1_010,202534,18.06
CA_2,FOODS_1_010,202535,18.97
CA_2,FOODS_1_010,202536,16.26
CA_2,FOODS_1_010,202537,18.06
CA_2,FOODS_1_010,202538,18.06
CA_2,FOODS_1_010,202539,16.26
CA_2,FOODS_1_010,202540,18.06
CA_2,FOODS_1_010,202541,18.06
CA_2,FOODS_1_010,202542,18.06
CA_2,FOODS_1_010,202543,18.06
CA_2,FOODS_1_010,202544,18.06
CA_2,FOODS_1_010,202545,17.16
CA_2,FOODS_1_010,202546,17.16
CA_2,FOODS_1_010,202547,18.06
CA_2,FOODS_1_010,202548,18.06
CA_2,FOODS_1_010,202549,18.06
CA_2,FOODS_1_010,202550,18.06
CA_2,FOODS_1_010,202551,16.26
CA_2,FOODS_1_010,202552,18.06
CA_2,FOODS_1_010,202501,18.06
CA_2,FOODS_1_010,202601,18.06
CA_2,FOODS_1_010,202602,18.97
CA_2,FOODS_1_010,202603,18.06
CA_2,FOODS_1_010,202604,18.06
CA_2,FOODS_1_010,202605,17.16
CA_2,FOODS_1_010,202606,17.16
CA_2,FOODS_1_010,202607,18.06
CA_2,FOODS_1_010,202608,17.16
CA_2,FOODS_1_010,202609,18.97
CA_2,FOODS_1_010,202610,18.06
CA_2,FOODS_1_010,202611,18.06
CA_2,FOODS_1_010,202612,18.06
CA_2,HOBBIES_2_001,202512,19.09
CA_2,HOBBIES_2_001,202513,19.09
CA_2,HOBBIES_2_001,202514,19.09
CA_2,HOBBIES_2_001,202515,19.09
CA_2,HOBBIES_2_001,202516,19.09
CA_2,HOBBIES_2_001,202517,18.14
CA_2,HOBBIES_2_001,202518,19.09
CA_2,HOBBIES_2_001,202519,18.14
CA_2,HOBBIES_2_001,202520,18.14
CA_2,HOBBIES_2_001,202521,19.09
CA_2,HOBBIES_2_001,202522,20.05
CA_2,HOBBIES_2_001,202523,19.09
CA_2,HOBBIES_2_001,202524,19.09
CA_2,HOBBIES_2_001,202525,19.09
CA_2,HOBBIES_2_001,202526,18.14
CA_2,HOBBIES_2_001,202527,19.09
CA_2,HOBBIES_2_001,202528,17.18
CA_2,HOBBIES_2_001,202529,19.09
CA_2,HOBBIES_2_001,202530,19.09
CA_2,HOBBIES_2_001,202531,19.09
CA_2,HOBBIES_2_001,202532,19.09
CA_2,HOBBIES_2_001,202533,19.09
CA_2,HOBBIES_2_001,202534,19.09
CA_2,HOBBIES_2_001,202535,19.09
CA_2,HOBBIES_2_001,202536,19.09
CA_2,HOBBIES_2_001,202537,19.09
CA_2,HOBBIES_2_001,202538,20.05
CA_2,HOBBIES_2_001,202539,19.09
CA_2,HOBBIES_2_001,202540,19.09
CA_2,HOBBIES_2_001,202541,18.14
CA_2,HOBBIES_2_001,202542,18.14
CA_2,HOBBIES_2_001,202543,19.09
CA_2,HOBBIES_2_001,202544,20.05
CA_2,HOBBIES_2_001,202545,20.05
CA_2,HOBBIES_2_001,202546,19.09
CA_2,HOBBIES_2_001,202547,19.09
CA_2,HOBBIES_2_001,202548,19.09
CA_2,HOBBIES_2_001,202549,19.09
CA_2,HOBBIES_2_001,202550,19.09
CA_2,HOBBIES_2_001,202551,19.09
CA_2,HOBBIES_2_001,202552,18.14
CA_2,HOBBIES_2_001,202501,18.14
CA_2,HOBBIES_2_001,202601,18.14
CA_2,HOBBIES_2_001,202602,19.09
CA_2,HOBBIES_2_001,202603,19.09
CA_2,HOBBIES_2_001,202604,17.18
CA_2,HOBBIES_2_001,202605,19.09
CA_2,HOBBIES_2_001,202606,19.09
CA_2,HOBBIES_2_001,202607,19.09
CA_2,HOBBIES_2_001,202608,17.18
CA_2,HOBBIES_2_001,202609,18.14
CA_2,HOBBIES_2_001,202610,19.09
CA_2,HOBBIES_2_001,202611,19.09
CA_2,HOBBIES_2_001,202612,19.09
CA_2,HOBBIES_2_002,202512,23.64
CA_2,HOBBIES_2_002,202513,22.52
CA_2,HOBBIES_2_002,202514,22.52
CA_2,HOBBIES_2_002,202515,22.52
CA_2,HOBBIES_2_002,202516,22.52
CA_2,HOBBIES_2_002,202517,22.52
CA_2,HOBBIES_2_002,202518,21.39
CA_2,HOBBIES_2_002,202519,22.52
CA_2,HOBBIES_2_002,202520,22.52
CA_2,HOBBIES_2_002,202521,22.52
CA_2,HOBBIES_2_002,202522,22.52
CA_2,HOBBIES_2_002,202523,23.64
CA_2,HOBBIES_2_002,202524,22.52
CA_2,HOBBIES_2_002,202525,22.52
CA_2,HOBBIES_2_002,202526,22.52
CA_2,HOBBIES_2_002,202527,20.27
CA_2,HOBBIES_2_002,202528,22.52
CA_2,HOBBIES_2_002,202529,20.27
CA_2,HOBBIES_2_002,202530,22.52
CA_2,HOBBIES_2_002,202531,22.52
CA_2,HOBBIES_2_002,202532,21.39
CA_2,HOBBIES_2_002,202533,22.52
CA_2,HOBBIES_2_002,202534,22.52
CA_2,HOBBIES_2_002,202535,22.52
CA_2,HOBBIES_2_002,202536,22.52
CA_2,HOBBIES_2_002,202537,20.27
CA_2,HOBBIES_2_002,202538,22.52
CA_2,HOBBIES_2_002,202539,21.39
CA_2,HOBBIES_2_002,202540,22.52
CA_2,HOBBIES_2_002,202541,22.52
CA_2,HOBBIES_2_002,202542,22.52
CA_2,HOBBIES_2_002,202543,23.64
CA_2,HOBBIES_2_002,202544,22.52
CA_2,HOBBIES_2_002,202545,22.52
CA_2,HOBBIES_2_002,202546,22.52
CA_2,HOBBIES_2_002,202547,22.52
CA_2,HOBBIES_2_002,202548,22.52
CA_2,HOBBIES_2_002,202549,21.39
CA_2,HOBBIES_2_002,202550,22.52
CA_2,HOBBIES_2_002,202551,22.52
CA_2,HOBBIES_2_002,202552,20.27
CA_2,HOBBIES_2_002,202501,22.52
CA_2,HOBBIES_2_002,202601,22.52
CA_2,HOBBIES_2_002,202602,22.52
CA_2,HOBBIES_2_002,202603,22.52
CA_2,HOBBIES_2_002,202604,22.52
CA_2,HOBBIES_2_002,202605,23.64
CA_2,HOBBIES_2_002,202606,22.52
CA_2,HOBBIES_2_002,202607,22.52
CA_2,HOBBIES_2_002,202608,21.39
CA_2,HOBBIES_2_002,202609,22.52
CA_2,HOBBIES_2_002,202610,22.52
CA_2,HOBBIES_2_002,202611,22.52
CA_2,HOBBIES_2_002,202612,22.52
CA_2,HOBBIES_2_003,202512,19.66
CA_2,HOBBIES_2_003,202513,20.69
CA_2,HOBBIES_2_003,202514,20.69
CA_2,HOBBIES_2_003,202515,20.69
CA_2,HOBBIES_2_003,202516,21.73
CA_2,HOBBIES_2_003,202517,20.69
CA_2,HOBBIES_2_003,202518,20.69
CA_2,HOBBIES_2_003,202519,20.69
CA_2,HOBBIES_2_003,202520,19.66
CA_2,HOBBIES_2_003,202521,20.69
CA_2,HOBBIES_2_003,202522,20.69
CA_2,HOBBIES_2_003,202523,21.73
CA_2,HOBBIES_2_003,202524,18.62
CA_2,HOBBIES_2_003,202525,20.69
CA_2,HOBBIES_2_003,202526,20.69
CA_2,HOBBIES_2_003,202527,20.69
CA_2,HOBBIES_2_003,202528,20.69
CA_2,HOBBIES_2_003,202529,20.69
CA_2,HOBBIES_2_003,202530,20.69
CA_2,HOBBIES_2_003,202531,20.69
CA_2,HOBBIES_2_003,202532,20.69
CA_2,HOBBIES_2_003,202533,20.69
CA_2,HOBBIES_2_003,202534,20.69
CA_2,HOBBIES_2_003,202535,20.69
CA_2,HOBBIES_2_003,202536,20.69
CA_2,HOBBIES_2_003,202537,20.69
CA_2,HOBBIES_2_003,202538,18.62
CA_2,HOBBIES_2_003,202539,19.66
CA_2,HOBBIES_2_003,202540,21.73
CA_2,HOBBIES_2_003,202541,20.69
CA_2,HOBBIES_2_003,202542,20.69
CA_2,HOBBIES_2_003,202543,21.73
CA_2,HOBBIES_2_003,202544,20.69
CA_2,HOBBIES_2_003,202545,19.66
CA_2,HOBBIES_2_003,202546,20.69
CA_2,HOBBIES_2_003,202547,20.69
CA_2,HOBBIES_2_003,202548,20.69
CA_2,HOBBIES_2_003,202549,21.73
CA_2,HOBBIES_2_003,202550,20.69
CA_2,HOBBIES_2_003,202551,20.69
CA_2,HOBBIES_2_003,202552,20.69
CA_2,HOBBIES_2_003,202501,19.66
CA_2,HOBBIES_2_003,202601,18.62
CA_2,HOBBIES_2_003,202602,20.69
CA_2,HOBBIES_2_003,202603,19.66
CA_2,HOBBIES_2_003,202604,20.69
CA_2,HOBBIES_2_003,202605,20.69
CA_2,HOBBIES_2_003,202606,20.69
CA_2,HOBBIES_2_003,202607,20.69
CA_2,HOBBIES_2_003,202608,20.69
CA_2,HOBBIES_2_003,202609,19.66
CA_2,HOBBIES_2_003,202610,21.73
CA_2,HOBBIES_2_003,202611,20.69
CA_2,HOBBIES_2_003,202612,21.73
CA_2,HOBBIES_2_004,202512,27.36
CA_2,HOBBIES_2_004,202513,27.36
CA_2,HOBBIES_2_004,202514,24.63
CA_2,HOBBIES_2_004,202515,27.36
CA_2,HOBBIES_2_004,202516,24.63
CA_2,HOBBIES_2_004,202517,27.36
CA_2,HOBBIES_2_004,202518,27.36
CA_2,HOBBIES_2_004,202519,27.36
CA_2,HOBBIES_2_004,202520,27.36
CA_2,HOBBIES_2_004,202521,27.36
CA_2,HOBBIES_2_004,202522,24.63
CA_2,HOBBIES_2_004,202523,27.36
CA_2,HOBBIES_2_004,202524,27.36
CA_2,HOBBIES_2_004,202525,27.36
CA_2,HOBBIES_2_004,202526,27.36
CA_2,HOBBIES_2_004,202527,27.36
CA_2,HOBBIES_2_004,202528,24.63
CA_2,HOBBIES_2_004,202529,27.36
CA_2,HOBBIES_2_004,202530,27.36
CA_2,HOBBIES_2_004,202531,27.36
CA_2,HOBBIES_2_004,202532,27.36
CA_2,HOBBIES_2_004,202533,28.73
CA_2,HOBBIES_2_004,202534,26.0
CA_2,HOBBIES_2_004,202535,27.36
CA_2,HOBBIES_2_004,202536,27.36
CA_2,HOBBIES_2_004,202537,27.36
CA_2,HOBBIES_2_004,202538,27.36
CA_2,HOBBIES_2_004,202539,27.36
CA_2,HOBBIES_2_004,202540,27.36
CA_2,HOBBIES_2_004,202541,27.36
CA_2,HOBBIES_2_004,202542,26.0
CA_2,HOBBIES_2_004,202543,27.36
CA_2,HOBBIES_2_004,202544,27.36
CA_2,HOBBIES_2_004,202545,27.36
CA_2,HOBBIES_2_004,202546,27.36
CA_2,HOBBIES_2_004,202547,28.73
CA_2,HOBBIES_2_004,202548,27.36
CA_2,HOBBIES_2_004,202549,27.36
CA_2,HOBBIES_2_004,202550,28.73
CA_2,HOBBIES_2_004,202551,27.36
CA_2,HOBBIES_2_004,202552,27.36
CA_2,HOBBIES_2_004,202501,27.36
CA_2,HOBBIES_2_004,202601,27.36
CA_2,HOBBIES_2_004,202602,27.36
CA_2,HOBBIES_2_004,202603,27.36
CA_2,HOBBIES_2_004,202604,28.73
CA_2,HOBBIES_2_004,202605,27.36
CA_2,HOBBIES_2_004,202606,26.0
CA_2,HOBBIES_2_004,202607,28.73
CA_2,HOBBIES_2_004,202608,28.73
CA_2,HOBBIES_2_004,202609,27.36
CA_2,HOBBIES_2_004,202610,27.36
CA_2,HOBBIES_2_004,202611,28.73
CA_2,HOBBIES_2_004,202612,27.36
CA_2,HOBBIES_2_005,202512,26.26
CA_2,HOBBIES_2_005,202513,27.64
CA_2,HOBBIES_2_005,202514,27.64
CA_2,HOBBIES_2_005,202515,27.64
CA_2,HOBBIES_2_005,202516,27.64
CA_2,HOBBIES_2_005,202517,27.64
CA_2,HOBBIES_2_005,202518,27.64
CA_2,HOBBIES_2_005,202519,26.26
CA_2,HOBBIES_2_005,202520,27.64
CA_2,HOBBIES_2_005,202521,24.88
CA_2,HOBBIES_2_005,202522,29.03
CA_2,HOBBIES_2_005,202523,27.64
CA_2,HOBBIES_2_005,202524,27.64
CA_2,HOBBIES_2_005,202525,27.64
CA_2,HOBBIES_2_005,202526,29.03
CA_2,HOBBIES_2_005,202527,24.88
CA_2,HOBBIES_2_005,202528,27.64
CA_2,HOBBIES_2_005,202529,27.64
CA_2,HOBBIES_2_005,202530,27.64
CA_2,HOBBIES_2_005,202531,27.64
CA_2,HOBBIES_2_005,202532,29.03
CA_2,HOBBIES_2_005,202533,26.26
CA_2,HOBBIES_2_005,202534,24.88
CA_2,HOBBIES_2_005,202535,24.88
CA_2,HOBBIES_2_005,202536,27.64
CA_2,HOBBIES_2_005,202537,27.64
CA_2,HOBBIES_2_005,202538,27.64
CA_2,HOBBIES_2_005,202539,27.64
CA_2,HOBBIES_2_005,202540,27.64
CA_2,HOBBIES_2_005,202541,27.64
CA_2,HOBBIES_2_005,202542,27.64
CA_2,HOBBIES_2_005,202543,27.64
CA_2,HOBBIES_2_005,202544,27.64
CA_2,HOBBIES_2_005,202545,27.64
CA_2,HOBBIES_2_005,202546,27.64
CA_2,HOBBIES_2_005,202547,24.88
CA_2,HOBBIES_2_005,202548,27.64
CA_2,HOBBIES_2_005,202549,26.26
CA_2,HOBBIES_2_005,202550,27.64
CA_2,HOBBIES_2_005,202551,26.26
CA_2,HOBBIES_2_005,202552,29.03
CA_2,HOBBIES_2_005,202501,27.64
CA_2,HOBBIES_2_005,202601,24.88
CA_2,HOBBIES_2_005,202602,27.64
CA_2,HOBBIES_2_005,202603,27.64
CA_2,HOBBIES_2_005,202604,27.64
CA_2,HOBBIES_2_005,202605,26.26
CA_2,HOBBIES_2_005,202606,27.64
CA_2,HOBBIES_2_005,202607,27.64
CA_2,HOBBIES_2_005,202608,27.64
CA_2,HOBBIES_2_005,202609,27.64
CA_2,HOBBIES_2_005,202610,27.64
CA_2,HOBBIES_2_005,202611,27.64
CA_2,HOBBIES_2_005,202612,27.64
CA_2,HOBBIES_2_006,202512,5.11
CA_2,HOBBIES_2_006,202513,5.11
CA_2,HOBBIES_2_006,202514,5.11
CA_2,HOBBIES_2_006,202515,5.11
CA_2,HOBBIES_2_006,202516,5.11
CA_2,HOBBIES_2_006,202517,5.11
CA_2,HOBBIES_2_006,202518,5.11
CA_2,HOBBIES_2_006,202519,5.11
CA_2,HOBBIES_2_006,202520,5.11
CA_2,HOBBIES_2_006,202521,5.11
CA_2,HOBBIES_2_006,202522,5.11
CA_2,HOBBIES_2_006,202523,5.11
CA_2,HOBBIES_2_006,202524,5.11
CA_2,HOBBIES_2_006,202525,5.11
CA_2,HOBBIES_2_006,202526,5.11
CA_2,HOBBIES_2_006,202527,4.85
CA_2,HOBBIES_2_006,202528,4.85
CA_2,HOBBIES_2_006,202529,5.11
CA_2,HOBBIES_2_006,202530,5.11
CA_2,HOBBIES_2_006,202531,5.11
CA_2,HOBBIES_2_006,202532,5.11
CA_2,HOBBIES_2_006,202533,5.36
CA_2,HOBBIES_2_006,202534,4.85
CA_2,HOBBIES_2_006,202535,5.11
CA_2,HOBBIES_2_006,202536,5.11
CA_2,HOBBIES_2_006,202537,4.85
CA_2,HOBBIES_2_006,202538,5.11
CA_2,HOBBIES_2_006,202539,5.11
CA_2,HOBBIES_2_006,202540,5.11
CA_2,HOBBIES_2_006,202541,4.85
CA_2,HOBBIES_2_006,202542,5.11
CA_2,HOBBIES_2_006,202543,4.6
CA_2,HOBBIES_2_006,202544,5.11
CA_2,HOBBIES_2_006,202545,5.11
CA_2,HOBBIES_2_006,202546,5.11
CA_2,HOBBIES_2_006,202547,5.11
CA_2,HOBBIES_2_006,202548,5.11
CA_2,HOBBIES_2_006,202549,5.11
CA_2,HOBBIES_2_006,202550,4.85
CA_2,HOBBIES_2_006,202551,5.11
CA_2,HOBBIES_2_006,202552,5.11
CA_2,HOBBIES_2_006,202501,5.11
CA_2,HOBBIES_2_006,202601,5.11
CA_2,HOBBIES_2_006,202602,5.11
CA_2,HOBBIES_2_006,202603,4.6
CA_2,HOBBIES_2_006,202604,5.11
CA_2,HOBBIES_2_006,202605,5.11
CA_2,HOBBIES_2_006,202606,5.11
CA_2,HOBBIES_2_006,202607,5.11
CA_2,HOBBIES_2_006,202608,5.11
CA_2,HOBBIES_2_006,202609,4.6
CA_2,HOBBIES_2_006,202610,5.36
CA_2,HOBBIES_2_006,202611,5.11
CA_2,HOBBIES_2_006,202612,5.11
CA_2,HOBBIES_2_007,202512,22.85
CA_2,HOBBIES_2_007,202513,22.85
CA_2,HOBBIES_2_007,202514,22.85
CA_2,HOBBIES_2_007,202515,20.56
CA_2,HOBBIES_2_007,202516,23.99
CA_2,HOBBIES_2_007,202517,20.56
CA_2,HOBBIES_2_007,202518,22.85
CA_2,HOBBIES_2_007,202519,22.85
CA_2,HOBBIES_2_007,202520,23.99
CA_2,HOBBIES_2_007,202521,22.85
CA_2,HOBBIES_2_007,202522,22.85
CA_2,HOBBIES_2_007,202523,22.85
CA_2,HOBBIES_2_007,202524,22.85
CA_2,HOBBIES_2_007,202525,22.85
CA_2,HOBBIES_2_007,202526,22.85
CA_2,HOBBIES_2_007,202527,22.85
CA_2,HOBBIES_2_007,202528,23.99
CA_2,HOBBIES_2_007,202529,22.85
CA_2,HOBBIES_2_007,202530,22.85
CA_2,HOBBIES_2_007,202531,22.85
CA_2,HOBBIES_2_007,202532,22.85
CA_2,HOBBIES_2_007,202533,23.99
CA_2,HOBBIES_2_007,202534,23.99
CA_2,HOBBIES_2_007,202535,22.85
CA_2,HOBBIES_2_007,202536,20.56
CA_2,HOBBIES_2_007,202537,20.56
CA_2,HOBBIES_2_007,202538,23.99
CA_2,HOBBIES_2_007,202539,22.85
CA_2,HOBBIES_2_007,202540,23.99
CA_2,HOBBIES_2_007,202541,22.85
CA_2,HOBBIES_2_007,202542,21.7
CA_2,HOBBIES_2_007,202543,21.7
CA_2,HOBBIES_2_007,202544,20.56
CA_2,HOBBIES_2_007,202545,22.85
CA_2,HOBBIES_2_007,202546,20.56
CA_2,HOBBIES_2_007,202547,22.85
CA_2,HOBBIES_2_007,202548,22.85
CA_2,HOBBIES_2_007,202549,21.7
CA_2,HOBBIES_2_007,202550,22.85
CA_2,HOBBIES_2_007,202551,22.85
CA_2,HOBBIES_2_007,202552,22.85
CA_2,HOBBIES_2_007,202501,21.7
CA_2,HOBBIES_2_007,202601,22.85
CA_2,HOBBIES_2_007,202602,22.85
CA_2,HOBBIES_2_007,202603,22.85
CA_2,HOBBIES_2_007,202604,22.85
CA_2,HOBBIES_2_007,202605,22.85
CA_2,HOBBIES_2_007,202606,20.56
CA_2,HOBBIES_2_007,202607,23.99
CA_2,HOBBIES_2_007,202608,22.85
CA_2,HOBBIES_2_007,202609,22.85
CA_2,HOBBIES_2_007,202610,21.7
CA_2,HOBBIES_2_007,202611,22.85
CA_2,HOBBIES_2_007,202612,20.56
CA_2,HOBBIES_2_008,202512,12.96
CA_2,HOBBIES_2_008,202513,13.64
CA_2,HOBBIES_2_008,202514,14.32
CA_2,HOBBIES_2_008,202515,13.64
CA_2,HOBBIES_2_008,202516,13.64
CA_2,HOBBIES_2_008,202517,13.64
CA_2,HOBBIES_2_008,202518,12.96
CA_2,HOBBIES_2_008,202519,14.32
CA_2,HOBBIES_2_008,202520,12.96
CA_2,HOBBIES_2_008,202521,12.27
CA_2,HOBBIES_2_008,202522,13.64
CA_2,HOBBIES_2_008,202523,13.64
CA_2,HOBBIES_2_008,202524,13.64
CA_2,HOBBIES_2_008,202525,12.27
CA_2,HOBBIES_2_008,202526,13.64
CA_2,HOBBIES_2_008,202527,12.27
CA_2,HOBBIES_2_008,202528,14.32
CA_2,HOBBIES_2_008,202529,13.64
CA_2,HOBBIES_2_008,202530,13.64
CA_2,HOBBIES_2_008,202531,13.64
CA_2,HOBBIES_2_008,202532,13.64
CA_2,HOBBIES_2_008,202533,13.64
CA_2,HOBBIES_2_008,202534,13.64
CA_2,HOBBIES_2_008,202535,13.64
CA_2,HOBBIES_2_008,202536,13.64
CA_2,HOBBIES_2_008,202537,13.64
CA_2,HOBBIES_2_008,202538,13.64
CA_2,HOBBIES_2_008,202539,13.64
CA_2,HOBBIES_2_008,202540,13.64
CA_2,HOBBIES_2_008,202541,12.96
CA_2,HOBBIES_2_008,202542,14.32
CA_2,HOBBIES_2_008,202543,13.64
CA_2,HOBBIES_2_008,202544,13.64
CA_2,HOBBIES_2_008,202545,13.64
CA_2,HOBBIES_2_008,202546,13.64
CA_2,HOBBIES_2_008,202547,13.64
CA_2,HOBBIES_2_008,202548,14.32
CA_2,HOBBIES_2_008,202549,13.64
CA_2,HOBBIES_2_008,202550,13.64
CA_2,HOBBIES_2_008,202551,12.27
CA_2,HOBBIES_2_008,202552,14.32
CA_2,HOBBIES_2_008,202501,13.64
CA_2,HOBBIES_2_008,202601,13.64
CA_2,HOBBIES_2_008,202602,13.64
CA_2,HOBBIES_2_008,202603,13.64
CA_2,HOBBIES_2_008,202604,13.64
CA_2,HOBBIES_2_008,202605,13.64
CA_2,HOBBIES_2_008,202606,13.64
CA_2,HOBBIES_2_008,202607,13.64
CA_2,HOBBIES_2_008,202608,13.64
CA_2,HOBBIES_2_008,202609,13.64
CA_2,HOBBIES_2_008,202610,13.64
CA_2,HOBBIES_2_008,202611,14.32
CA_2,HOBBIES_2_008,202612,13.64
CA_2,HOBBIES_2_009,202512,15.41
CA_2,HOBBIES_2_009,202513,13.87
CA_2,HOBBIES_2_009,202514,15.41
CA_2,HOBBIES_2_009,202515,16.18
CA_2,HOBBIES_2_009,202516,14.64
CA_2,HOBBIES_2_009,202517,15.41
CA_2,HOBBIES_2_009,202518,15.41
CA_2,HOBBIES_2_009,202519,15.41
CA_2,HOBBIES_2_009,202520,15.41
CA_2,HOBBIES_2_009,202521,14.64
CA_2,HOBBIES_2_009,202522,15.41
CA_2,HOBBIES_2_009,202523,15.41
CA_2,HOBBIES_2_009,202524,13.87
CA_2,HOBBIES_2_009,202525,15.41
CA_2,HOBBIES_2_009,202526,15.41
CA_2,HOBBIES_2_009,202527,14.64
CA_2,HOBBIES_2_009,202528,15.41
CA_2,HOBBIES_2_009,202529,15.41
CA_2,HOBBIES_2_009,202530,15.41
CA_2,HOBBIES_2_009,202531,15.41
CA_2,HOBBIES_2_009,202532,14.64
CA_2,HOBBIES_2_009,202533,15.41
CA_2,HOBBIES_2_009,202534,15.41
CA_2,HOBBIES_2_009,202535,14.64
CA_2,HOBBIES_2_009,202536,14.64
CA_2,HOBBIES_2_009,202537,15.41
CA_2,HOBBIES_2_009,202538,13.87
CA_2,HOBBIES_2_009,202539,15.41
CA_2,HOBBIES_2_009,202540,15.41
CA_2,HOBBIES_2_009,202541,15.41
CA_2,HOBBIES_2_009,202542,15.41
CA_2,HOBBIES_2_009,202543,15.41
CA_2,HOBBIES_2_009,202544,15.41
CA_2,HOBBIES_2_009,202545,13.87
CA_2,HOBBIES_2_009,202546,13.87
CA_2,HOBBIES_2_009,202547,15.41
CA_2,HOBBIES_2_009,202548,15.41
CA_2,HOBBIES_2_009,202549,15.41
CA_2,HOBBIES_2_009,202550,15.41
CA_2,HOBBIES_2_009,202551,16.18
CA_2,HOBBIES_2_009,202552,15.41
CA_2,HOBBIES_2_009,202501,15.41
CA_2,HOBBIES_2_009,202601,15.41
CA_2,HOBBIES_2_009,202602,15.41
CA_2,HOBBIES_2_009,202603,14.64
CA_2,HOBBIES_2_009,202604,16.18
CA_2,HOBBIES_2_009,202605,15.41
CA_2,HOBBIES_2_009,202606,14.64
CA_2,HOBBIES_2_009,202607,15.41
CA_2,HOBBIES_2_009,202608,15.41
CA_2,HOBBIES_2_009,202609,15.41
CA_2,HOBBIES_2_009,202610,15.41
CA_2,HOBBIES_2_009,202611,16.18
CA_2,HOBBIES_2_009,202612,15.41
CA_2,HOBBIES_2_010,202512,9.31
CA_2,HOBBIES_2_010,202513,9.31
CA_2,HOBBIES_2_010,202514,9.31
CA_2,HOBBIES_2_010,202515,9.31
CA_2,HOBBIES_2_010,202516,9.77
CA_2,HOBBIES_2_010,202517,9.31
CA_2,HOBBIES_2_010,202518,9.31
CA_2,HOBBIES_2_010,202519,9.31
CA_2,HOBBIES_2_010,202520,9.31
CA_2,HOBBIES_2_010,202521,9.31
CA_2,HOBBIES_2_010,202522,9.31
CA_2,HOBBIES_2_010,202523,9.31
CA_2,HOBBIES_2_010,202524,8.84
CA_2,HOBBIES_2_010,202525,8.38
CA_2,HOBBIES_2_010,202526,9.31
CA_2,HOBBIES_2_010,202527,8.38
CA_2,HOBBIES_2_010,202528,9.31
CA_2,HOBBIES_2_010,202529,9.31
CA_2,HOBBIES_2_010,202530,9.31
CA_2,HOBBIES_2_010,202531,8.84
CA_2,HOBBIES_2_010,202532,8.84
CA_2,HOBBIES_2_010,202533,9.31
CA_2,HOBBIES_2_010,202534,9.31
CA_2,HOBBIES_2_010,202535,9.31
CA_2,HOBBIES_2_010,202536,9.31
CA_2,HOBBIES_2_010,202537,9.31
CA_2,HOBBIES_2_010,202538,9.31
CA_2,HOBBIES_2_010,202539,9.31
CA_2,HOBBIES_2_010,202540,9.31
CA_2,HOBBIES_2_010,202541,9.31
CA_2,HOBBIES_2_010,202542,9.77
CA_2,HOBBIES_2_010,202543,9.31
CA_2,HOBBIES_2_010,202544,9.31
CA_2,HOBBIES_2_010,202545,9.31
CA_2,HOBBIES_2_010,202546,9.31
CA_2,HOBBIES_2_010,202547,9.31
CA_2,HOBBIES_2_010,202548,9.77
CA_2,HOBBIES_2_010,202549,9.31
CA_2,HOBBIES_2_010,202550,8.84
CA_2,HOBBIES_2_010,202551,9.77
CA_2,HOBBIES_2_010,202552,9.31
CA_2,HOBBIES_2_010,202501,9.77
CA_2,HOBBIES_2_010,202601,9.31
CA_2,HOBBIES_2_010,202602,9.31
CA_2,HOBBIES_2_010,202603,8.38
CA_2,HOBBIES_2_010,202604,9.77
CA_2,HOBBIES_2_010,202605,9.31
CA_2,HOBBIES_2_010,202606,9.31
CA_2,HOBBIES_2_010,202607,9.77
CA_2,HOBBIES_2_010,202608,9.31
CA_2,HOBBIES_2_010,202609,9.31
CA_2,HOBBIES_2_010,202610,9.31
CA_2,HOBBIES_2_010,202611,9.31
CA_2,HOBBIES_2_010,202612,9.31
CA_2,HOUSEHOLD_3_001,202512,28.21
CA_2,HOUSEHOLD_3_001,202513,28.21
CA_2,HOUSEHOLD_3_001,202514,26.8
CA_2,HOUSEHOLD_3_001,202515,28.21
CA_2,HOUSEHOLD_3_001,202516,28.21
CA_2,HOUSEHOLD_3_001,202517,28.21
CA_2,HOUSEHOLD_3_001,202518,25.39
CA_2,HOUSEHOLD_3_001,202519,28.21
CA_2,HOUSEHOLD_3_001,202520,28.21
CA_2,HOUSEHOLD_3_001,202521,26.8
CA_2,HOUSEHOLD_3_001,202522,25.39
CA_2,HOUSEHOLD_3_001,202523,28.21
CA_2,HOUSEHOLD_3_001,202524,28.21
CA_2,HOUSEHOLD_3_001,202525,28.21
CA_2,HOUSEHOLD_3_001,202526,25.39
CA_2,HOUSEHOLD_3_001,202527,28.21
CA_2,HOUSEHOLD_3_001,202528,28.21
CA_2,HOUSEHOLD_3_001,202529,25.39
CA_2,HOUSEHOLD_3_001,202530,29.62
CA_2,HOUSEHOLD_3_001,202531,28.21
CA_2,HOUSEHOLD_3_001,202532,26.8
CA_2,HOUSEHOLD_3_001,202533,28.21
CA_2,HOUSEHOLD_3_001,202534,28.21
CA_2,HOUSEHOLD_3_001,202535,28.21
CA_2,HOUSEHOLD_3_001,202536,25.39
CA_2,HOUSEHOLD_3_001,202537,28.21
CA_2,HOUSEHOLD_3_001,202538,28.21
CA_2,HOUSEHOLD_3_001,202539,29.62
CA_2,HOUSEHOLD_3_001,202540,25.39
CA_2,HOUSEHOLD_3_001,202541,28.21
CA_2,HOUSEHOLD_3_001,202542,28.21
CA_2,HOUSEHOLD_3_001,202543,28.21
CA_2,HOUSEHOLD_3_001,202544,28.21
CA_2,HOUSEHOLD_3_001,202545,28.21
CA_2,HOUSEHOLD_3_001,202546,25.39
CA_2,HOUSEHOLD_3_001,202547,28.21
CA_2,HOUSEHOLD_3_001,202548,28.21
CA_2,HOUSEHOLD_3_001,202549,28.21
CA_2,HOUSEHOLD_3_001,202550,28.21
CA_2,HOUSEHOLD_3_001,202551,28.21
CA_2,HOUSEHOLD_3_001,202552,28.21
CA_2,HOUSEHOLD_3_001,202501,26.8
CA_2,HOUSEHOLD_3_001,202601,28.21
CA_2,HOUSEHOLD_3_001,202602,29.62
CA_2,HOUSEHOLD_3_001,202603,28.21
CA_2,HOUSEHOLD_3_001,202604,28.21
CA_2,HOUSEHOLD_3_001,202605,28.21
CA_2,HOUSEHOLD_3_001,202606,28.21
CA_2,HOUSEHOLD_3_001,202607,28.21
CA_2,HOUSEHOLD_3_001,202608,28.21
CA_2,HOUSEHOLD_3_001,202609,28.21
CA_2,HOUSEHOLD_3_001,202610,29.62
CA_2,HOUSEHOLD_3_001,202611,26.8
CA_2,HOUSEHOLD_3_001,202612,28.21
CA_2,HOUSEHOLD_3_002,202512,21.48
CA_2,HOUSEHOLD_3_002,202513,21.48
CA_2,HOUSEHOLD_3_002,202514,20.46
CA_2,HOUSEHOLD_3_002,202515,18.41
CA_2,HOUSEHOLD_3_002,202516,20.46
CA_2,HOUSEHOLD_3_002,202517,20.46
CA_2,HOUSEHOLD_3_002,202518,20.46
CA_2,HOUSEHOLD_3_002,202519,20.46
CA_2,HOUSEHOLD_3_002,202520,20.46
CA_2,HOUSEHOLD_3_002,202521,20.46
CA_2,HOUSEHOLD_3_002,202522,18.41
CA_2,HOUSEHOLD_3_002,202523,21.48
CA_2,HOUSEHOLD_3_002,202524,18.41
CA_2,HOUSEHOLD_3_002,202525,20.46
CA_2,HOUSEHOLD_3_002,202526,20.46
CA_2,HOUSEHOLD_3_002,202527,20.46
CA_2,HOUSEHOLD_3_002,202528,20.46
CA_2,HOUSEHOLD_3_002,202529,20.46
CA_2,HOUSEHOLD_3_002,202530,18.41
CA_2,HOUSEHOLD_3_002,202531,20.46
CA_2,HOUSEHOLD_3_002,202532,19.43
CA_2,HOUSEHOLD_3_002,202533,20.46
CA_2,HOUSEHOLD_3_002,202534,20.46
CA_2,HOUSEHOLD_3_002,202535,20.46
CA_2,HOUSEHOLD_3_002,202536,20.46
CA_2,HOUSEHOLD_3_002,202537,20.46
CA_2,HOUSEHOLD_3_002,202538,19.43
CA_2,HOUSEHOLD_3_002,202539,20.46
CA_2,HOUSEHOLD_3_002,202540,20.46
CA_2,HOUSEHOLD_3_002,202541,20.46
CA_2,HOUSEHOLD_3_002,202542,20.46
CA_2,HOUSEHOLD_3_002,202543,20.46
CA_2,HOUSEHOLD_3_002,202544,20.46
CA_2,HOUSEHOLD_3_002,202545,18.41
CA_2,HOUSEHOLD_3_002,202546,20.46
CA_2,HOUSEHOLD_3_002,202547,20.46
CA_2,HOUSEHOLD_3_002,202548,20.46
CA_2,HOUSEHOLD_3_002,202549,20.46
CA_2,HOUSEHOLD_3_002,202550,20.46
CA_2,HOUSEHOLD_3_002,202551,20.46
CA_2,HOUSEHOLD_3_002,202552,21.48
CA_2,HOUSEHOLD_3_002,202501,20.46
CA_2,HOUSEHOLD_3_002,202601,20.46
CA_2,HOUSEHOLD_3_002,202602,20.46
CA_2,HOUSEHOLD_3_002,202603,20.46
CA_2,HOUSEHOLD_3_002,202604,20.46
CA_2,HOUSEHOLD_3_002,202605,20.46
CA_2,HOUSEHOLD_3_002,202606,20.46
CA_2,HOUSEHOLD_3_002,202607,18.41
CA_2,HOUSEHOLD_3_002,202608,20.46
CA_2,HOUSEHOLD_3_002,202609,20.46
CA_2,HOUSEHOLD_3_002,202610,21.48
CA_2,HOUSEHOLD_3_002,202611,20.46
CA_2,HOUSEHOLD_3_002,202612,20.46
CA_2,HOUSEHOLD_3_003,202512,23.85
CA_2,HOUSEHOLD_3_003,202513,26.5
CA_2,HOUSEHOLD_3_003,202514,26.5
CA_2,HOUSEHOLD_3_003,202515,26.5
CA_2,HOUSEHOLD_3_003,202516,26.5
CA_2,HOUSEHOLD_3_003,202517,26.5
CA_2,HOUSEHOLD_3_003,202518,26.5
CA_2,HOUSEHOLD_3_003,202519,23.85
CA_2,HOUSEHOLD_3_003,202520,27.82
CA_2,HOUSEHOLD_3_003,202521,26.5
CA_2,HOUSEHOLD_3_003,202522,25.17
CA_2,HOUSEHOLD_3_003,202523,26.5
CA_2,HOUSEHOLD_3_003,202524,26.5
CA_2,HOUSEHOLD_3_003,202525,25.17
CA_2,HOUSEHOLD_3_003,202526,23.85
CA_2,HOUSEHOLD_3_003,202527,26.5
CA_2,HOUSEHOLD_3_003,202528,26.5
CA_2,HOUSEHOLD_3_003,202529,27.82
CA_2,HOUSEHOLD_3_003,202530,27.82
CA_2,HOUSEHOLD_3_003,202531,26.5
CA_2,HOUSEHOLD_3_003,202532,26.5
CA_2,HOUSEHOLD_3_003,202533,26.5
CA_2,HOUSEHOLD_3_003,202534,25.17
CA_2,HOUSEHOLD_3_003,202535,26.5
CA_2,HOUSEHOLD_3_003,202536,26.5
CA_2,HOUSEHOLD_3_003,202537,26.5
CA_2,HOUSEHOLD_3_003,202538,26.5
CA_2,HOUSEHOLD_3_003,202539,26.5
CA_2,HOUSEHOLD_3_003,202540,26.5
CA_2,HOUSEHOLD_3_003,202541,26.5
CA_2,HOUSEHOLD_3_003,202542,26.5
CA_2,HOUSEHOLD_3_003,202543,26.5
CA_2,HOUSEHOLD_3_003,202544,23.85
CA_2,HOUSEHOLD_3_003,202545,26.5
CA_2,HOUSEHOLD_3_003,202546,25.17
CA_2,HOUSEHOLD_3_003,202547,26.5
CA_2,HOUSEHOLD_3_003,202548,26.5
CA_2,HOUSEHOLD_3_003,202549,26.5
CA_2,HOUSEHOLD_3_003,202550,25.17
CA_2,HOUSEHOLD_3_003,202551,26.5
CA_2,HOUSEHOLD_3_003,202552,26.5
CA_2,HOUSEHOLD_3_003,202501,26.5
CA_2,HOUSEHOLD_3_003,202601,26.5
CA_2,HOUSEHOLD_3_003,202602,26.5
CA_2,HOUSEHOLD_3_003,202603,27.82
CA_2,HOUSEHOLD_3_003,202604,23.85
CA_2,HOUSEHOLD_3_003,202605,26.5
CA_2,HOUSEHOLD_3_003,202606,26.5
CA_2,HOUSEHOLD_3_003,202607,26.5
CA_2,HOUSEHOLD_3_003,202608,26.5
CA_2,HOUSEHOLD_3_003,202609,23.85
CA_2,HOUSEHOLD_3_003,202610,26.5
CA_2,HOUSEHOLD_3_003,202611,26.5
CA_2,HOUSEHOLD_3_003,202612,27.82
CA_2,HOUSEHOLD_3_004,202512,25.47
CA_2,HOUSEHOLD_3_004,202513,25.47
CA_2,HOUSEHOLD_3_004,202514,25.47
CA_2,HOUSEHOLD_3_004,202515,25.47
CA_2,HOUSEHOLD_3_004,202516,25.47
CA_2,HOUSEHOLD_3_004,202517,25.47
CA_2,HOUSEHOLD_3_004,202518,25.47
CA_2,HOUSEHOLD_3_004,202519,25.47
CA_2,HOUSEHOLD_3_004,202520,26.74
CA_2,HOUSEHOLD_3_004,202521,22.92
CA_2,HOUSEHOLD_3_004,202522,25.47
CA_2,HOUSEHOLD_3_004,202523,25.47
CA_2,HOUSEHOLD_3_004,202524,25.47
CA_2,HOUSEHOLD_3_004,202525,26.74
CA_2,HOUSEHOLD_3_004,202526,25.47
CA_2,HOUSEHOLD_3_004,202527,24.19
CA_2,HOUSEHOLD_3_004,202528,25.47
CA_2,HOUSEHOLD_3_004,202529,25.47
CA_2,HOUSEHOLD_3_004,202530,25.47
CA_2,HOUSEHOLD_3_004,202531,25.47
CA_2,HOUSEHOLD_3_004,202532,24.19
CA_2,HOUSEHOLD_3_004,202533,25.47
CA_2,HOUSEHOLD_3_004,202534,25.47
CA_2,HOUSEHOLD_3_004,202535,24.19
CA_2,HOUSEHOLD_3_004,202536,22.92
CA_2,HOUSEHOLD_3_004,202537,25.47
CA_2,HOUSEHOLD_3_004,202538,25.47
CA_2,HOUSEHOLD_3_004,202539,26.74
CA_2,HOUSEHOLD_3_004,202540,25.47
CA_2,HOUSEHOLD_3_004,202541,24.19
CA_2,HOUSEHOLD_3_004,202542,26.74
CA_2,HOUSEHOLD_3_004,202543,25.47
CA_2,HOUSEHOLD_3_004,202544,22.92
CA_2,HOUSEHOLD_3_004,202545,25.47
CA_2,HOUSEHOLD_3_004,202546,25.47
CA_2,HOUSEHOLD_3_004,202547,22.92
CA_2,HOUSEHOLD_3_004,202548,25.47
CA_2,HOUSEHOLD_3_004,202549,25.47
CA_2,HOUSEHOLD_3_004,202550,25.47
CA_2,HOUSEHOLD_3_004,202551,22.92
CA_2,HOUSEHOLD_3_004,202552,25.47
CA_2,HOUSEHOLD_3_004,202501,25.47
CA_2,HOUSEHOLD_3_004,202601,25.47
CA_2,HOUSEHOLD_3_004,202602,25.47
CA_2,HOUSEHOLD_3_004,202603,25.47
CA_2,HOUSEHOLD_3_004,202604,25.47
CA_2,HOUSEHOLD_3_004,202605,25.47
CA_2,HOUSEHOLD_3_004,202606,25.47
CA_2,HOUSEHOLD_3_004,202607,24.19
CA_2,HOUSEHOLD_3_004,202608,24.19
CA_2,HOUSEHOLD_3_004,202609,25.47
CA_2,HOUSEHOLD_3_004,202610,25.47
CA_2,HOUSEHOLD_3_004,202611,22.92
CA_2,HOUSEHOLD_3_004,202612,25.47
CA_2,HOUSEHOLD_3_005,202512,22.77
CA_2,HOUSEHOLD_3_005,202513,22.77
CA_2,HOUSEHOLD_3_005,202514,23.91
CA_2,HOUSEHOLD_3_005,202515,21.63
CA_2,HOUSEHOLD_3_005,202516,22.77
CA_2,HOUSEHOLD_3_005,202517,23.91
CA_2,HOUSEHOLD_3_005,202518,22.77
CA_2,HOUSEHOLD_3_005,202519,23.91
CA_2,HOUSEHOLD_3_005,202520,21.63
CA_2,HOUSEHOLD_3_005,202521,22.77
CA_2,HOUSEHOLD_3_005,202522,22.77
CA_2,HOUSEHOLD_3_005,202523,21.63
CA_2,HOUSEHOLD_3_005,202524,22.77
CA_2,HOUSEHOLD_3_005,202525,22.77
CA_2,HOUSEHOLD_3_005,202526,22.77
CA_2,HOUSEHOLD_3_005,202527,22.77
CA_2,HOUSEHOLD_3_005,202528,22.77
CA_2,HOUSEHOLD_3_005,202529,22.77
CA_2,HOUSEHOLD_3_005,202530,22.77
CA_2,HOUSEHOLD_3_005,202531,22.77
CA_2,HOUSEHOLD_3_005,202532,22.77
CA_2,HOUSEHOLD_3_005,202533,22.77
CA_2,HOUSEHOLD_3_005,202534,22.77
CA_2,HOUSEHOLD_3_005,202535,22.77
CA_2,HOUSEHOLD_3_005,202536,22.77
CA_2,HOUSEHOLD_3_005,202537,23.91
CA_2,HOUSEHOLD_3_005,202538,23.91
CA_2,HOUSEHOLD_3_005,202539,22.77
CA_2,HOUSEHOLD_3_005,202540,20.49
CA_2,HOUSEHOLD_3_005,202541,21.63
CA_2,HOUSEHOLD_3_005,202542,22.77
CA_2,HOUSEHOLD_3_005,202543,21.63
CA_2,HOUSEHOLD_3_005,202544,22.77
CA_2,HOUSEHOLD_3_005,202545,22.77
CA_2,HOUSEHOLD_3_005,202546,22.77
CA_2,HOUSEHOLD_3_005,202547,20.49
CA_2,HOUSEHOLD_3_005,202548,23.91
CA_2,HOUSEHOLD_3_005,202549,22.77
CA_2,HOUSEHOLD_3_005,202550,22.77
CA_2,HOUSEHOLD_3_005,202551,22.77
CA_2,HOUSEHOLD_3_005,202552,22.77
CA_2,HOUSEHOLD_3_005,202501,21.63
CA_2,HOUSEHOLD_3_005,202601,22.77
CA_2,HOUSEHOLD_3_005,202602,22.77
CA_2,HOUSEHOLD_3_005,202603,22.77
CA_2,HOUSEHOLD_3_005,202604,22.77
CA_2,HOUSEHOLD_3_005,202605,21.63
CA_2,HOUSEHOLD_3_005,202606,22.77
CA_2,HOUSEHOLD_3_005,202607,22.77
CA_2,HOUSEHOLD_3_005,202608,22.77
CA_2,HOUSEHOLD_3_005,202609,22.77
CA_2,HOUSEHOLD_3_005,202610,22.77
CA_2,HOUSEHOLD_3_005,202611,23.91
CA_2,HOUSEHOLD_3_005,202612,22.77
CA_2,HOUSEHOLD_3_006,202512,21.78
CA_2,HOUSEHOLD_3_006,202513,24.2
CA_2,HOUSEHOLD_3_006,202514,24.2
CA_2,HOUSEHOLD_3_006,202515,25.41
CA_2,HOUSEHOLD_3_006,202516,24.2
CA_2,HOUSEHOLD_3_006,202517,24.2
CA_2,HOUSEHOLD_3_006,202518,21.78
CA_2,HOUSEHOLD_3_006,202519,24.2
CA_2,HOUSEHOLD_3_006,202520,21.78
CA_2,HOUSEHOLD_3_006,202521,24.2
CA_2,HOUSEHOLD_3_006,202522,24.2
CA_2,HOUSEHOLD_3_006,202523,24.2
CA_2,HOUSEHOLD_3_006,202524,24.2
CA_2,HOUSEHOLD_3_006,202525,24.2
CA_2,HOUSEHOLD_3_006,202526,22.99
CA_2,HOUSEHOLD_3_006,202527,24.2
CA_2,HOUSEHOLD_3_006,202528,21.78
CA_2,HOUSEHOLD_3_006,202529,25.41
CA_2,HOUSEHOLD_3_006,202530,24.2
CA_2,HOUSEHOLD_3_006,202531,24.2
CA_2,HOUSEHOLD_3_006,202532,24.2
CA_2,HOUSEHOLD_3_006,202533,24.2
CA_2,HOUSEHOLD_3_006,202534,24.2
CA_2,HOUSEHOLD_3_006,202535,24.2
CA_2,HOUSEHOLD_3_006,202536,24.2
CA_2,HOUSEHOLD_3_006,202537,24.2
CA_2,HOUSEHOLD_3_006,202538,24.2
CA_2,HOUSEHOLD_3_006,202539,22.99
CA_2,HOUSEHOLD_3_006,202540,24.2
CA_2,HOUSEHOLD_3_006,202541,24.2
CA_2,HOUSEHOLD_3_006,202542,24.2
CA_2,HOUSEHOLD_3_006,202543,24.2
CA_2,HOUSEHOLD_3_006,202544,24.2
CA_2,HOUSEHOLD_3_006,202545,22.99
CA_2,HOUSEHOLD_3_006,202546,24.2
CA_2,HOUSEHOLD_3_006,202547,24.2
CA_2,HOUSEHOLD_3_006,202548,24.2
CA_2,HOUSEHOLD_3_006,202549,24.2
CA_2,HOUSEHOLD_3_006,202550,24.2
CA_2,HOUSEHOLD_3_006,202551,21.78
CA_2,HOUSEHOLD_3_006,202552,24.2
CA_2,HOUSEHOLD_3_006,202501,24.2
CA_2,HOUSEHOLD_3_006,202601,25.41
CA_2,HOUSEHOLD_3_006,202602,24.2
CA_2,HOUSEHOLD_3_006,202603,24.2
CA_2,HOUSEHOLD_3_006,202604,24.2
CA_2,HOUSEHOLD_3_006,202605,24.2
CA_2,HOUSEHOLD_3_006,202606,24.2
CA_2,HOUSEHOLD_3_006,202607,24.2
CA_2,HOUSEHOLD_3_006,202608,24.2
CA_2,HOUSEHOLD_3_006,202609,25.41
CA_2,HOUSEHOLD_3_006,202610,24.2
CA_2,HOUSEHOLD_3_006,202611,24.2
CA_2,HOUSEHOLD_3_006,202612,24.2
CA_2,HOUSEHOLD_3_007,202512,21.89
CA_2,HOUSEHOLD_3_007,202513,21.89
CA_2,HOUSEHOLD_3_007,202514,21.89
CA_2,HOUSEHOLD_3_007,202515,22.99
CA_2,HOUSEHOLD_3_007,202516,21.89
CA_2,HOUSEHOLD_3_007,202517,22.99
CA_2,HOUSEHOLD_3_007,202518,21.89
CA_2,HOUSEHOLD_3_007,202519,21.89
CA_2,HOUSEHOLD_3_007,202520,21.89
CA_2,HOUSEHOLD_3_007,202521,21.89
CA_2,HOUSEHOLD_3_007,202522,21.89
CA_2,HOUSEHOLD_3_007,202523,21.89
CA_2,HOUSEHOLD_3_007,202524,21.89
CA_2,HOUSEHOLD_3_007,202525,20.8
CA_2,HOUSEHOLD_3_007,202526,21.89
CA_2,HOUSEHOLD_3_007,202527,21.89
CA_2,HOUSEHOLD_3_007,202528,21.89
CA_2,HOUSEHOLD_3_007,202529,21.89
CA_2,HOUSEHOLD_3_007,202530,19.7
CA_2,HOUSEHOLD_3_007,202531,21.89
CA_2,HOUSEHOLD_3_007,202532,20.8
CA_2,HOUSEHOLD_3_007,202533,21.89
CA_2,HOUSEHOLD_3_007,202534,21.89
CA_2,HOUSEHOLD_3_007,202535,21.89
CA_2,HOUSEHOLD_3_007,202536,21.89
CA_2,HOUSEHOLD_3_007,202537,21.89
CA_2,HOUSEHOLD_3_007,202538,22.99
CA_2,HOUSEHOLD_3_007,202539,21.89
CA_2,HOUSEHOLD_3_007,202540,21.89
CA_2,HOUSEHOLD_3_007,202541,20.8
CA_2,HOUSEHOLD_3_007,202542,21.89
CA_2,HOUSEHOLD_3_007,202543,21.89
CA_2,HOUSEHOLD_3_007,202544,21.89
CA_2,HOUSEHOLD_3_007,202545,21.89
CA_2,HOUSEHOLD_3_007,202546,20.8
CA_2,HOUSEHOLD_3_007,202547,21.89
CA_2,HOUSEHOLD_3_007,202548,21.89
CA_2,HOUSEHOLD_3_007,202549,22.99
CA_2,HOUSEHOLD_3_007,202550,21.89
CA_2,HOUSEHOLD_3_007,202551,21.89
CA_2,HOUSEHOLD_3_007,202552,21.89
CA_2,HOUSEHOLD_3_007,202501,22.99
CA_2,HOUSEHOLD_3_007,202601,20.8
CA_2,HOUSEHOLD_3_007,202602,21.89
CA_2,HOUSEHOLD_3_007,202603,22.99
CA_2,HOUSEHOLD_3_007,202604,21.89
CA_2,HOUSEHOLD_3_007,202605,22.99
CA_2,HOUSEHOLD_3_007,202606,20.8
CA_2,HOUSEHOLD_3_007,202607,22.99
CA_2,HOUSEHOLD_3_007,202608,21.89
CA_2,HOUSEHOLD_3_007,202609,21.89
CA_2,HOUSEHOLD_3_007,202610,19.7
CA_2,HOUSEHOLD_3_007,202611,21.89
CA_2,HOUSEHOLD_3_007,202612,21.89
CA_2,HOUSEHOLD_3_008,202512,19.32
CA_2,HOUSEHOLD_3_008,202513,21.46
CA_2,HOUSEHOLD_3_008,202514,21.46
CA_2,HOUSEHOLD_3_008,202515,21.46
CA_2,HOUSEHOLD_3_008,202516,21.46
CA_2,HOUSEHOLD_3_008,202517,20.39
CA_2,HOUSEHOLD_3_008,202518,21.46
CA_2,HOUSEHOLD_3_008,202519,21.46
CA_2,HOUSEHOLD_3_008,202520,21.46
CA_2,HOUSEHOLD_3_008,202521,21.46
CA_2,HOUSEHOLD_3_008,202522,21.46
CA_2,HOUSEHOLD_3_008,202523,21.46
CA_2,HOUSEHOLD_3_008,202524,21.46
CA_2,HOUSEHOLD_3_008,202525,19.32
CA_2,HOUSEHOLD_3_008,202526,21.46
CA_2,HOUSEHOLD_3_008,202527,21.46
CA_2,HOUSEHOLD_3_008,202528,22.53
CA_2,HOUSEHOLD_3_008,202529,19.32
CA_2,HOUSEHOLD_3_008,202530,21.46
CA_2,HOUSEHOLD_3_008,202531,21.46
CA_2,HOUSEHOLD_3_008,202532,22.53
CA_2,HOUSEHOLD_3_008,202533,19.32
CA_2,HOUSEHOLD_3_008,202534,21.46
CA_2,HOUSEHOLD_3_008,202535,22.53
CA_2,HOUSEHOLD_3_008,202536,21.46
CA_2,HOUSEHOLD_3_008,202537,21.46
CA_2,HOUSEHOLD_3_008,202538,21.46
CA_2,HOUSEHOLD_3_008,202539,22.53
CA_2,HOUSEHOLD_3_008,202540,22.53
CA_2,HOUSEHOLD_3_008,202541,21.46
CA_2,HOUSEHOLD_3_008,202542,19.32
CA_2,HOUSEHOLD_3_008,202543,20.39
CA_2,HOUSEHOLD_3_008,202544,20.39
CA_2,HOUSEHOLD_3_008,202545,21.46
CA_2,HOUSEHOLD_3_008,202546,21.46
CA_2,HOUSEHOLD_3_008,202547,21.46
CA_2,HOUSEHOLD_3_008,202548,21.46
CA_2,HOUSEHOLD_3_008,202549,21.46
CA_2,HOUSEHOLD_3_008,202550,21.46
CA_2,HOUSEHOLD_3_008,202551,20.39
CA_2,HOUSEHOLD_3_008,202552,21.46
CA_2,HOUSEHOLD_3_008,202501,21.46
CA_2,HOUSEHOLD_3_008,202601,21.46
CA_2,HOUSEHOLD_3_008,202602,21.46
CA_2,HOUSEHOLD_3_008,202603,21.46
CA_2,HOUSEHOLD_3_008,202604,21.46
CA_2,HOUSEHOLD_3_008,202605,21.46
CA_2,HOUSEHOLD_3_008,202606,21.46
CA_2,HOUSEHOLD_3_008,202607,20.39
CA_2,HOUSEHOLD_3_008,202608,21.46
CA_2,HOUSEHOLD_3_008,202609,20.39
CA_2,HOUSEHOLD_3_008,202610,19.32
CA_2,HOUSEHOLD_3_008,202611,21.46
CA_2,HOUSEHOLD_3_008,202612,21.46
CA_2,HOUSEHOLD_3_009,202512,29.33
CA_2,HOUSEHOLD_3_009,202513,29.33
CA_2,HOUSEHOLD_3_009,202514,29.33
CA_2,HOUSEHOLD_3_009,202515,27.86
CA_2,HOUSEHOLD_3_009,202516,29.33
CA_2,HOUSEHOLD_3_009,202517,29.33
CA_2,HOUSEHOLD_3_009,202518,29.33
CA_2,HOUSEHOLD_3_009,202519,29.33
CA_2,HOUSEHOLD_3_009,202520,29.33
CA_2,HOUSEHOLD_3_009,202521,30.79
CA_2,HOUSEHOLD_3_009,202522,30.79
CA_2,HOUSEHOLD_3_009,202523,29.33
CA_2,HOUSEHOLD_3_009,202524,29.33
CA_2,HOUSEHOLD_3_009,202525,29.33
CA_2,HOUSEHOLD_3_009,202526,29.33
CA_2,HOUSEHOLD_3_009,202527,29.33
CA_2,HOUSEHOLD_3_009,202528,29.33
CA_2,HOUSEHOLD_3_009,202529,29.33
CA_2,HOUSEHOLD_3_009,202530,29.33
CA_2,HOUSEHOLD_3_009,202531,26.39
CA_2,HOUSEHOLD_3_009,202532,27.86
CA_2,HOUSEHOLD_3_009,202533,29.33
CA_2,HOUSEHOLD_3_009,202534,29.33
CA_2,HOUSEHOLD_3_009,202535,30.79
CA_2,HOUSEHOLD_3_009,202536,29.33
CA_2,HOUSEHOLD_3_009,202537,30.79
CA_2,HOUSEHOLD_3_009,202538,29.33
CA_2,HOUSEHOLD_3_009,202539,29.33
CA_2,HOUSEHOLD_3_009,202540,29.33
CA_2,HOUSEHOLD_3_009,202541,30.79
CA_2,HOUSEHOLD_3_009,202542,29.33
CA_2,HOUSEHOLD_3_009,202543,27.86
CA_2,HOUSEHOLD_3_009,202544,29.33
CA_2,HOUSEHOLD_3_009,202545,29.33
CA_2,HOUSEHOLD_3_009,202546,29.33
CA_2,HOUSEHOLD_3_009,202547,29.33
CA_2,HOUSEHOLD_3_009,202548,29.33
CA_2,HOUSEHOLD_3_009,202549,29.33
CA_2,HOUSEHOLD_3_009,202550,30.79
CA_2,HOUSEHOLD_3_009,202551,29.33
CA_2,HOUSEHOLD_3_009,202552,29.33
CA_2,HOUSEHOLD_3_009,202501,27.86
CA_2,HOUSEHOLD_3_009,202601,29.33
CA_2,HOUSEHOLD_3_009,202602,29.33
CA_2,HOUSEHOLD_3_009,202603,29.33
CA_2,HOUSEHOLD_3_009,202604,29.33
CA_2,HOUSEHOLD_3_009,202605,29.33
CA_2,HOUSEHOLD_3_009,202606,26.39
CA_2,HOUSEHOLD_3_009,202607,26.39
CA_2,HOUSEHOLD_3_009,202608,27.86
CA_2,HOUSEHOLD_3_009,202609,29.33
CA_2,HOUSEHOLD_3_009,202610,30.79
CA_2,HOUSEHOLD_3_009,202611,29.33
CA_2,HOUSEHOLD_3_009,202612,29.33
CA_2,HOUSEHOLD_3_010,202512,3.88
CA_2,HOUSEHOLD_3_010,202513,3.49
CA_2,HOUSEHOLD_3_010,202514,3.88
CA_2,HOUSEHOLD_3_010,202515,3.88
CA_2,HOUSEHOLD_3_010,202516,3.88
CA_2,HOUSEHOLD_3_010,202517,4.07
CA_2,HOUSEHOLD_3_010,202518,3.49
CA_2,HOUSEHOLD_3_010,202519,3.88
CA_2,HOUSEHOLD_3_010,202520,3.88
CA_2,HOUSEHOLD_3_010,202521,3.68
CA_2,HOUSEHOLD_3_010,202522,3.68
CA_2,HOUSEHOLD_3_010,202523,3.88
CA_2,HOUSEHOLD_3_010,202524,3.88
CA_2,HOUSEHOLD_3_010,202525,3.49
CA_2,HOUSEHOLD_3_010,202526,3.88
CA_2,HOUSEHOLD_3_010,202527,3.68
CA_2,HOUSEHOLD_3_010,202528,3.88
CA_2,HOUSEHOLD_3_010,202529,3.88
CA_2,HOUSEHOLD_3_010,202530,3.88
CA_2,HOUSEHOLD_3_010,202531,3.88
CA_2,HOUSEHOLD_3_010,202532,4.07
CA_2,HOUSEHOLD_3_010,202533,3.49
CA_2,HOUSEHOLD_3_010,202534,3.68
CA_2,HOUSEHOLD_3_010,202535,3.88
CA_2,HOUSEHOLD_3_010,202536,3.88
CA_2,HOUSEHOLD_3_010,202537,3.88
CA_2,HOUSEHOLD_3_010,202538,4.07
CA_2,HOUSEHOLD_3_010,202539,3.88
CA_2,HOUSEHOLD_3_010,202540,3.88
CA_2,HOUSEHOLD_3_010,202541,3.88
CA_2,HOUSEHOLD_3_010,202542,3.88
CA_2,HOUSEHOLD_3_010,202543,3.88
CA_2,HOUSEHOLD_3_010,202544,3.88
CA_2,HOUSEHOLD_3_010,202545,3.88
CA_2,HOUSEHOLD_3_010,202546,3.88
CA_2,HOUSEHOLD_3_010,202547,3.88
CA_2,HOUSEHOLD_3_010,202548,3.88
CA_2,HOUSEHOLD_3_010,202549,3.49
CA_2,HOUSEHOLD_3_010,202550,3.88
CA_2,HOUSEHOLD_3_010,202551,4.07
CA_2,HOUSEHOLD_3_010,202552,3.88
CA_2,HOUSEHOLD_3_010,202501,3.88
CA_2,HOUSEHOLD_3_010,202601,3.88
CA_2,HOUSEHOLD_3_010,202602,3.88
CA_2,HOUSEHOLD_3_010,202603,3.88
CA_2,HOUSEHOLD_3_010,202604,3.49
CA_2,HOUSEHOLD_3_010,202605,3.88
CA_2,HOUSEHOLD_3_010,202606,3.88
CA_2,HOUSEHOLD_3_010,202607,4.07
CA_2,HOUSEHOLD_3_010,202608,3.88
CA_2,HOUSEHOLD_3_010,202609,3.88
CA_2,HOUSEHOLD_3_010,202610,3.88
CA_2,HOUSEHOLD_3_010,202611,3.49
CA_2,HOUSEHOLD_3_010,202612,3.88
TX_1,FOODS_1_001,202512,22.1
TX_1,FOODS_1_001,202513,21.04
TX_1,FOODS_1_001,202514,21.04
TX_1,FOODS_1_001,202515,18.94
TX_1,FOODS_1_001,202516,21.04
TX_1,FOODS_1_001,202517,21.04
TX_1,FOODS_1_001,202518,21.04
TX_1,FOODS_1_001,202519,21.04
TX_1,FOODS_1_001,202520,21.04
TX_1,FOODS_1_001,202521,18.94
TX_1,FOODS_1_001,202522,21.04
TX_1,FOODS_1_001,202523,21.04
TX_1,FOODS_1_001,202524,19.99
TX_1,FOODS_1_001,202525,22.1
TX_1,FOODS_1_001,202526,21.04
TX_1,FOODS_1_001,202527,21.04
TX_1,FOODS_1_001,202528,21.04
TX_1,FOODS_1_001,202529,22.1
TX_1,FOODS_1_001,202530,21.04
TX_1,FOODS_1_001,202531,21.04
TX_1,FOODS_1_001,202532,21.04
TX_1,FOODS_1_001,202533,21.04
TX_1,FOODS_1_001,202534,21.04
TX_1,FOODS_1_001,202535,21.04
TX_1,FOODS_1_001,202536,21.04
TX_1,FOODS_1_001,202537,19.99
TX_1,FOODS_1_001,202538,18.94
TX_1,FOODS_1_001,202539,22.1
TX_1,FOODS_1_001,202540,21.04
TX_1,FOODS_1_001,202541,19.99
TX_1,FOODS_1_001,202542,21.04
TX_1,FOODS_1_001,202543,21.04
TX_1,FOODS_1_001,202544,21.04
TX_1,FOODS_1_001,202545,21.04
TX_1,FOODS_1_001,202546,21.04
TX_1,FOODS_1_001,202547,19.99
TX_1,FOODS_1_001,202548,21.04
TX_1,FOODS_1_001,202549,22.1
TX_1,FOODS_1_001,202550,21.04
TX_1,FOODS_1_001,202551,18.94
TX_1,FOODS_1_001,202552,21.04
TX_1,FOODS_1_001,202501,21.04
TX_1,FOODS_1_001,202601,21.04
TX_1,FOODS_1_001,202602,21.04
TX_1,FOODS_1_001,202603,22.1
TX_1,FOODS_1_001,202604,21.04
TX_1,FOODS_1_001,202605,21.04
TX_1,FOODS_1_001,202606,21.04
TX_1,FOODS_1_001,202607,21.04
TX_1,FOODS_1_001,202608,21.04
TX_1,FOODS_1_001,202609,22.1
TX_1,FOODS_1_001,202610,18.94
TX_1,FOODS_1_001,202611,22.1
TX_1,FOODS_1_001,202612,18.94
TX_1,FOODS_1_002,202512,3.26
TX_1,FOODS_1_002,202513,3.26
TX_1,FOODS_1_002,202514,3.1
TX_1,FOODS_1_002,202515,3.26
TX_1,FOODS_1_002,202516,3.26
TX_1,FOODS_1_002,202517,3.26
TX_1,FOODS_1_002,202518,3.26
TX_1,FOODS_1_002,202519,3.1
TX_1,FOODS_1_002,202520,2.94
TX_1,FOODS_1_002,202521,3.26
TX_1,FOODS_1_002,202522,3.26
TX_1,FOODS_1_002,202523,3.26
TX_1,FOODS_1_002,202524,3.43
TX_1,FOODS_1_002,202525,3.26
TX_1,FOODS_1_002,202526,3.26
TX_1,FOODS_1_002,202527,3.26
TX_1,FOODS_1_002,202528,3.26
TX_1,FOODS_1_002,202529,3.26
TX_1,FOODS_1_002,202530,2.94
TX_1,FOODS_1_002,202531,3.26
TX_1,FOODS_1_002,202532,3.26
TX_1,FOODS_1_002,202533,3.1
TX_1,FOODS_1_002,202534,3.26
TX_1,FOODS_1_002,202535,3.26
TX_1,FOODS_1_002,202536,3.26
TX_1,FOODS_1_002,202537,3.26
TX_1,FOODS_1_002,202538,3.26
TX_1,FOODS_1_002,202539,3.26
TX_1,FOODS_1_002,202540,3.26
TX_1,FOODS_1_002,202541,3.1
TX_1,FOODS_1_002,202542,3.26
TX_1,FOODS_1_002,202543,2.94
TX_1,FOODS_1_002,202544,3.26
TX_1,FOODS_1_002,202545,3.26
TX_1,FOODS_1_002,202546,3.26
TX_1,FOODS_1_002,202547,3.26
TX_1,FOODS_1_002,202548,3.26
TX_1,FOODS_1_002,202549,3.43
TX_1,FOODS_1_002,202550,3.26
TX_1,FOODS_1_002,202551,3.26
TX_1,FOODS_1_002,202552,3.1
TX_1,FOODS_1_002,202501,3.1
TX_1,FOODS_1_002,202601,2.94
TX_1,FOODS_1_002,202602,3.26
TX_1,FOODS_1_002,202603,3.26
TX_1,FOODS_1_002,202604,3.26
TX_1,FOODS_1_002,202605,3.1
TX_1,FOODS_1_002,202606,3.26
TX_1,FOODS_1_002,202607,3.1
TX_1,FOODS_1_002,202608,3.26
TX_1,FOODS_1_002,202609,3.26
TX_1,FOODS_1_002,202610,3.26
TX_1,FOODS_1_002,202611,3.26
TX_1,FOODS_1_002,202612,3.26
TX_1,FOODS_1_003,202512,24.53
TX_1,FOODS_1_003,202513,24.53
TX_1,FOODS_1_003,202514,24.53
TX_1,FOODS_1_003,202515,23.3
TX_1,FOODS_1_003,202516,24.53
TX_1,FOODS_1_003,202517,25.76
TX_1,FOODS_1_003,202518,25.76
TX_1,FOODS_1_003,202519,24.53
TX_1,FOODS_1_003,202520,22.08
TX_1,FOODS_1_003,202521,24.53
TX_1,FOODS_1_003,202522,24.53
TX_1,FOODS_1_003,202523,24.53
TX_1,FOODS_1_003,202524,24.53
TX_1,FOODS_1_003,202525,24.53
TX_1,FOODS_1_003,202526,24.53
TX_1,FOODS_1_003,202527,24.53
TX_1,FOODS_1_003,202528,24.53
TX_1,FOODS_1_003,202529,24.53
TX_1,FOODS_1_003,202530,23.3
TX_1,FOODS_1_003,202531,24.53
TX_1,FOODS_1_003,202532,24.53
TX_1,FOODS_1_003,202533,24.53
TX_1,FOODS_1_003,202534,22.08
TX_1,FOODS_1_003,202535,24.53
TX_1,FOODS_1_003,202536,24.53
TX_1,FOODS_1_003,202537,24.53
TX_1,FOODS_1_003,202538,22.08
TX_1,FOODS_1_003,202539,25.76
TX_1,FOODS_1_003,202540,24.53
TX_1,FOODS_1_003,202541,23.3
TX_1,FOODS_1_003,202542,25.76
TX_1,FOODS_1_003,202543,23.3
TX_1,FOODS_1_003,202544,25.76
TX_1,FOODS_1_003,202545,24.53
TX_1,FOODS_1_003,202546,25.76
TX_1,FOODS_1_003,202547,22.08
TX_1,FOODS_1_003,202548,24.53
TX_1,FOODS_1_003,202549,24.53
TX_1,FOODS_1_003,202550,22.08
TX_1,FOODS_1_003,202551,24.53
TX_1,FOODS_1_003,202552,23.3
TX_1,FOODS_1_003,202501,22.08
TX_1,FOODS_1_003,202601,24.53
TX_1,FOODS_1_003,202602,24.53
TX_1,FOODS_1_003,202603,24.53
TX_1,FOODS_1_003,202604,24.53
TX_1,FOODS_1_003,202605,24.53
TX_1,FOODS_1_003,202606,24.53
TX_1,FOODS_1_003,202607,24.53
TX_1,FOODS_1_003,202608,24.53
TX_1,FOODS_1_003,202609,24.53
TX_1,FOODS_1_003,202610,22.08
TX_1,FOODS_1_003,202611,24.53
TX_1,FOODS_1_003,202612,23.3
TX_1,FOODS_1_004,202512,19.94
TX_1,FOODS_1_004,202513,19.94
TX_1,FOODS_1_004,202514,19.94
TX_1,FOODS_1_004,202515,17.95
TX_1,FOODS_1_004,202516,18.94
TX_1,FOODS_1_004,202517,19.94
TX_1,FOODS_1_004,202518,18.94
TX_1,FOODS_1_004,202519,18.94
TX_1,FOODS_1_004,202520,18.94
TX_1,FOODS_1_004,202521,19.94
TX_1,FOODS_1_004,202522,19.94
TX_1,FOODS_1_004,202523,19.94
TX_1,FOODS_1_004,202524,20.94
TX_1,FOODS_1_004,202525,19.94
TX_1,FOODS_1_004,202526,17.95
TX_1,FOODS_1_004,202527,19.94
TX_1,FOODS_1_004,202528,20.94
TX_1,FOODS_1_004,202529,18.94
TX_1,FOODS_1_004,202530,19.94
TX_1,FOODS_1_004,202531,19.94
TX_1,FOODS_1_004,202532,19.94
TX_1,FOODS_1_004,202533,19.94
TX_1,FOODS_1_004,202534,19.94
TX_1,FOODS_1_004,202535,18.94
TX_1,FOODS_1_004,202536,20.94
TX_1,FOODS_1_004,202537,19.94
TX_1,FOODS_1_004,202538,19.94
TX_1,FOODS_1_004,202539,19.94
TX_1,FOODS_1_004,202540,17.95
TX_1,FOODS_1_004,202541,19.94
TX_1,FOODS_1_004,202542,19.94
TX_1,FOODS_1_004,202543,19.94
TX_1,FOODS_1_004,202544,19.94
TX_1,FOODS_1_004,202545,19.94
TX_1,FOODS_1_004,202546,19.94
TX_1,FOODS_1_004,202547,19.94
TX_1,FOODS_1_004,202548,19.94
TX_1,FOODS_1_004,202549,19.94
TX_1,FOODS_1_004,202550,18.94
TX_1,FOODS_1_004,202551,19.94
TX_1,FOODS_1_004,202552,19.94
TX_1,FOODS_1_004,202501,19.94
TX_1,FOODS_1_004,202601,19.94
TX_1,FOODS_1_004,202602,19.94
TX_1,FOODS_1_004,202603,18.94
TX_1,FOODS_1_004,202604,20.94
TX_1,FOODS_1_004,202605,18.94
TX_1,FOODS_1_004,202606,19.94
TX_1,FOODS_1_004,202607,19.94
TX_1,FOODS_1_004,202608,18.94
TX_1,FOODS_1_004,202609,19.94
TX_1,FOODS_1_004,202610,19.94
TX_1,FOODS_1_004,202611,19.94
TX_1,FOODS_1_004,202612,19.94
TX_1,FOODS_1_005,202512,11.79
TX_1,FOODS_1_005,202513,11.79
TX_1,FOODS_1_005,202514,11.79
TX_1,FOODS_1_005,202515,11.79
TX_1,FOODS_1_005,202516,11.79
TX_1,FOODS_1_005,202517,11.79
TX_1,FOODS_1_005,202518,11.79
TX_1,FOODS_1_005,202519,11.79
TX_1,FOODS_1_005,202520,11.79
TX_1,FOODS_1_005,202521,11.2
TX_1,FOODS_1_005,202522,11.79
TX_1,FOODS_1_005,202523,11.79
TX_1,FOODS_1_005,202524,12.38
TX_1,FOODS_1_005,202525,11.79
TX_1,FOODS_1_005,202526,11.79
TX_1,FOODS_1_005,202527,11.79
TX_1,FOODS_1_005,202528,12.38
TX_1,FOODS_1_005,202529,11.79
TX_1,FOODS_1_005,202530,10.61
TX_1,FOODS_1_005,202531,11.79
TX_1,FOODS_1_005,202532,11.79
TX_1,FOODS_1_005,202533,11.79
TX_1,FOODS_1_005,202534,11.79
TX_1,FOODS_1_005,202535,11.79
TX_1,FOODS_1_005,202536,11.2
TX_1,FOODS_1_005,202537,11.79
TX_1,FOODS_1_005,202538,11.79
TX_1,FOODS_1_005,202539,11.79
TX_1,FOODS_1_005,202540,11.79
TX_1,FOODS_1_005,202541,11.79
TX_1,FOODS_1_005,202542,11.79
TX_1,FOODS_1_005,202543,11.2
TX_1,FOODS_1_005,202544,11.79
TX_1,FOODS_1_005,202545,11.79
TX_1,FOODS_1_005,202546,11.79
TX_1,FOODS_1_005,202547,11.79
TX_1,FOODS_1_005,202548,12.38
TX_1,FOODS_1_005,202549,11.79
TX_1,FOODS_1_005,202550,11.79
TX_1,FOODS_1_005,202551,11.79
TX_1,FOODS_1_005,202552,11.79
TX_1,FOODS_1_005,202501,11.79
TX_1,FOODS_1_005,202601,11.79
TX_1,FOODS_1_005,202602,11.79
TX_1,FOODS_1_005,202603,11.79
TX_1,FOODS_1_005,202604,11.79
TX_1,FOODS_1_005,202605,12.38
TX_1,FOODS_1_005,202606,11.79
TX_1,FOODS_1_005,202607,11.2
TX_1,FOODS_1_005,202608,11.79
TX_1,FOODS_1_005,202609,11.79
TX_1,FOODS_1_005,202610,11.79
TX_1,FOODS_1_005,202611,11.79
TX_1,FOODS_1_005,202612,11.2
TX_1,FOODS_1_006,202512,19.67
TX_1,FOODS_1_006,202513,17.7
TX_1,FOODS_1_006,202514,19.67
TX_1,FOODS_1_006,202515,19.67
TX_1,FOODS_1_006,202516,19.67
TX_1,FOODS_1_006,202517,20.66
TX_1,FOODS_1_006,202518,17.7
TX_1,FOODS_1_006,202519,20.66
TX_1,FOODS_1_006,202520,19.67
TX_1,FOODS_1_006,202521,19.67
TX_1,FOODS_1_006,202522,19.67
TX_1,FOODS_1_006,202523,19.67
TX_1,FOODS_1_006,202524,19.67
TX_1,FOODS_1_006,202525,20.66
TX_1,FOODS_1_006,202526,19.67
TX_1,FOODS_1_006,202527,19.67
TX_1,FOODS_1_006,202528,19.67
TX_1,FOODS_1_006,202529,17.7
TX_1,FOODS_1_006,202530,19.67
TX_1,FOODS_1_006,202531,20.66
TX_1,FOODS_1_006,202532,18.69
TX_1,FOODS_1_006,202533,19.67
TX_1,FOODS_1_006,202534,19.67
TX_1,FOODS_1_006,202535,17.7
TX_1,FOODS_1_006,202536,19.67
TX_1,FOODS_1_006,202537,17.7
TX_1,FOODS_1_006,202538,19.67
TX_1,FOODS_1_006,202539,19.67
TX_1,FOODS_1_006,202540,19.67
TX_1,FOODS_1_006,202541,19.67
TX_1,FOODS_1_006,202542,19.67
TX_1,FOODS_1_006,202543,18.69
TX_1,FOODS_1_006,202544,20.66
TX_1,FOODS_1_006,202545,19.67
TX_1,FOODS_1_006,202546,17.7
TX_1,FOODS_1_006,202547,19.67
TX_1,FOODS_1_006,202548,19.67
TX_1,FOODS_1_006,202549,19.67
TX_1,FOODS_1_006,202550,19.67
TX_1,FOODS_1_006,202551,19.67
TX_1,FOODS_1_006,202552,18.69
TX_1,FOODS_1_006,202501,19.67
TX_1,FOODS_1_006,202601,19.67
TX_1,FOODS_1_006,202602,19.67
TX_1,FOODS_1_006,202603,19.67
TX_1,FOODS_1_006,202604,19.67
TX_1,FOODS_1_006,202605,19.67
TX_1,FOODS_1_006,202606,19.67
TX_1,FOODS_1_006,202607,19.67
TX_1,FOODS_1_006,202608,19.67
TX_1,FOODS_1_006,202609,17.7
TX_1,FOODS_1_006,202610,18.69
TX_1,FOODS_1_006,202611,20.66
TX_1,FOODS_1_006,202612,20.66
TX_1,FOODS_1_007,202512,5.16
TX_1,FOODS_1_007,202513,5.16
TX_1,FOODS_1_007,202514,4.9
TX_1,FOODS_1_007,202515,5.16
TX_1,FOODS_1_007,202516,5.16
TX_1,FOODS_1_007,202517,5.42
TX_1,FOODS_1_007,202518,5.16
TX_1,FOODS_1_007,202519,5.16
TX_1,FOODS_1_007,202520,5.16
TX_1,FOODS_1_007,202521,5.16
TX_1,FOODS_1_007,202522,4.64
TX_1,FOODS_1_007,202523,5.16
TX_1,FOODS_1_007,202524,5.16
TX_1,FOODS_1_007,202525,5.16
TX_1,FOODS_1_007,202526,5.42
TX_1,FOODS_1_007,202527,5.16
TX_1,FOODS_1_007,202528,5.42
TX_1,FOODS_1_007,202529,4.9
TX_1,FOODS_1_007,202530,4.64
TX_1,FOODS_1_007,202531,5.16
TX_1,FOODS_1_007,202532,5.16
TX_1,FOODS_1_007,202533,5.16
TX_1,FOODS_1_007,202534,5.16
TX_1,FOODS_1_007,202535,5.16
TX_1,FOODS_1_007,202536,4.9
TX_1,FOODS_1_007,202537,5.16
TX_1,FOODS_1_007,202538,4.9
TX_1,FOODS_1_007,202539,5.16
TX_1,FOODS_1_007,202540,5.16
TX_1,FOODS_1_007,202541,5.16
TX_1,FOODS_1_007,202542,5.16
TX_1,FOODS_1_007,202543,5.16
TX_1,FOODS_1_007,202544,4.64
TX_1,FOODS_1_007,202545,5.16
TX_1,FOODS_1_007,202546,4.9
TX_1,FOODS_1_007,202547,5.16
TX_1,FOODS_1_007,202548,4.64
TX_1,FOODS_1_007,202549,5.16
TX_1,FOODS_1_007,202550,5.16
TX_1,FOODS_1_007,202551,5.16
TX_1,FOODS_1_007,202552,5.16
TX_1,FOODS_1_007,202501,5.42
TX_1,FOODS_1_007,202601,5.16
TX_1,FOODS_1_007,202602,5.16
TX_1,FOODS_1_007,202603,5.16
TX_1,FOODS_1_007,202604,5.16
TX_1,FOODS_1_007,202605,4.9
TX_1,FOODS_1_007,202606,5.16
TX_1,FOODS_1_007,202607,5.16
TX_1,FOODS_1_007,202608,5.16
TX_1,FOODS_1_007,202609,5.16
TX_1,FOODS_1_007,202610,5.16
TX_1,FOODS_1_007,202611,5.16
TX_1,FOODS_1_007,202612,5.16
TX_1,FOODS_1_008,202512,8.74
TX_1,FOODS_1_008,202513,7.87
TX_1,FOODS_1_008,202514,8.74
TX_1,FOODS_1_008,202515,8.3
TX_1,FOODS_1_008,202516,8.74
TX_1,FOODS_1_008,202517,8.74
TX_1,FOODS_1_008,202518,8.74
TX_1,FOODS_1_008,202519,8.74
TX_1,FOODS_1_008,202520,8.3
TX_1,FOODS_1_008,202521,8.74
TX_1,FOODS_1_008,202522,8.74
TX_1,FOODS_1_008,202523,8.74
TX_1,FOODS_1_008,202524,8.74
TX_1,FOODS_1_008,202525,7.87
TX_1,FOODS_1_008,202526,9.18
TX_1,FOODS_1_008,202527,7.87
TX_1,FOODS_1_008,202528,8.3
TX_1,FOODS_1_008,202529,8.74
TX_1,FOODS_1_008,202530,8.74
TX_1,FOODS_1_008,202531,7.87
TX_1,FOODS_1_008,202532,8.74
TX_1,FOODS_1_008,202533,8.3
TX_1,FOODS_1_008,202534,8.74
TX_1,FOODS_1_008,202535,8.74
TX_1,FOODS_1_008,202536,8.74
TX_1,FOODS_1_008,202537,8.74
TX_1,FOODS_1_008,202538,8.74
TX_1,FOODS_1_008,202539,8.3
TX_1,FOODS_1_008,202540,8.74
TX_1,FOODS_1_008,202541,8.3
TX_1,FOODS_1_008,202542,8.74
TX_1,FOODS_1_008,202543,8.74
TX_1,FOODS_1_008,202544,8.74
TX_1,FOODS_1_008,202545,8.74
TX_1,FOODS_1_008,202546,8.74
TX_1,FOODS_1_008,202547,8.74
TX_1,FOODS_1_008,202548,8.74
TX_1,FOODS_1_008,202549,7.87
TX_1,FOODS_1_008,202550,8.74
TX_1,FOODS_1_008,202551,8.74
TX_1,FOODS_1_008,202552,9.18
TX_1,FOODS_1_008,202501,8.74
TX_1,FOODS_1_008,202601,7.87
TX_1,FOODS_1_008,202602,8.74
TX_1,FOODS_1_008,202603,9.18
TX_1,FOODS_1_008,202604,8.74
TX_1,FOODS_1_008,202605,8.74
TX_1,FOODS_1_008,202606,7.87
TX_1,FOODS_1_008,202607,8.74
TX_1,FOODS_1_008,202608,8.74
TX_1,FOODS_1_008,202609,8.74
TX_1,FOODS_1_008,202610,8.3
TX_1,FOODS_1_008,202611,8.74
TX_1,FOODS_1_008,202612,8.74
TX_1,FOODS_1_009,202512,2.29
TX_1,FOODS_1_009,202513,2.17
TX_1,FOODS_1_009,202514,2.29
TX_1,FOODS_1_009,202515,2.29
TX_1,FOODS_1_009,202516,2.29
TX_1,FOODS_1_009,202517,2.29
TX_1,FOODS_1_009,202518,2.29
TX_1,FOODS_1_009,202519,2.29
TX_1,FOODS_1_009,202520,2.29
TX_1,FOODS_1_009,202521,2.29
TX_1,FOODS_1_009,202522,2.06
TX_1,FOODS_1_009,202523,2.29
TX_1,FOODS_1_009,202524,2.06
TX_1,FOODS_1_009,202525,2.29
TX_1,FOODS_1_009,202526,2.29
TX_1,FOODS_1_009,202527,2.29
TX_1,FOODS_1_009,202528,2.29
TX_1,FOODS_1_009,202529,2.29
TX_1,FOODS_1_009,202530,2.06
TX_1,FOODS_1_009,202531,2.17
TX_1,FOODS_1_009,202532,2.29
TX_1,FOODS_1_009,202533,2.06
TX_1,FOODS_1_009,202534,2.29
TX_1,FOODS_1_009,202535,2.29
TX_1,FOODS_1_009,202536,2.17
TX_1,FOODS_1_009,202537,2.29
TX_1,FOODS_1_009,202538,2.17
TX_1,FOODS_1_009,202539,2.06
TX_1,FOODS_1_009,202540,2.29
TX_1,FOODS_1_009,202541,2.06
TX_1,FOODS_1_009,202542,2.06
TX_1,FOODS_1_009,202543,2.29
TX_1,FOODS_1_009,202544,2.29
TX_1,FOODS_1_009,202545,2.29
TX_1,FOODS_1_009,202546,2.29
TX_1,FOODS_1_009,202547,2.29
TX_1,FOODS_1_009,202548,2.29
TX_1,FOODS_1_009,202549,2.29
TX_1,FOODS_1_009,202550,2.29
TX_1,FOODS_1_009,202551,2.29
TX_1,FOODS_1_009,202552,2.29
TX_1,FOODS_1_009,202501,2.29
TX_1,FOODS_1_009,202601,2.29
TX_1,FOODS_1_009,202602,2.29
TX_1,FOODS_1_009,202603,2.4
TX_1,FOODS_1_009,202604,2.29
TX_1,FOODS_1_009,202605,2.29
TX_1,FOODS_1_009,202606,2.29
TX_1,FOODS_1_009,202607,2.29
TX_1,FOODS_1_009,202608,2.4
TX_1,FOODS_1_009,202609,2.29
TX_1,FOODS_1_009,202610,2.17
TX_1,FOODS_1_009,202611,2.29
TX_1,FOODS_1_009,202612,2.29
TX_1,FOODS_1_010,202512,15.97
TX_1,FOODS_1_010,202513,15.21
TX_1,FOODS_1_010,202514,14.45
TX_1,FOODS_1_010,202515,15.21
TX_1,FOODS_1_010,202516,14.45
TX_1,FOODS_1_010,202517,15.21
TX_1,FOODS_1_010,202518,15.21
TX_1,FOODS_1_010,202519,15.21
TX_1,FOODS_1_010,202520,15.97
TX_1,FOODS_1_010,202521,15.21
TX_1,FOODS_1_010,202522,15.21
TX_1,FOODS_1_010,202523,15.21
TX_1,FOODS_1_010,202524,15.21
TX_1,FOODS_1_010,202525,15.21
TX_1,FOODS_1_010,202526,15.21
TX_1,FOODS_1_010,202527,15.21
TX_1,FOODS_1_010,202528,15.97
TX_1,FOODS_1_010,202529,14.45
TX_1,FOODS_1_010,202530,15.21
TX_1,FOODS_1_010,202531,15.97
TX_1,FOODS_1_010,202532,13.69
TX_1,FOODS_1_010,202533,15.21
TX_1,FOODS_1_010,202534,15.21
TX_1,FOODS_1_010,202535,15.97
TX_1,FOODS_1_010,202536,15.21
TX_1,FOODS_1_010,202537,15.21
TX_1,FOODS_1_010,202538,15.21
TX_1,FOODS_1_010,202539,13.69
TX_1,FOODS_1_010,202540,15.21
TX_1,FOODS_1_010,202541,15.97
TX_1,FOODS_1_010,202542,15.21
TX_1,FOODS_1_010,202543,15.21
TX_1,FOODS_1_010,202544,15.21
TX_1,FOODS_1_010,202545,15.21
TX_1,FOODS_1_010,202546,15.97
TX_1,FOODS_1_010,202547,13.69
TX_1,FOODS_1_010,202548,15.21
TX_1,FOODS_1_010,202549,15.97
TX_1,FOODS_1_010,202550,15.21
TX_1,FOODS_1_010,202551,15.21
TX_1,FOODS_1_010,202552,14.45
TX_1,FOODS_1_010,202501,15.21
TX_1,FOODS_1_010,202601,15.21
TX_1,FOODS_1_010,202602,15.21
TX_1,FOODS_1_010,202603,15.21
TX_1,FOODS_1_010,202604,15.21
TX_1,FOODS_1_010,202605,15.21
TX_1,FOODS_1_010,202606,15.21
TX_1,FOODS_1_010,202607,15.97
TX_1,FOODS_1_010,202608,14.45
TX_1,FOODS_1_010,202609,15.21
TX_1,FOODS_1_010,202610,15.21
TX_1,FOODS_1_010,202611,15.21
TX_1,FOODS_1_010,202612,15.21
TX_1,HOBBIES_2_001,202512,9.35
TX_1,HOBBIES_2_001,202513,9.35
TX_1,HOBBIES_2_001,202514,8.88
TX_1,HOBBIES_2_001,202515,8.88
TX_1,HOBBIES_2_001,202516,8.42
TX_1,HOBBIES_2_001,202517,8.42
TX_1,HOBBIES_2_001,202518,9.35
TX_1,HOBBIES_2_001,202519,8.42
TX_1,HOBBIES_2_001,202520,8.88
TX_1,HOBBIES_2_001,202521,9.35
TX_1,HOBBIES_2_001,202522,9.82
TX_1,HOBBIES_2_001,202523,9.82
TX_1,HOBBIES_2_001,202524,9.35
TX_1,HOBBIES_2_001,202525,9.82
TX_1,HOBBIES_2_001,202526,9.35
TX_1,HOBBIES_2_001,202527,9.82
TX_1,HOBBIES_2_001,202528,8.88
TX_1,HOBBIES_2_001,202529,9.82
TX_1,HOBBIES_2_001,202530,9.35
TX_1,HOBBIES_2_001,202531,9.35
TX_1,HOBBIES_2_001,202532,9.35
TX_1,HOBBIES_2_001,202533,9.35
TX_1,HOBBIES_2_001,202534,9.35
TX_1,HOBBIES_2_001,202535,9.82
TX_1,HOBBIES_2_001,202536,9.35
TX_1,HOBBIES_2_001,202537,9.35
TX_1,HOBBIES_2_001,202538,9.35
TX_1,HOBBIES_2_001,202539,9.35
TX_1,HOBBIES_2_001,202540,9.35
TX_1,HOBBIES_2_001,202541,9.82
TX_1,HOBBIES_2_001,202542,8.88
TX_1,HOBBIES_2_001,202543,9.35
TX_1,HOBBIES_2_001,202544,9.35
TX_1,HOBBIES_2_001,202545,9.35
TX_1,HOBBIES_2_001,202546,8.42
TX_1,HOBBIES_2_001,202547,8.42
TX_1,HOBBIES_2_001,202548,9.82
TX_1,HOBBIES_2_001,202549,9.35
TX_1,HOBBIES_2_001,202550,9.35
TX_1,HOBBIES_2_001,202551,9.35
TX_1,HOBBIES_2_001,202552,9.35
TX_1,HOBBIES_2_001,202501,9.35
TX_1,HOBBIES_2_001,202601,9.35
TX_1,HOBBIES_2_001,202602,9.35
TX_1,HOBBIES_2_001,202603,9.35
TX_1,HOBBIES_2_001,202604,9.35
TX_1,HOBBIES_2_001,202605,9.35
TX_1,HOBBIES_2_001,202606,9.35
TX_1,HOBBIES_2_001,202607,9.35
TX_1,HOBBIES_2_001,202608,9.35
TX_1,HOBBIES_2_001,202609,9.35
TX_1,HOBBIES_2_001,202610,8.88
TX_1,HOBBIES_2_001,202611,9.82
TX_1,HOBBIES_2_001,202612,9.35
TX_1,HOBBIES_2_002,202512,21.85
TX_1,HOBBIES_2_002,202513,21.85
TX_1,HOBBIES_2_002,202514,21.85
TX_1,HOBBIES_2_002,202515,21.85
TX_1,HOBBIES_2_002,202516,21.85
TX_1,HOBBIES_2_002,202517,21.85
TX_1,HOBBIES_2_002,202518,21.85
TX_1,HOBBIES_2_002,202519,20.75
TX_1,HOBBIES_2_002,202520,22.94
TX_1,HOBBIES_2_002,202521,21.85
TX_1,HOBBIES_2_002,202522,19.66
TX_1,HOBBIES_2_002,202523,21.85
TX_1,HOBBIES_2_002,202524,21.85
TX_1,HOBBIES_2_002,202525,21.85
TX_1,HOBBIES_2_002,202526,20.75
TX_1,HOBBIES_2_002,202527,21.85
TX_1,HOBBIES_2_002,202528,19.66
TX_1,HOBBIES_2_002,202529,21.85
TX_1,HOBBIES_2_002,202530,19.66
TX_1,HOBBIES_2_002,202531,22.94
TX_1,HOBBIES_2_002,202532,22.94
TX_1,HOBBIES_2_002,202533,21.85
TX_1,HOBBIES_2_002,202534,20.75
TX_1,HOBBIES_2_002,202535,21.85
TX_1,HOBBIES_2_002,202536,21.85
TX_1,HOBBIES_2_002,202537,22.94
TX_1,HOBBIES_2_002,202538,21.85
TX_1,HOBBIES_2_002,202539,21.85
TX_1,HOBBIES_2_002,202540,21.85
TX_1,HOBBIES_2_002,202541,19.66
TX_1,HOBBIES_2_002,202542,21.85
TX_1,HOBBIES_2_002,202543,21.85
TX_1,HOBBIES_2_002,202544,22.94
TX_1,HOBBIES_2_002,202545,21.85
TX_1,HOBBIES_2_002,202546,21.85
TX_1,HOBBIES_2_002,202547,21.85
TX_1,HOBBIES_2_002,202548,21.85
TX_1,HOBBIES_2_002,202549,20.75
TX_1,HOBBIES_2_002,202550,20.75
TX_1,HOBBIES_2_002,202551,21.85
TX_1,HOBBIES_2_002,202552,21.85
TX_1,HOBBIES_2_002,202501,21.85
TX_1,HOBBIES_2_002,202601,21.85
TX_1,HOBBIES_2_002,202602,21.85
TX_1,HOBBIES_2_002,202603,21.85
TX_1,HOBBIES_2_002,202604,21.85
TX_1,HOBBIES_2_002,202605,21.85
TX_1,HOBBIES_2_002,202606,21.85
TX_1,HOBBIES_2_002,202607,21.85
TX_1,HOBBIES_2_002,202608,21.85
TX_1,HOBBIES_2_002,202609,21.85
TX_1,HOBBIES_2_002,202610,21.85
TX_1,HOBBIES_2_002,202611,21.85
TX_1,HOBBIES_2_002,202612,21.85
TX_1,HOBBIES_2_003,202512,26.32
TX_1,HOBBIES_2_003,202513,30.7
TX_1,HOBBIES_2_003,202514,29.24
TX_1,HOBBIES_2_003,202515,29.24
TX_1,HOBBIES_2_003,202516,29.24
TX_1,HOBBIES_2_003,202517,29.24
TX_1,HOBBIES_2_003,202518,29.24
TX_1,HOBBIES_2_003,202519,29.24
TX_1,HOBBIES_2_003,202520,29.24
TX_1,HOBBIES_2_003,202521,29.24
TX_1,HOBBIES_2_003,202522,27.78
TX_1,HOBBIES_2_003,202523,29.24
TX_1,HOBBIES_2_003,202524,29.24
TX_1,HOBBIES_2_003,202525,30.7
TX_1,HOBBIES_2_003,202526,29.24
TX_1,HOBBIES_2_003,202527,29.24
TX_1,HOBBIES_2_003,202528,27.78
TX_1,HOBBIES_2_003,202529,27.78
TX_1,HOBBIES_2_003,202530,29.24
TX_1,HOBBIES_2_003,202531,27.78
TX_1,HOBBIES_2_003,202532,29.24
TX_1,HOBBIES_2_003,202533,29.24
TX_1,HOBBIES_2_003,202534,29.24
TX_1,HOBBIES_2_003,202535,29.24
TX_1,HOBBIES_2_003,202536,29.24
TX_1,HOBBIES_2_003,202537,29.24
TX_1,HOBBIES_2_003,202538,29.24
TX_1,HOBBIES_2_003,202539,29.24
TX_1,HOBBIES_2_003,202540,30.7
TX_1,HOBBIES_2_003,202541,29.24
TX_1,HOBBIES_2_003,202542,29.24
TX_1,HOBBIES_2_003,202543,29.24
TX_1,HOBBIES_2_003,202544,29.24
TX_1,HOBBIES_2_003,202545,30.7
TX_1,HOBBIES_2_003,202546,29.24
TX_1,HOBBIES_2_003,202547,29.24
TX_1,HOBBIES_2_003,202548,29.24
TX_1,HOBBIES_2_003,202549,29.24
TX_1,HOBBIES_2_003,202550,29.24
TX_1,HOBBIES_2_003,202551,29.24
TX_1,HOBBIES_2_003,202552,27.78
TX_1,HOBBIES_2_003,202501,29.24
TX_1,HOBBIES_2_003,202601,27.78
TX_1,HOBBIES_2_003,202602,29.24
TX_1,HOBBIES_2_003,202603,29.24
TX_1,HOBBIES_2_003,202604,27.78
TX_1,HOBBIES_2_003,202605,29.24
TX_1,HOBBIES_2_003,202606,29.24
TX_1,HOBBIES_2_003,202607,29.24
TX_1,HOBBIES_2_003,202608,29.24
TX_1,HOBBIES_2_003,202609,27.78
TX_1,HOBBIES_2_003,202610,29.24
TX_1,HOBBIES_2_003,202611,29.24
TX_1,HOBBIES_2_003,202612,29.24
TX_1,HOBBIES_2_004,202512,28.87
TX_1,HOBBIES_2_004,202513,28.87
TX_1,HOBBIES_2_004,202514,30.32
TX_1,HOBBIES_2_004,202515,28.87
TX_1,HOBBIES_2_004,202516,25.98
TX_1,HOBBIES_2_004,202517,28.87
TX_1,HOBBIES_2_004,202518,25.98
TX_1,HOBBIES_2_004,202519,27.43
TX_1,HOBBIES_2_004,202520,28.87
TX_1,HOBBIES_2_004,202521,28.87
TX_1,HOBBIES_2_004,202522,30.32
TX_1,HOBBIES_2_004,202523,28.87
TX_1,HOBBIES_2_004,202524,28.87
TX_1,HOBBIES_2_004,202525,28.87
TX_1,HOBBIES_2_004,202526,28.87
TX_1,HOBBIES_2_004,202527,28.87
TX_1,HOBBIES_2_004,202528,27.43
TX_1,HOBBIES_2_004,202529,27.43
TX_1,HOBBIES_2_004,202530,27.43
TX_1,HOBBIES_2_004,202531,28.87
TX_1,HOBBIES_2_004,202532,28.87
TX_1,HOBBIES_2_004,202533,27.43
TX_1,HOBBIES_2_004,202534,28.87
TX_1,HOBBIES_2_004,202535,28.87
TX_1,HOBBIES_2_004,202536,30.32
TX_1,HOBBIES_2_004,202537,28.87
TX_1,HOBBIES_2_004,202538,28.87
TX_1,HOBBIES_2_004,202539,28.87
TX_1,HOBBIES_2_004,202540,28.87
TX_1,HOBBIES_2_004,202541,27.43
TX_1,HOBBIES_2_004,202542,28.87
TX_1,HOBBIES_2_004,202543,28.87
TX_1,HOBBIES_2_004,202544,28.87
TX_1,HOBBIES_2_004,202545,28.87
TX_1,HOBBIES_2_004,202546,27.43
TX_1,HOBBIES_2_004,202547,28.87
TX_1,HOBBIES_2_004,202548,28.87
TX_1,HOBBIES_2_004,202549,28.87
TX_1,HOBBIES_2_004,202550,28.87
TX_1,HOBBIES_2_004,202551,25.98
TX_1,HOBBIES_2_004,202552,28.87
TX_1,HOBBIES_2_004,202501,28.87
TX_1,HOBBIES_2_004,202601,27.43
TX_1,HOBBIES_2_004,202602,28.87
TX_1,HOBBIES_2_004,202603,28.87
TX_1,HOBBIES_2_004,202604,28.87
TX_1,HOBBIES_2_004,202605,27.43
TX_1,HOBBIES_2_004,202606,28.87
TX_1,HOBBIES_2_004,202607,28.87
TX_1,HOBBIES_2_004,202608,28.87
TX_1,HOBBIES_2_004,202609,28.87
TX_1,HOBBIES_2_004,202610,28.87
TX_1,HOBBIES_2_004,202611,28.87
TX_1,HOBBIES_2_004,202612,30.32
TX_1,HOBBIES_2_005,202512,14.37
TX_1,HOBBIES_2_005,202513,13.69
TX_1,HOBBIES_2_005,202514,12.32
TX_1,HOBBIES_2_005,202515,13.69
TX_1,HOBBIES_2_005,202516,13.69
TX_1,HOBBIES_2_005,202517,13.69
TX_1,HOBBIES_2_005,202518,13.69
TX_1,HOBBIES_2_005,202519,14.37
TX_1,HOBBIES_2_005,202520,13.69
TX_1,HOBBIES_2_005,202521,14.37
TX_1,HOBBIES_2_005,202522,13.69
TX_1,HOBBIES_2_005,202523,12.32
TX_1,HOBBIES_2_005,202524,13.69
TX_1,HOBBIES_2_005,202525,13.69
TX_1,HOBBIES_2_005,202526,13.69
TX_1,HOBBIES_2_005,202527,13.69
TX_1,HOBBIES_2_005,202528,13.69
TX_1,HOBBIES_2_005,202529,12.32
TX_1,HOBBIES_2_005,202530,12.32
TX_1,HOBBIES_2_005,202531,13.0
TX_1,HOBBIES_2_005,202532,13.0
TX_1,HOBBIES_2_005,202533,13.69
TX_1,HOBBIES_2_005,202534,12.32
TX_1,HOBBIES_2_005,202535,13.69
TX_1,HOBBIES_2_005,202536,13.69
TX_1,HOBBIES_2_005,202537,13.69
TX_1,HOBBIES_2_005,202538,13.69
TX_1,HOBBIES_2_005,202539,13.69
TX_1,HOBBIES_2_005,202540,12.32
TX_1,HOBBIES_2_005,202541,14.37
TX_1,HOBBIES_2_005,202542,13.0
TX_1,HOBBIES_2_005,202543,14.37
TX_1,HOBBIES_2_005,202544,13.69
TX_1,HOBBIES_2_005,202545,13.69
TX_1,HOBBIES_2_005,202546,13.69
TX_1,HOBBIES_2_005,202547,13.69
TX_1,HOBBIES_2_005,202548,13.0
TX_1,HOBBIES_2_005,202549,13.69
TX_1,HOBBIES_2_005,202550,14.37
TX_1,HOBBIES_2_005,202551,13.69
TX_1,HOBBIES_2_005,202552,13.69
TX_1,HOBBIES_2_005,202501,13.69
TX_1,HOBBIES_2_005,202601,13.69
TX_1,HOBBIES_2_005,202602,13.69
TX_1,HOBBIES_2_005,202603,13.69
TX_1,HOBBIES_2_005,202604,13.69
TX_1,HOBBIES_2_005,202605,13.69
TX_1,HOBBIES_2_005,202606,13.69
TX_1,HOBBIES_2_005,202607,13.69
TX_1,HOBBIES_2_005,202608,13.69
TX_1,HOBBIES_2_005,202609,14.37
TX_1,HOBBIES_2_005,202610,13.69
TX_1,HOBBIES_2_005,202611,13.69
TX_1,HOBBIES_2_005,202612,13.69
TX_1,HOBBIES_2_006,202512,24.84
TX_1,HOBBIES_2_006,202513,24.84
TX_1,HOBBIES_2_006,202514,24.84
TX_1,HOBBIES_2_006,202515,23.6
TX_1,HOBBIES_2_006,202516,22.35
TX_1,HOBBIES_2_006,202517,24.84
TX_1,HOBBIES_2_006,202518,24.84
TX_1,HOBBIES_2_006,202519,24.84
TX_1,HOBBIES_2_006,202520,26.08
TX_1,HOBBIES_2_006,202521,23.6
TX_1,HOBBIES_2_006,202522,24.84
TX_1,HOBBIES_2_006,202523,24.84
TX_1,HOBBIES_2_006,202524,24.84
TX_1,HOBBIES_2_006,202525,26.08
TX_1,HOBBIES_2_006,202526,22.35
TX_1,HOBBIES_2_006,202527,23.6
TX_1,HOBBIES_2_006,202528,24.84
TX_1,HOBBIES_2_006,202529,24.84
TX_1,HOBBIES_2_006,202530,24.84
TX_1,HOBBIES_2_006,202531,23.6
TX_1,HOBBIES_2_006,202532,26.08
TX_1,HOBBIES_2_006,202533,24.84
TX_1,HOBBIES_2_006,202534,24.84
TX_1,HOBBIES_2_006,202535,23.6
TX_1,HOBBIES_2_006,202536,26.08
TX_1,HOBBIES_2_006,202537,24.84
TX_1,HOBBIES_2_006,202538,24.84
TX_1,HOBBIES_2_006,202539,24.84
TX_1,HOBBIES_2_006,202540,24.84
TX_1,HOBBIES_2_006,202541,24.84
TX_1,HOBBIES_2_006,202542,24.84
TX_1,HOBBIES_2_006,202543,24.84
TX_1,HOBBIES_2_006,202544,24.84
TX_1,HOBBIES_2_006,202545,26.08
TX_1,HOBBIES_2_006,202546,26.08
TX_1,HOBBIES_2_006,202547,24.84
TX_1,HOBBIES_2_006,202548,24.84
TX_1,HOBBIES_2_006,202549,24.84
TX_1,HOBBIES_2_006,202550,24.84
TX_1,HOBBIES_2_006,202551,24.84
TX_1,HOBBIES_2_006,202552,23.6
TX_1,HOBBIES_2_006,202501,24.84
TX_1,HOBBIES_2_006,202601,24.84
TX_1,HOBBIES_2_006,202602,24.84
TX_1,HOBBIES_2_006,202603,24.84
TX_1,HOBBIES_2_006,202604,24.84
TX_1,HOBBIES_2_006,202605,23.6
TX_1,HOBBIES_2_006,202606,24.84
TX_1,HOBBIES_2_006,202607,26.08
TX_1,HOBBIES_2_006,202608,24.84
TX_1,HOBBIES_2_006,202609,26.08
TX_1,HOBBIES_2_006,202610,26.08
TX_1,HOBBIES_2_006,202611,24.84
TX_1,HOBBIES_2_006,202612,22.35
TX_1,HOBBIES_2_007,202512,12.81
TX_1,HOBBIES_2_007,202513,14.23
TX_1,HOBBIES_2_007,202514,14.94
TX_1,HOBBIES_2_007,202515,12.81
TX_1,HOBBIES_2_007,202516,12.81
TX_1,HOBBIES_2_007,202517,13.52
TX_1,HOBBIES_2_007,202518,14.23
TX_1,HOBBIES_2_007,202519,14.23
TX_1,HOBBIES_2_007,202520,14.23
TX_1,HOBBIES_2_007,202521,14.23
TX_1,HOBBIES_2_007,202522,14.23
TX_1,HOBBIES_2_007,202523,14.23
TX_1,HOBBIES_2_007,202524,13.52
TX_1,HOBBIES_2_007,202525,14.94
TX_1,HOBBIES_2_007,202526,12.81
TX_1,HOBBIES_2_007,202527,13.52
TX_1,HOBBIES_2_007,202528,14.23
TX_1,HOBBIES_2_007,202529,14.23
TX_1,HOBBIES_2_007,202530,14.94
TX_1,HOBBIES_2_007,202531,14.23
TX_1,HOBBIES_2_007,202532,14.23
TX_1,HOBBIES_2_007,202533,14.23
TX_1,HOBBIES_2_007,202534,14.23
TX_1,HOBBIES_2_007,202535,14.23
TX_1,HOBBIES_2_007,202536,12.81
TX_1,HOBBIES_2_007,202537,12.81
TX_1,HOBBIES_2_007,202538,12.81
TX_1,HOBBIES_2_007,202539,14.23
TX_1,HOBBIES_2_007,202540,14.23
TX_1,HOBBIES_2_007,202541,14.23
TX_1,HOBBIES_2_007,202542,12.81
TX_1,HOBBIES_2_007,202543,13.52
TX_1,HOBBIES_2_007,202544,14.23
TX_1,HOBBIES_2_007,202545,14.23
TX_1,HOBBIES_2_007,202546,14.94
TX_1,HOBBIES_2_007,202547,14.23
TX_1,HOBBIES_2_007,202548,14.23
TX_1,HOBBIES_2_007,202549,14.23
TX_1,HOBBIES_2_007,202550,13.52
TX_1,HOBBIES_2_007,202551,12.81
TX_1,HOBBIES_2_007,202552,14.23
TX_1,HOBBIES_2_007,202501,14.23
TX_1,HOBBIES_2_007,202601,14.23
TX_1,HOBBIES_2_007,202602,14.23
TX_1,HOBBIES_2_007,202603,14.23
TX_1,HOBBIES_2_007,202604,14.23
TX_1,HOBBIES_2_007,202605,14.23
TX_1,HOBBIES_2_007,202606,14.23
TX_1,HOBBIES_2_007,202607,14.23
TX_1,HOBBIES_2_007,202608,14.23
TX_1,HOBBIES_2_007,202609,12.81
TX_1,HOBBIES_2_007,202610,14.23
TX_1,HOBBIES_2_007,202611,14.23
TX_1,HOBBIES_2_007,202612,14.23
TX_1,HOBBIES_2_008,202512,8.26
TX_1,HOBBIES_2_008,202513,7.43
TX_1,HOBBIES_2_008,202514,8.26
TX_1,HOBBIES_2_008,202515,8.26
TX_1,HOBBIES_2_008,202516,8.26
TX_1,HOBBIES_2_008,202517,8.26
TX_1,HOBBIES_2_008,202518,8.26
TX_1,HOBBIES_2_008,202519,8.26
TX_1,HOBBIES_2_008,202520,8.26
TX_1,HOBBIES_2_008,202521,8.26
TX_1,HOBBIES_2_008,202522,8.67
TX_1,HOBBIES_2_008,202523,8.26
TX_1,HOBBIES_2_008,202524,7.85
TX_1,HOBBIES_2_008,202525,7.43
TX_1,HOBBIES_2_008,202526,8.26
TX_1,HOBBIES_2_008,202527,8.26
TX_1,HOBBIES_2_008,202528,8.26
TX_1,HOBBIES_2_008,202529,8.26
TX_1,HOBBIES_2_008,202530,7.43
TX_1,HOBBIES_2_008,202531,8.67
TX_1,HOBBIES_2_008,202532,8.26
TX_1,HOBBIES_2_008,202533,8.26
TX_1,HOBBIES_2_008,202534,8.26
TX_1,HOBBIES_2_008,202535,7.85
TX_1,HOBBIES_2_008,202536,8.26
TX_1,HOBBIES_2_008,202537,7.85
TX_1,HOBBIES_2_008,202538,7.85
TX_1,HOBBIES_2_008,202539,8.26
TX_1,HOBBIES_2_008,202540,8.26
TX_1,HOBBIES_2_008,202541,8.26
TX_1,HOBBIES_2_008,202542,8.26
TX_1,HOBBIES_2_008,202543,8.26
TX_1,HOBBIES_2_008,202544,7.43
TX_1,HOBBIES_2_008,202545,8.26
TX_1,HOBBIES_2_008,202546,8.26
TX_1,HOBBIES_2_008,202547,8.26
TX_1,HOBBIES_2_008,202548,8.26
TX_1,HOBBIES_2_008,202549,8.26
TX_1,HOBBIES_2_008,202550,8.26
TX_1,HOBBIES_2_008,202551,8.26
TX_1,HOBBIES_2_008,202552,8.67
TX_1,HOBBIES_2_008,202501,7.43
TX_1,HOBBIES_2_008,202601,7.43
TX_1,HOBBIES_2_008,202602,8.26
TX_1,HOBBIES_2_008,202603,8.26
TX_1,HOBBIES_2_008,202604,8.26
TX_1,HOBBIES_2_008,202605,8.26
TX_1,HOBBIES_2_008,202606,8.26
TX_1,HOBBIES_2_008,202607,7.43
TX_1,HOBBIES_2_008,202608,8.26
TX_1,HOBBIES_2_008,202609,7.85
TX_1,HOBBIES_2_008,202610,8.26
TX_1,HOBBIES_2_008,202611,7.43
TX_1,HOBBIES_2_008,202612,8.26
TX_1,HOBBIES_2_009,202512,3.43
TX_1,HOBBIES_2_009,202513,3.43
TX_1,HOBBIES_2_009,202514,3.43
TX_1,HOBBIES_2_009,202515,3.09
TX_1,HOBBIES_2_009,202516,3.43
TX_1,HOBBIES_2_009,202517,3.43
TX_1,HOBBIES_2_009,202518,3.43
TX_1,HOBBIES_2_009,202519,3.43
TX_1,HOBBIES_2_009,202520,3.43
TX_1,HOBBIES_2_009,202521,3.43
TX_1,HOBBIES_2_009,202522,3.43
TX_1,HOBBIES_2_009,202523,3.26
TX_1,HOBBIES_2_009,202524,3.43
TX_1,HOBBIES_2_009,202525,3.43
TX_1,HOBBIES_2_009,202526,3.43
TX_1,HOBBIES_2_009,202527,3.09
TX_1,HOBBIES_2_009,202528,3.43
TX_1,HOBBIES_2_009,202529,3.26
TX_1,HOBBIES_2_009,202530,3.43
TX_1,HOBBIES_2_009,202531,3.43
TX_1,HOBBIES_2_009,202532,3.43
TX_1,HOBBIES_2_009,202533,3.26
TX_1,HOBBIES_2_009,202534,3.43
TX_1,HOBBIES_2_009,202535,3.43
TX_1,HOBBIES_2_009,202536,3.26
TX_1,HOBBIES_2_009,202537,3.43
TX_1,HOBBIES_2_009,202538,3.43
TX_1,HOBBIES_2_009,202539,3.43
TX_1,HOBBIES_2_009,202540,3.43
TX_1,HOBBIES_2_009,202541,3.43
TX_1,HOBBIES_2_009,202542,3.6
TX_1,HOBBIES_2_009,202543,3.43
TX_1,HOBBIES_2_009,202544,3.43
TX_1,HOBBIES_2_009,202545,3.43
TX_1,HOBBIES_2_009,202546,3.43
TX_1,HOBBIES_2_009,202547,3.43
TX_1,HOBBIES_2_009,202548,3.6
TX_1,HOBBIES_2_009,202549,3.43
TX_1,HOBBIES_2_009,202550,3.43
TX_1,HOBBIES_2_009,202551,3.43
TX_1,HOBBIES_2_009,202552,3.26
TX_1,HOBBIES_2_009,202501,3.43
TX_1,HOBBIES_2_009,202601,3.43
TX_1,HOBBIES_2_009,202602,3.6
TX_1,HOBBIES_2_009,202603,3.43
TX_1,HOBBIES_2_009,202604,3.26
TX_1,HOBBIES_2_009,202605,3.43
TX_1,HOBBIES_2_009,202606,3.43
TX_1,HOBBIES_2_009,202607,3.6
TX_1,HOBBIES_2_009,202608,3.43
TX_1,HOBBIES_2_009,202609,3.43
TX_1,HOBBIES_2_009,202610,3.09
TX_1,HOBBIES_2_009,202611,3.43
TX_1,HOBBIES_2_009,202612,3.26
TX_1,HOBBIES_2_010,202512,10.24
TX_1,HOBBIES_2_010,202513,9.75
TX_1,HOBBIES_2_010,202514,10.24
TX_1,HOBBIES_2_010,202515,8.77
TX_1,HOBBIES_2_010,202516,10.24
TX_1,HOBBIES_2_010,202517,8.77
TX_1,HOBBIES_2_010,202518,8.77
TX_1,HOBBIES_2_010,202519,9.75
TX_1,HOBBIES_2_010,202520,9.75
TX_1,HOBBIES_2_010,202521,9.75
TX_1,HOBBIES_2_010,202522,9.75
TX_1,HOBBIES_2_010,202523,9.75
TX_1,HOBBIES_2_010,202524,9.75
TX_1,HOBBIES_2_010,202525,9.75
TX_1,HOBBIES_2_010,202526,9.75
TX_1,HOBBIES_2_010,202527,9.75
TX_1,HOBBIES_2_010,202528,10.24
TX_1,HOBBIES_2_010,202529,9.75
TX_1,HOBBIES_2_010,202530,9.75
TX_1,HOBBIES_2_010,202531,9.75
TX_1,HOBBIES_2_010,202532,9.75
TX_1,HOBBIES_2_010,202533,9.75
TX_1,HOBBIES_2_010,202534,9.75
TX_1,HOBBIES_2_010,202535,9.75
TX_1,HOBBIES_2_010,202536,9.75
TX_1,HOBBIES_2_010,202537,9.26
TX_1,HOBBIES_2_010,202538,9.75
TX_1,HOBBIES_2_010,202539,9.75
TX_1,HOBBIES_2_010,202540,9.75
TX_1,HOBBIES_2_010,202541,9.75
TX_1,HOBBIES_2_010,202542,9.75
TX_1,HOBBIES_2_010,202543,9.75
TX_1,HOBBIES_2_010,202544,10.24
TX_1,HOBBIES_2_010,202545,9.75
TX_1,HOBBIES_2_010,202546,9.75
TX_1,HOBBIES_2_010,202547,9.75
TX_1,HOBBIES_2_010,202548,9.75
TX_1,HOBBIES_2_010,202549,9.75
TX_1,HOBBIES_2_010,202550,9.75
TX_1,HOBBIES_2_010,202551,9.26
TX_1,HOBBIES_2_010,202552,9.75
TX_1,HOBBIES_2_010,202501,9.75
TX_1,HOBBIES_2_010,202601,8.77
TX_1,HOBBIES_2_010,202602,9.75
TX_1,HOBBIES_2_010,202603,9.75
TX_1,HOBBIES_2_010,202604,9.26
TX_1,HOBBIES_2_010,202605,9.75
TX_1,HOBBIES_2_010,202606,9.75
TX_1,HOBBIES_2_010,202607,9.75
TX_1,HOBBIES_2_010,202608,8.77
TX_1,HOBBIES_2_010,202609,9.75
TX_1,HOBBIES_2_010,202610,9.75
TX_1,HOBBIES_2_010,202611,10.24
TX_1,HOBBIES_2_010,202612,8.77
TX_1,HOUSEHOLD_3_001,202512,25.16
TX_1,HOUSEHOLD_3_001,202513,25.16
TX_1,HOUSEHOLD_3_001,202514,25.16
TX_1,HOUSEHOLD_3_001,202515,25.16
TX_1,HOUSEHOLD_3_001,202516,26.42
TX_1,HOUSEHOLD_3_001,202517,25.16
TX_1,HOUSEHOLD_3_001,202518,22.65
TX_1,HOUSEHOLD_3_001,202519,22.65
TX_1,HOUSEHOLD_3_001,202520,25.16
TX_1,HOUSEHOLD_3_001,202521,25.16
TX_1,HOUSEHOLD_3_001,202522,25.16
TX_1,HOUSEHOLD_3_001,202523,22.65
TX_1,HOUSEHOLD_3_001,202524,25.16
TX_1,HOUSEHOLD_3_001,202525,26.42
TX_1,HOUSEHOLD_3_001,202526,25.16
TX_1,HOUSEHOLD_3_001,202527,25.16
TX_1,HOUSEHOLD_3_001,202528,26.42
TX_1,HOUSEHOLD_3_001,202529,25.16
TX_1,HOUSEHOLD_3_001,202530,23.91
TX_1,HOUSEHOLD_3_001,202531,25.16
TX_1,HOUSEHOLD_3_001,202532,25.16
TX_1,HOUSEHOLD_3_001,202533,25.16
TX_1,HOUSEHOLD_3_001,202534,25.16
TX_1,HOUSEHOLD_3_001,202535,22.65
TX_1,HOUSEHOLD_3_001,202536,23.91
TX_1,HOUSEHOLD_3_001,202537,22.65
TX_1,HOUSEHOLD_3_001,202538,25.16
TX_1,HOUSEHOLD_3_001,202539,26.42
TX_1,HOUSEHOLD_3_001,202540,26.42
TX_1,HOUSEHOLD_3_001,202541,25.16
TX_1,HOUSEHOLD_3_001,202542,25.16
TX_1,HOUSEHOLD_3_001,202543,25.16
TX_1,HOUSEHOLD_3_001,202544,22.65
TX_1,HOUSEHOLD_3_001,202545,25.16
TX_1,HOUSEHOLD_3_001,202546,26.42
TX_1,HOUSEHOLD_3_001,202547,22.65
TX_1,HOUSEHOLD_3_001,202548,25.16
TX_1,HOUSEHOLD_3_001,202549,25.16
TX_1,HOUSEHOLD_3_001,202550,25.16
TX_1,HOUSEHOLD_3_001,202551,25.16
TX_1,HOUSEHOLD_3_001,202552,25.16
TX_1,HOUSEHOLD_3_001,202501,23.91
TX_1,HOUSEHOLD_3_001,202601,25.16
TX_1,HOUSEHOLD_3_001,202602,23.91
TX_1,HOUSEHOLD_3_001,202603,25.16
TX_1,HOUSEHOLD_3_001,202604,22.65
TX_1,HOUSEHOLD_3_001,202605,23.91
TX_1,HOUSEHOLD_3_001,202606,26.42
TX_1,HOUSEHOLD_3_001,202607,25.16
TX_1,HOUSEHOLD_3_001,202608,26.42
TX_1,HOUSEHOLD_3_001,202609,25.16
TX_1,HOUSEHOLD_3_001,202610,25.16
TX_1,HOUSEHOLD_3_001,202611,25.16
TX_1,HOUSEHOLD_3_001,202612,26.42
TX_1,HOUSEHOLD_3_002,202512,3.51
TX_1,HOUSEHOLD_3_002,202513,3.51
TX_1,HOUSEHOLD_3_002,202514,3.16
TX_1,HOUSEHOLD_3_002,202515,3.51
TX_1,HOUSEHOLD_3_002,202516,3.51
TX_1,HOUSEHOLD_3_002,202517,3.51
TX_1,HOUSEHOLD_3_002,202518,3.16
TX_1,HOUSEHOLD_3_002,202519,3.51
TX_1,HOUSEHOLD_3_002,202520,3.51
TX_1,HOUSEHOLD_3_002,202521,3.51
TX_1,HOUSEHOLD_3_002,202522,3.51
TX_1,HOUSEHOLD_3_002,202523,3.69
TX_1,HOUSEHOLD_3_002,202524,3.51
TX_1,HOUSEHOLD_3_002,202525,3.51
TX_1,HOUSEHOLD_3_002,202526,3.16
TX_1,HOUSEHOLD_3_002,202527,3.51
TX_1,HOUSEHOLD_3_002,202528,3.34
TX_1,HOUSEHOLD_3_002,202529,3.51
TX_1,HOUSEHOLD_3_002,202530,3.69
TX_1,HOUSEHOLD_3_002,202531,3.16
TX_1,HOUSEHOLD_3_002,202532,3.16
TX_1,HOUSEHOLD_3_002,202533,3.51
TX_1,HOUSEHOLD_3_002,202534,3.51
TX_1,HOUSEHOLD_3_002,202535,3.51
TX_1,HOUSEHOLD_3_002,202536,3.16
TX_1,HOUSEHOLD_3_002,202537,3.51
TX_1,HOUSEHOLD_3_002,202538,3.51
TX_1,HOUSEHOLD_3_002,202539,3.34
TX_1,HOUSEHOLD_3_002,202540,3.51
TX_1,HOUSEHOLD_3_002,202541,3.51
TX_1,HOUSEHOLD_3_002,202542,3.51
TX_1,HOUSEHOLD_3_002,202543,3.69
TX_1,HOUSEHOLD_3_002,202544,3.69
TX_1,HOUSEHOLD_3_002,202545,3.51
TX_1,HOUSEHOLD_3_002,202546,3.51
TX_1,HOUSEHOLD_3_002,202547,3.51
TX_1,HOUSEHOLD_3_002,202548,3.51
TX_1,HOUSEHOLD_3_002,202549,3.51
TX_1,HOUSEHOLD_3_002,202550,3.51
TX_1,HOUSEHOLD_3_002,202551,3.51
TX_1,HOUSEHOLD_3_002,202552,3.51
TX_1,HOUSEHOLD_3_002,202501,3.51
TX_1,HOUSEHOLD_3_002,202601,3.51
TX_1,HOUSEHOLD_3_002,202602,3.51
TX_1,HOUSEHOLD_3_002,202603,3.51
TX_1,HOUSEHOLD_3_002,202604,3.51
TX_1,HOUSEHOLD_3_002,202605,3.51
TX_1,HOUSEHOLD_3_002,202606,3.51
TX_1,HOUSEHOLD_3_002,202607,3.51
TX_1,HOUSEHOLD_3_002,202608,3.69
TX_1,HOUSEHOLD_3_002,202609,3.51
TX_1,HOUSEHOLD_3_002,202610,3.51
TX_1,HOUSEHOLD_3_002,202611,3.51
TX_1,HOUSEHOLD_3_002,202612,3.34
TX_1,HOUSEHOLD_3_003,202512,28.53
TX_1,HOUSEHOLD_3_003,202513,28.53
TX_1,HOUSEHOLD_3_003,202514,28.53
TX_1,HOUSEHOLD_3_003,202515,28.53
TX_1,HOUSEHOLD_3_003,202516,25.68
TX_1,HOUSEHOLD_3_003,202517,28.53
TX_1,HOUSEHOLD_3_003,202518,27.11
TX_1,HOUSEHOLD_3_003,202519,28.53
TX_1,HOUSEHOLD_3_003,202520,28.53
TX_1,HOUSEHOLD_3_003,202521,28.53
TX_1,HOUSEHOLD_3_003,202522,28.53
TX_1,HOUSEHOLD_3_003,202523,27.11
TX_1,HOUSEHOLD_3_003,202524,28.53
TX_1,HOUSEHOLD_3_003,202525,28.53
TX_1,HOUSEHOLD_3_003,202526,28.53
TX_1,HOUSEHOLD_3_003,202527,27.11
TX_1,HOUSEHOLD_3_003,202528,27.11
TX_1,HOUSEHOLD_3_003,202529,27.11
TX_1,HOUSEHOLD_3_003,202530,27.11
TX_1,HOUSEHOLD_3_003,202531,28.53
TX_1,HOUSEHOLD_3_003,202532,28.53
TX_1,HOUSEHOLD_3_003,202533,25.68
TX_1,HOUSEHOLD_3_003,202534,27.11
TX_1,HOUSEHOLD_3_003,202535,28.53
TX_1,HOUSEHOLD_3_003,202536,28.53
TX_1,HOUSEHOLD_3_003,202537,28.53
TX_1,HOUSEHOLD_3_003,202538,28.53
TX_1,HOUSEHOLD_3_003,202539,28.53
TX_1,HOUSEHOLD_3_003,202540,28.53
TX_1,HOUSEHOLD_3_003,202541,28.53
TX_1,HOUSEHOLD_3_003,202542,27.11
TX_1,HOUSEHOLD_3_003,202543,27.11
TX_1,HOUSEHOLD_3_003,202544,28.53
TX_1,HOUSEHOLD_3_003,202545,28.53
TX_1,HOUSEHOLD_3_003,202546,28.53
TX_1,HOUSEHOLD_3_003,202547,28.53
TX_1,HOUSEHOLD_3_003,202548,28.53
TX_1,HOUSEHOLD_3_003,202549,28.53
TX_1,HOUSEHOLD_3_003,202550,28.53
TX_1,HOUSEHOLD_3_003,202551,28.53
TX_1,HOUSEHOLD_3_003,202552,28.53
TX_1,HOUSEHOLD_3_003,202501,28.53
TX_1,HOUSEHOLD_3_003,202601,27.11
TX_1,HOUSEHOLD_3_003,202602,28.53
TX_1,HOUSEHOLD_3_003,202603,28.53
TX_1,HOUSEHOLD_3_003,202604,28.53
TX_1,HOUSEHOLD_3_003,202605,28.53
TX_1,HOUSEHOLD_3_003,202606,27.11
TX_1,HOUSEHOLD_3_003,202607,28.53
TX_1,HOUSEHOLD_3_003,202608,28.53
TX_1,HOUSEHOLD_3_003,202609,28.53
TX_1,HOUSEHOLD_3_003,202610,28.53
TX_1,HOUSEHOLD_3_003,202611,28.53
TX_1,HOUSEHOLD_3_003,202612,28.53
TX_1,HOUSEHOLD_3_004,202512,22.66
TX_1,HOUSEHOLD_3_004,202513,20.39
TX_1,HOUSEHOLD_3_004,202514,22.66
TX_1,HOUSEHOLD_3_004,202515,22.66
TX_1,HOUSEHOLD_3_004,202516,22.66
TX_1,HOUSEHOLD_3_004,202517,22.66
TX_1,HOUSEHOLD_3_004,202518,20.39
TX_1,HOUSEHOLD_3_004,202519,22.66
TX_1,HOUSEHOLD_3_004,202520,22.66
TX_1,HOUSEHOLD_3_004,202521,22.66
TX_1,HOUSEHOLD_3_004,202522,22.66
TX_1,HOUSEHOLD_3_004,202523,22.66
TX_1,HOUSEHOLD_3_004,202524,22.66
TX_1,HOUSEHOLD_3_004,202525,22.66
TX_1,HOUSEHOLD_3_004,202526,22.66
TX_1,HOUSEHOLD_3_004,202527,22.66
TX_1,HOUSEHOLD_3_004,202528,23.79
TX_1,HOUSEHOLD_3_004,202529,22.66
TX_1,HOUSEHOLD_3_004,202530,22.66
TX_1,HOUSEHOLD_3_004,202531,22.66
TX_1,HOUSEHOLD_3_004,202532,22.66
TX_1,HOUSEHOLD_3_004,202533,22.66
TX_1,HOUSEHOLD_3_004,202534,23.79
TX_1,HOUSEHOLD_3_004,202535,21.53
TX_1,HOUSEHOLD_3_004,202536,20.39
TX_1,HOUSEHOLD_3_004,202537,22.66
TX_1,HOUSEHOLD_3_004,202538,22.66
TX_1,HOUSEHOLD_3_004,202539,22.66
TX_1,HOUSEHOLD_3_004,202540,22.66
TX_1,HOUSEHOLD_3_004,202541,22.66
TX_1,HOUSEHOLD_3_004,202542,22.66
TX_1,HOUSEHOLD_3_004,202543,20.39
TX_1,HOUSEHOLD_3_004,202544,20.39
TX_1,HOUSEHOLD_3_004,202545,22.66
TX_1,HOUSEHOLD_3_004,202546,22.66
TX_1,HOUSEHOLD_3_004,202547,22.66
TX_1,HOUSEHOLD_3_004,202548,22.66
TX_1,HOUSEHOLD_3_004,202549,21.53
TX_1,HOUSEHOLD_3_004,202550,22.66
TX_1,HOUSEHOLD_3_004,202551,22.66
TX_1,HOUSEHOLD_3_004,202552,22.66
TX_1,HOUSEHOLD_3_004,202501,20.39
TX_1,HOUSEHOLD_3_004,202601,22.66
TX_1,HOUSEHOLD_3_004,202602,22.66
TX_1,HOUSEHOLD_3_004,202603,21.53
TX_1,HOUSEHOLD_3_004,202604,22.66
TX_1,HOUSEHOLD_3_004,202605,22.66
TX_1,HOUSEHOLD_3_004,202606,22.66
TX_1,HOUSEHOLD_3_004,202607,22.66
TX_1,HOUSEHOLD_3_004,202608,20.39
TX_1,HOUSEHOLD_3_004,202609,21.53
TX_1,HOUSEHOLD_3_004,202610,22.66
TX_1,HOUSEHOLD_3_004,202611,22.66
TX_1,HOUSEHOLD_3_004,202612,22.66
TX_1,HOUSEHOLD_3_005,202512,16.14
TX_1,HOUSEHOLD_3_005,202513,15.37
TX_1,HOUSEHOLD_3_005,202514,15.37
TX_1,HOUSEHOLD_3_005,202515,15.37
TX_1,HOUSEHOLD_3_005,202516,15.37
TX_1,HOUSEHOLD_3_005,202517,15.37
TX_1,HOUSEHOLD_3_005,202518,15.37
TX_1,HOUSEHOLD_3_005,202519,15.37
TX_1,HOUSEHOLD_3_005,202520,15.37
TX_1,HOUSEHOLD_3_005,202521,15.37
TX_1,HOUSEHOLD_3_005,202522,15.37
TX_1,HOUSEHOLD_3_005,202523,15.37
TX_1,HOUSEHOLD_3_005,202524,14.61
TX_1,HOUSEHOLD_3_005,202525,14.61
TX_1,HOUSEHOLD_3_005,202526,15.37
TX_1,HOUSEHOLD_3_005,202527,15.37
TX_1,HOUSEHOLD_3_005,202528,14.61
TX_1,HOUSEHOLD_3_005,202529,15.37
TX_1,HOUSEHOLD_3_005,202530,15.37
TX_1,HOUSEHOLD_3_005,202531,15.37
TX_1,HOUSEHOLD_3_005,202532,15.37
TX_1,HOUSEHOLD_3_005,202533,13.84
TX_1,HOUSEHOLD_3_005,202534,15.37
TX_1,HOUSEHOLD_3_005,202535,14.61
TX_1,HOUSEHOLD_3_005,202536,15.37
TX_1,HOUSEHOLD_3_005,202537,15.37
TX_1,HOUSEHOLD_3_005,202538,15.37
TX_1,HOUSEHOLD_3_005,202539,15.37
TX_1,HOUSEHOLD_3_005,202540,15.37
TX_1,HOUSEHOLD_3_005,202541,13.84
TX_1,HOUSEHOLD_3_005,202542,13.84
TX_1,HOUSEHOLD_3_005,202543,13.84
TX_1,HOUSEHOLD_3_005,202544,15.37
TX_1,HOUSEHOLD_3_005,202545,16.14
TX_1,HOUSEHOLD_3_005,202546,13.84
TX_1,HOUSEHOLD_3_005,202547,14.61
TX_1,HOUSEHOLD_3_005,202548,15.37
TX_1,HOUSEHOLD_3_005,202549,15.37
TX_1,HOUSEHOLD_3_005,202550,15.37
TX_1,HOUSEHOLD_3_005,202551,15.37
TX_1,HOUSEHOLD_3_005,202552,15.37
TX_1,HOUSEHOLD_3_005,202501,13.84
TX_1,HOUSEHOLD_3_005,202601,15.37
TX_1,HOUSEHOLD_3_005,202602,15.37
TX_1,HOUSEHOLD_3_005,202603,15.37
TX_1,HOUSEHOLD_3_005,202604,15.37
TX_1,HOUSEHOLD_3_005,202605,15.37
TX_1,HOUSEHOLD_3_005,202606,15.37
TX_1,HOUSEHOLD_3_005,202607,15.37
TX_1,HOUSEHOLD_3_005,202608,13.84
TX_1,HOUSEHOLD_3_005,202609,15.37
TX_1,HOUSEHOLD_3_005,202610,16.14
TX_1,HOUSEHOLD_3_005,202611,15.37
TX_1,HOUSEHOLD_3_005,202612,15.37
TX_1,HOUSEHOLD_3_006,202512,11.43
TX_1,HOUSEHOLD_3_006,202513,11.43
TX_1,HOUSEHOLD_3_006,202514,11.43
TX_1,HOUSEHOLD_3_006,202515,11.43
TX_1,HOUSEHOLD_3_006,202516,11.43
TX_1,HOUSEHOLD_3_006,202517,10.86
TX_1,HOUSEHOLD_3_006,202518,11.43
TX_1,HOUSEHOLD_3_006,202519,10.86
TX_1,HOUSEHOLD_3_006,202520,11.43
TX_1,HOUSEHOLD_3_006,202521,10.86
TX_1,HOUSEHOLD_3_006,202522,12.0
TX_1,HOUSEHOLD_3_006,202523,12.0
TX_1,HOUSEHOLD_3_006,202524,11.43
TX_1,HOUSEHOLD_3_006,202525,11.43
TX_1,HOUSEHOLD_3_006,202526,12.0
TX_1,HOUSEHOLD_3_006,202527,11.43
TX_1,HOUSEHOLD_3_006,202528,11.43
TX_1,HOUSEHOLD_3_006,202529,11.43
TX_1,HOUSEHOLD_3_006,202530,12.0
TX_1,HOUSEHOLD_3_006,202531,11.43
TX_1,HOUSEHOLD_3_006,202532,11.43
TX_1,HOUSEHOLD_3_006,202533,11.43
TX_1,HOUSEHOLD_3_006,202534,11.43
TX_1,HOUSEHOLD_3_006,202535,11.43
TX_1,HOUSEHOLD_3_006,202536,11.43
TX_1,HOUSEHOLD_3_006,202537,11.43
TX_1,HOUSEHOLD_3_006,202538,12.0
TX_1,HOUSEHOLD_3_006,202539,11.43
TX_1,HOUSEHOLD_3_006,202540,11.43
TX_1,HOUSEHOLD_3_006,202541,11.43
TX_1,HOUSEHOLD_3_006,202542,11.43
TX_1,HOUSEHOLD_3_006,202543,11.43
TX_1,HOUSEHOLD_3_006,202544,11.43
TX_1,HOUSEHOLD_3_006,202545,10.29
TX_1,HOUSEHOLD_3_006,202546,11.43
TX_1,HOUSEHOLD_3_006,202547,12.0
TX_1,HOUSEHOLD_3_006,202548,11.43
TX_1,HOUSEHOLD_3_006,202549,11.43
TX_1,HOUSEHOLD_3_006,202550,11.43
TX_1,HOUSEHOLD_3_006,202551,11.43
TX_1,HOUSEHOLD_3_006,202552,11.43
TX_1,HOUSEHOLD_3_006,202501,11.43
TX_1,HOUSEHOLD_3_006,202601,10.29
TX_1,HOUSEHOLD_3_006,202602,11.43
TX_1,HOUSEHOLD_3_006,202603,10.29
TX_1,HOUSEHOLD_3_006,202604,11.43
TX_1,HOUSEHOLD_3_006,202605,11.43
TX_1,HOUSEHOLD_3_006,202606,11.43
TX_1,HOUSEHOLD_3_006,202607,12.0
TX_1,HOUSEHOLD_3_006,202608,11.43
TX_1,HOUSEHOLD_3_006,202609,11.43
TX_1,HOUSEHOLD_3_006,202610,11.43
TX_1,HOUSEHOLD_3_006,202611,11.43
TX_1,HOUSEHOLD_3_006,202612,10.29
TX_1,HOUSEHOLD_3_007,202512,4.07
TX_1,HOUSEHOLD_3_007,202513,4.27
TX_1,HOUSEHOLD_3_007,202514,3.66
TX_1,HOUSEHOLD_3_007,202515,4.07
TX_1,HOUSEHOLD_3_007,202516,4.07
TX_1,HOUSEHOLD_3_007,202517,4.27
TX_1,HOUSEHOLD_3_007,202518,4.07
TX_1,HOUSEHOLD_3_007,202519,4.07
TX_1,HOUSEHOLD_3_007,202520,4.07
TX_1,HOUSEHOLD_3_007,202521,4.07
TX_1,HOUSEHOLD_3_007,202522,3.87
TX_1,HOUSEHOLD_3_007,202523,4.07
TX_1,HOUSEHOLD_3_007,202524,3.66
TX_1,HOUSEHOLD_3_007,202525,3.87
TX_1,HOUSEHOLD_3_007,202526,4.07
TX_1,HOUSEHOLD_3_007,202527,4.07
TX_1,HOUSEHOLD_3_007,202528,4.27
TX_1,HOUSEHOLD_3_007,202529,4.07
TX_1,HOUSEHOLD_3_007,202530,4.07
TX_1,HOUSEHOLD_3_007,202531,4.07
TX_1,HOUSEHOLD_3_007,202532,4.07
TX_1,HOUSEHOLD_3_007,202533,4.07
TX_1,HOUSEHOLD_3_007,202534,3.66
TX_1,HOUSEHOLD_3_007,202535,4.27
TX_1,HOUSEHOLD_3_007,202536,3.87
TX_1,HOUSEHOLD_3_007,202537,4.07
TX_1,HOUSEHOLD_3_007,202538,4.07
TX_1,HOUSEHOLD_3_007,202539,4.27
TX_1,HOUSEHOLD_3_007,202540,4.07
TX_1,HOUSEHOLD_3_007,202541,4.07
TX_1,HOUSEHOLD_3_007,202542,4.07
TX_1,HOUSEHOLD_3_007,202543,4.07
TX_1,HOUSEHOLD_3_007,202544,3.66
TX_1,HOUSEHOLD_3_007,202545,4.27
TX_1,HOUSEHOLD_3_007,202546,4.07
TX_1,HOUSEHOLD_3_007,202547,4.07
TX_1,HOUSEHOLD_3_007,202548,4.07
TX_1,HOUSEHOLD_3_007,202549,4.07
TX_1,HOUSEHOLD_3_007,202550,4.07
TX_1,HOUSEHOLD_3_007,202551,4.27
TX_1,HOUSEHOLD_3_007,202552,4.07
TX_1,HOUSEHOLD_3_007,202501,4.07
TX_1,HOUSEHOLD_3_007,202601,4.07
TX_1,HOUSEHOLD_3_007,202602,3.87
TX_1,HOUSEHOLD_3_007,202603,4.07
TX_1,HOUSEHOLD_3_007,202604,4.07
TX_1,HOUSEHOLD_3_007,202605,4.07
TX_1,HOUSEHOLD_3_007,202606,4.07
TX_1,HOUSEHOLD_3_007,202607,4.07
TX_1,HOUSEHOLD_3_007,202608,4.27
TX_1,HOUSEHOLD_3_007,202609,3.87
TX_1,HOUSEHOLD_3_007,202610,4.07
TX_1,HOUSEHOLD_3_007,202611,4.07
TX_1,HOUSEHOLD_3_007,202612,4.27
TX_1,HOUSEHOLD_3_008,202512,15.08
TX_1,HOUSEHOLD_3_008,202513,13.57
TX_1,HOUSEHOLD_3_008,202514,15.08
TX_1,HOUSEHOLD_3_008,202515,15.08
TX_1,HOUSEHOLD_3_008,202516,15.08
TX_1,HOUSEHOLD_3_008,202517,15.08
TX_1,HOUSEHOLD_3_008,202518,15.08
TX_1,HOUSEHOLD_3_008,202519,14.32
TX_1,HOUSEHOLD_3_008,202520,15.08
TX_1,HOUSEHOLD_3_008,202521,15.83
TX_1,HOUSEHOLD_3_008,202522,15.08
TX_1,HOUSEHOLD_3_008,202523,14.32
TX_1,HOUSEHOLD_3_008,202524,15.08
TX_1,HOUSEHOLD_3_008,202525,15.08
TX_1,HOUSEHOLD_3_008,202526,15.08
TX_1,HOUSEHOLD_3_008,202527,15.08
TX_1,HOUSEHOLD_3_008,202528,13.57
TX_1,HOUSEHOLD_3_008,202529,14.32
TX_1,HOUSEHOLD_3_008,202530,15.08
TX_1,HOUSEHOLD_3_008,202531,13.57
TX_1,HOUSEHOLD_3_008,202532,15.08
TX_1,HOUSEHOLD_3_008,202533,13.57
TX_1,HOUSEHOLD_3_008,202534,15.08
TX_1,HOUSEHOLD_3_008,202535,15.83
TX_1,HOUSEHOLD_3_008,202536,15.08
TX_1,HOUSEHOLD_3_008,202537,15.08
TX_1,HOUSEHOLD_3_008,202538,13.57
TX_1,HOUSEHOLD_3_008,202539,14.32
TX_1,HOUSEHOLD_3_008,202540,15.08
TX_1,HOUSEHOLD_3_008,202541,15.08
TX_1,HOUSEHOLD_3_008,202542,14.32
TX_1,HOUSEHOLD_3_008,202543,15.08
TX_1,HOUSEHOLD_3_008,202544,15.08
TX_1,HOUSEHOLD_3_008,202545,14.32
TX_1,HOUSEHOLD_3_008,202546,15.08
TX_1,HOUSEHOLD_3_008,202547,15.08
TX_1,HOUSEHOLD_3_008,202548,13.57
TX_1,HOUSEHOLD_3_008,202549,15.08
TX_1,HOUSEHOLD_3_008,202550,15.08
TX_1,HOUSEHOLD_3_008,202551,14.32
TX_1,HOUSEHOLD_3_008,202552,15.83
TX_1,HOUSEHOLD_3_008,202501,15.08
TX_1,HOUSEHOLD_3_008,202601,15.08
TX_1,HOUSEHOLD_3_008,202602,13.57
TX_1,HOUSEHOLD_3_008,202603,15.08
TX_1,HOUSEHOLD_3_008,202604,15.08
TX_1,HOUSEHOLD_3_008,202605,15.08
TX_1,HOUSEHOLD_3_008,202606,15.08
TX_1,HOUSEHOLD_3_008,202607,15.08
TX_1,HOUSEHOLD_3_008,202608,14.32
TX_1,HOUSEHOLD_3_008,202609,15.08
TX_1,HOUSEHOLD_3_008,202610,15.08
TX_1,HOUSEHOLD_3_008,202611,14.32
TX_1,HOUSEHOLD_3_008,202612,13.57
TX_1,HOUSEHOLD_3_009,202512,24.64
TX_1,HOUSEHOLD_3_009,202513,24.64
TX_1,HOUSEHOLD_3_009,202514,24.64
TX_1,HOUSEHOLD_3_009,202515,23.41
TX_1,HOUSEHOLD_3_009,202516,24.64
TX_1,HOUSEHOLD_3_009,202517,23.41
TX_1,HOUSEHOLD_3_009,202518,24.64
TX_1,HOUSEHOLD_3_009,202519,24.64
TX_1,HOUSEHOLD_3_009,202520,22.17
TX_1,HOUSEHOLD_3_009,202521,24.64
TX_1,HOUSEHOLD_3_009,202522,24.64
TX_1,HOUSEHOLD_3_009,202523,24.64
TX_1,HOUSEHOLD_3_009,202524,24.64
TX_1,HOUSEHOLD_3_009,202525,24.64
TX_1,HOUSEHOLD_3_009,202526,24.64
TX_1,HOUSEHOLD_3_009,202527,24.64
TX_1,HOUSEHOLD_3_009,202528,24.64
TX_1,HOUSEHOLD_3_009,202529,24.64
TX_1,HOUSEHOLD_3_009,202530,24.64
TX_1,HOUSEHOLD_3_009,202531,24.64
TX_1,HOUSEHOLD_3_009,202532,23.41
TX_1,HOUSEHOLD_3_009,202533,24.64
TX_1,HOUSEHOLD_3_009,202534,24.64
TX_1,HOUSEHOLD_3_009,202535,24.64
TX_1,HOUSEHOLD_3_009,202536,23.41
TX_1,HOUSEHOLD_3_009,202537,24.64
TX_1,HOUSEHOLD_3_009,202538,24.64
TX_1,HOUSEHOLD_3_009,202539,24.64
TX_1,HOUSEHOLD_3_009,202540,24.64
TX_1,HOUSEHOLD_3_009,202541,25.87
TX_1,HOUSEHOLD_3_009,202542,24.64
TX_1,HOUSEHOLD_3_009,202543,24.64
TX_1,HOUSEHOLD_3_009,202544,24.64
TX_1,HOUSEHOLD_3_009,202545,23.41
TX_1,HOUSEHOLD_3_009,202546,24.64
TX_1,HOUSEHOLD_3_009,202547,22.17
TX_1,HOUSEHOLD_3_009,202548,22.17
TX_1,HOUSEHOLD_3_009,202549,25.87
TX_1,HOUSEHOLD_3_009,202550,22.17
TX_1,HOUSEHOLD_3_009,202551,24.64
TX_1,HOUSEHOLD_3_009,202552,24.64
TX_1,HOUSEHOLD_3_009,202501,24.64
TX_1,HOUSEHOLD_3_009,202601,24.64
TX_1,HOUSEHOLD_3_009,202602,24.64
TX_1,HOUSEHOLD_3_009,202603,24.64
TX_1,HOUSEHOLD_3_009,202604,24.64
TX_1,HOUSEHOLD_3_009,202605,24.64
TX_1,HOUSEHOLD_3_009,202606,24.64
TX_1,HOUSEHOLD_3_009,202607,25.87
TX_1,HOUSEHOLD_3_009,202608,24.64
TX_1,HOUSEHOLD_3_009,202609,23.41
TX_1,HOUSEHOLD_3_009,202610,24.64
TX_1,HOUSEHOLD_3_009,202611,24.64
TX_1,HOUSEHOLD_3_009,202612,24.64
TX_1,HOUSEHOLD_3_010,202512,2.35
TX_1,HOUSEHOLD_3_010,202513,2.35
TX_1,HOUSEHOLD_3_010,202514,2.35
TX_1,HOUSEHOLD_3_010,202515,2.35
TX_1,HOUSEHOLD_3_010,202516,2.11
TX_1,HOUSEHOLD_3_010,202517,2.35
TX_1,HOUSEHOLD_3_010,202518,2.35
TX_1,HOUSEHOLD_3_010,202519,2.35
TX_1,HOUSEHOLD_3_010,202520,2.35
TX_1,HOUSEHOLD_3_010,202521,2.35
TX_1,HOUSEHOLD_3_010,202522,2.23
TX_1,HOUSEHOLD_3_010,202523,2.35
TX_1,HOUSEHOLD_3_010,202524,2.35
TX_1,HOUSEHOLD_3_010,202525,2.35
TX_1,HOUSEHOLD_3_010,202526,2.46
TX_1,HOUSEHOLD_3_010,202527,2.35
TX_1,HOUSEHOLD_3_010,202528,2.35
TX_1,HOUSEHOLD_3_010,202529,2.46
TX_1,HOUSEHOLD_3_010,202530,2.35
TX_1,HOUSEHOLD_3_010,202531,2.11
TX_1,HOUSEHOLD_3_010,202532,2.11
TX_1,HOUSEHOLD_3_010,202533,2.35
TX_1,HOUSEHOLD_3_010,202534,2.35
TX_1,HOUSEHOLD_3_010,202535,2.35
TX_1,HOUSEHOLD_3_010,202536,2.11
TX_1,HOUSEHOLD_3_010,202537,2.46
TX_1,HOUSEHOLD_3_010,202538,2.35
TX_1,HOUSEHOLD_3_010,202539,2.46
TX_1,HOUSEHOLD_3_010,202540,2.35
TX_1,HOUSEHOLD_3_010,202541,2.35
TX_1,HOUSEHOLD_3_010,202542,2.46
TX_1,HOUSEHOLD_3_010,202543,2.35
TX_1,HOUSEHOLD_3_010,202544,2.23
TX_1,HOUSEHOLD_3_010,202545,2.35
TX_1,HOUSEHOLD_3_010,202546,2.35
TX_1,HOUSEHOLD_3_010,202547,2.35
TX_1,HOUSEHOLD_3_010,202548,2.35
TX_1,HOUSEHOLD_3_010,202549,2.11
TX_1,HOUSEHOLD_3_010,202550,2.35
TX_1,HOUSEHOLD_3_010,202551,2.35
TX_1,HOUSEHOLD_3_010,202552,2.35
TX_1,HOUSEHOLD_3_010,202501,2.35
TX_1,HOUSEHOLD_3_010,202601,2.23
TX_1,HOUSEHOLD_3_010,202602,2.35
TX_1,HOUSEHOLD_3_010,202603,2.35
TX_1,HOUSEHOLD_3_010,202604,2.23
TX_1,HOUSEHOLD_3_010,202605,2.35
TX_1,HOUSEHOLD_3_010,202606,2.35
TX_1,HOUSEHOLD_3_010,202607,2.35
TX_1,HOUSEHOLD_3_010,202608,2.35
TX_1,HOUSEHOLD_3_010,202609,2.35
TX_1,HOUSEHOLD_3_010,202610,2.35
TX_1,HOUSEHOLD_3_010,202611,2.23
TX_1,HOUSEHOLD_3_010,202612,2.35
TX_2,FOODS_1_001,202512,9.39
TX_2,FOODS_1_001,202513,9.86
TX_2,FOODS_1_001,202514,9.39
TX_2,FOODS_1_001,202515,9.39
TX_2,FOODS_1_001,202516,9.39
TX_2,FOODS_1_001,202517,8.92
TX_2,FOODS_1_001,202518,8.45
TX_2,FOODS_1_001,202519,9.39
TX_2,FOODS_1_001,202520,9.39
TX_2,FOODS_1_001,202521,9.39
TX_2,FOODS_1_001,202522,9.39
TX_2,FOODS_1_001,202523,9.39
TX_2,FOODS_1_001,202524,9.39
TX_2,FOODS_1_001,202525,9.39
TX_2,FOODS_1_001,202526,9.39
TX_2,FOODS_1_001,202527,9.39
TX_2,FOODS_1_001,202528,9.39
TX_2,FOODS_1_001,202529,8.92
TX_2,FOODS_1_001,202530,9.39
TX_2,FOODS_1_001,202531,9.39
TX_2,FOODS_1_001,202532,9.39
TX_2,FOODS_1_001,202533,9.39
TX_2,FOODS_1_001,202534,9.39
TX_2,FOODS_1_001,202535,9.39
TX_2,FOODS_1_001,202536,9.39
TX_2,FOODS_1_001,202537,9.39
TX_2,FOODS_1_001,202538,9.39
TX_2,FOODS_1_001,202539,9.39
TX_2,FOODS_1_001,202540,9.39
TX_2,FOODS_1_001,202541,9.86
TX_2,FOODS_1_001,202542,9.39
TX_2,FOODS_1_001,202543,9.39
TX_2,FOODS_1_001,202544,9.39
TX_2,FOODS_1_001,202545,9.86
TX_2,FOODS_1_001,202546,9.39
TX_2,FOODS_1_001,202547,9.39
TX_2,FOODS_1_001,202548,8.45
TX_2,FOODS_1_001,202549,8.92
TX_2,FOODS_1_001,202550,9.39
TX_2,FOODS_1_001,202551,9.39
TX_2,FOODS_1_001,202552,9.39
TX_2,FOODS_1_001,202501,9.39
TX_2,FOODS_1_001,202601,9.39
TX_2,FOODS_1_001,202602,9.86
TX_2,FOODS_1_001,202603,9.39
TX_2,FOODS_1_001,202604,9.39
TX_2,FOODS_1_001,202605,9.39
TX_2,FOODS_1_001,202606,9.86
TX_2,FOODS_1_001,202607,9.39
TX_2,FOODS_1_001,202608,9.39
TX_2,FOODS_1_001,202609,9.86
TX_2,FOODS_1_001,202610,9.39
TX_2,FOODS_1_001,202611,8.45
TX_2,FOODS_1_001,202612,9.39
TX_2,FOODS_1_002,202512,25.99
TX_2,FOODS_1_002,202513,27.36
TX_2,FOODS_1_002,202514,27.36
TX_2,FOODS_1_002,202515,27.36
TX_2,FOODS_1_002,202516,27.36
TX_2,FOODS_1_002,202517,24.62
TX_2,FOODS_1_002,202518,27.36
TX_2,FOODS_1_002,202519,24.62
TX_2,FOODS_1_002,202520,27.36
TX_2,FOODS_1_002,202521,28.72
TX_2,FOODS_1_002,202522,27.36
TX_2,FOODS_1_002,202523,28.72
TX_2,FOODS_1_002,202524,27.36
TX_2,FOODS_1_002,202525,27.36
TX_2,FOODS_1_002,202526,25.99
TX_2,FOODS_1_002,202527,27.36
TX_2,FOODS_1_002,202528,27.36
TX_2,FOODS_1_002,202529,25.99
TX_2,FOODS_1_002,202530,27.36
TX_2,FOODS_1_002,202531,27.36
TX_2,FOODS_1_002,202532,27.36
TX_2,FOODS_1_002,202533,27.36
TX_2,FOODS_1_002,202534,24.62
TX_2,FOODS_1_002,202535,27.36
TX_2,FOODS_1_002,202536,27.36
TX_2,FOODS_1_002,202537,27.36
TX_2,FOODS_1_002,202538,25.99
TX_2,FOODS_1_002,202539,27.36
TX_2,FOODS_1_002,202540,28.72
TX_2,FOODS_1_002,202541,27.36
TX_2,FOODS_1_002,202542,27.36
TX_2,FOODS_1_002,202543,28.72
TX_2,FOODS_1_002,202544,28.72
TX_2,FOODS_1_002,202545,27.36
TX_2,FOODS_1_002,202546,25.99
TX_2,FOODS_1_002,202547,25.99
TX_2,FOODS_1_002,202548,28.72
TX_2,FOODS_1_002,202549,27.36
TX_2,FOODS_1_002,202550,27.36
TX_2,FOODS_1_002,202551,24.62
TX_2,FOODS_1_002,202552,28.72
TX_2,FOODS_1_002,202501,27.36
TX_2,FOODS_1_002,202601,27.36
TX_2,FOODS_1_002,202602,27.36
TX_2,FOODS_1_002,202603,25.99
TX_2,FOODS_1_002,202604,27.36
TX_2,FOODS_1_002,202605,27.36
TX_2,FOODS_1_002,202606,27.36
TX_2,FOODS_1_002,202607,28.72
TX_2,FOODS_1_002,202608,27.36
TX_2,FOODS_1_002,202609,27.36
TX_2,FOODS_1_002,202610,24.62
TX_2,FOODS_1_002,202611,27.36
TX_2,FOODS_1_002,202612,27.36
TX_2,FOODS_1_003,202512,12.04
TX_2,FOODS_1_003,202513,12.04
TX_2,FOODS_1_003,202514,12.04
TX_2,FOODS_1_003,202515,12.04
TX_2,FOODS_1_003,202516,12.04
TX_2,FOODS_1_003,202517,12.04
TX_2,FOODS_1_003,202518,12.04
TX_2,FOODS_1_003,202519,12.04
TX_2,FOODS_1_003,202520,12.04
TX_2,FOODS_1_003,202521,12.65
TX_2,FOODS_1_003,202522,12.04
TX_2,FOODS_1_003,202523,12.04
TX_2,FOODS_1_003,202524,12.04
TX_2,FOODS_1_003,202525,12.65
TX_2,FOODS_1_003,202526,12.04
TX_2,FOODS_1_003,202527,12.65
TX_2,FOODS_1_003,202528,11.44
TX_2,FOODS_1_003,202529,10.84
TX_2,FOODS_1_003,202530,12.04
TX_2,FOODS_1_003,202531,12.04
TX_2,FOODS_1_003,202532,12.04
TX_2,FOODS_1_003,202533,12.04
TX_2,FOODS_1_003,202534,12.04
TX_2,FOODS_1_003,202535,11.44
TX_2,FOODS_1_003,202536,12.04
TX_2,FOODS_1_003,202537,11.44
TX_2,FOODS_1_003,202538,12.04
TX_2,FOODS_1_003,202539,12.04
TX_2,FOODS_1_003,202540,11.44
TX_2,FOODS_1_003,202541,12.04
TX_2,FOODS_1_003,202542,12.04
TX_2,FOODS_1_003,202543,10.84
TX_2,FOODS_1_003,202544,12.04
TX_2,FOODS_1_003,202545,12.04
TX_2,FOODS_1_003,202546,12.04
TX_2,FOODS_1_003,202547,12.04
TX_2,FOODS_1_003,202548,12.04
TX_2,FOODS_1_003,202549,10.84
TX_2,FOODS_1_003,202550,12.04
TX_2,FOODS_1_003,202551,12.04
TX_2,FOODS_1_003,202552,12.04
TX_2,FOODS_1_003,202501,12.04
TX_2,FOODS_1_003,202601,12.04
TX_2,FOODS_1_003,202602,12.04
TX_2,FOODS_1_003,202603,10.84
TX_2,FOODS_1_003,202604,12.04
TX_2,FOODS_1_003,202605,12.04
TX_2,FOODS_1_003,202606,12.04
TX_2,FOODS_1_003,202607,12.04
TX_2,FOODS_1_003,202608,12.04
TX_2,FOODS_1_003,202609,12.04
TX_2,FOODS_1_003,202610,12.65
TX_2,FOODS_1_003,202611,11.44
TX_2,FOODS_1_003,202612,12.04
TX_2,FOODS_1_004,202512,9.01
TX_2,FOODS_1_004,202513,8.56
TX_2,FOODS_1_004,202514,9.01
TX_2,FOODS_1_004,202515,9.01
TX_2,FOODS_1_004,202516,9.01
TX_2,FOODS_1_004,202517,9.01
TX_2,FOODS_1_004,202518,8.11
TX_2,FOODS_1_004,202519,9.01
TX_2,FOODS_1_004,202520,9.01
TX_2,FOODS_1_004,202521,9.01
TX_2,FOODS_1_004,202522,9.46
TX_2,FOODS_1_004,202523,9.01
TX_2,FOODS_1_004,202524,9.01
TX_2,FOODS_1_004,202525,9.46
TX_2,FOODS_1_004,202526,8.56
TX_2,FOODS_1_004,202527,9.46
TX_2,FOODS_1_004,202528,9.01
TX_2,FOODS_1_004,202529,9.46
TX_2,FOODS_1_004,202530,9.01
TX_2,FOODS_1_004,202531,9.01
TX_2,FOODS_1_004,202532,9.01
TX_2,FOODS_1_004,202533,9.01
TX_2,FOODS_1_004,202534,9.01
TX_2,FOODS_1_004,202535,9.01
TX_2,FOODS_1_004,202536,9.01
TX_2,FOODS_1_004,202537,9.01
TX_2,FOODS_1_004,202538,9.01
TX_2,FOODS_1_004,202539,8.11
TX_2,FOODS_1_004,202540,9.01
TX_2,FOODS_1_004,202541,9.01
TX_2,FOODS_1_004,202542,9.01
TX_2,FOODS_1_004,202543,8.56
TX_2,FOODS_1_004,202544,8.11
TX_2,FOODS_1_004,202545,9.46
TX_2,FOODS_1_004,202546,9.01
TX_2,FOODS_1_004,202547,9.01
TX_2,FOODS_1_004,202548,8.11
TX_2,FOODS_1_004,202549,9.46
TX_2,FOODS_1_004,202550,9.01
TX_2,FOODS_1_004,202551,9.01
TX_2,FOODS_1_004,202552,8.11
TX_2,FOODS_1_004,202501,8.11
TX_2,FOODS_1_004,202601,8.56
TX_2,FOODS_1_004,202602,8.11
TX_2,FOODS_1_004,202603,9.01
TX_2,FOODS_1_004,202604,9.01
TX_2,FOODS_1_004,202605,8.56
TX_2,FOODS_1_004,202606,9.01
TX_2,FOODS_1_004,202607,9.01
TX_2,FOODS_1_004,202608,9.01
TX_2,FOODS_1_004,202609,9.01
TX_2,FOODS_1_004,202610,9.01
TX_2,FOODS_1_004,202611,9.01
TX_2,FOODS_1_004,202612,9.01
TX_2,FOODS_1_005,202512,21.82
TX_2,FOODS_1_005,202513,22.97
TX_2,FOODS_1_005,202514,22.97
TX_2,FOODS_1_005,202515,22.97
TX_2,FOODS_1_005,202516,20.67
TX_2,FOODS_1_005,202517,22.97
TX_2,FOODS_1_005,202518,22.97
TX_2,FOODS_1_005,202519,22.97
TX_2,FOODS_1_005,202520,22.97
TX_2,FOODS_1_005,202521,21.82
TX_2,FOODS_1_005,202522,21.82
TX_2,FOODS_1_005,202523,22.97
TX_2,FOODS_1_005,202524,22.97
TX_2,FOODS_1_005,202525,22.97
TX_2,FOODS_1_005,202526,22.97
TX_2,FOODS_1_005,202527,22.97
TX_2,FOODS_1_005,202528,22.97
TX_2,FOODS_1_005,202529,22.97
TX_2,FOODS_1_005,202530,22.97
TX_2,FOODS_1_005,202531,20.67
TX_2,FOODS_1_005,202532,22.97
TX_2,FOODS_1_005,202533,22.97
TX_2,FOODS_1_005,202534,21.82
TX_2,FOODS_1_005,202535,22.97
TX_2,FOODS_1_005,202536,22.97
TX_2,FOODS_1_005,202537,22.97
TX_2,FOODS_1_005,202538,22.97
TX_2,FOODS_1_005,202539,22.97
TX_2,FOODS_1_005,202540,20.67
TX_2,FOODS_1_005,202541,22.97
TX_2,FOODS_1_005,202542,22.97
TX_2,FOODS_1_005,202543,22.97
TX_2,FOODS_1_005,202544,22.97
TX_2,FOODS_1_005,202545,22.97
TX_2,FOODS_1_005,202546,24.12
TX_2,FOODS_1_005,202547,22.97
TX_2,FOODS_1_005,202548,22.97
TX_2,FOODS_1_005,202549,24.12
TX_2,FOODS_1_005,202550,22.97
TX_2,FOODS_1_005,202551,22.97
TX_2,FOODS_1_005,202552,22.97
TX_2,FOODS_1_005,202501,22.97
TX_2,FOODS_1_005,202601,22.97
TX_2,FOODS_1_005,202602,22.97
TX_2,FOODS_1_005,202603,22.97
TX_2,FOODS_1_005,202604,22.97
TX_2,FOODS_1_005,202605,21.82
TX_2,FOODS_1_005,202606,22.97
TX_2,FOODS_1_005,202607,22.97
TX_2,FOODS_1_005,202608,22.97
TX_2,FOODS_1_005,202609,22.97
TX_2,FOODS_1_005,202610,22.97
TX_2,FOODS_1_005,202611,24.12
TX_2,FOODS_1_005,202612,22.97
TX_2,FOODS_1_006,202512,10.4
TX_2,FOODS_1_006,202513,10.4
TX_2,FOODS_1_006,202514,10.4
TX_2,FOODS_1_006,202515,10.4
TX_2,FOODS_1_006,202516,10.92
TX_2,FOODS_1_006,202517,10.4
TX_2,FOODS_1_006,202518,10.4
TX_2,FOODS_1_006,202519,10.4
TX_2,FOODS_1_006,202520,10.4
TX_2,FOODS_1_006,202521,10.4
TX_2,FOODS_1_006,202522,10.4
TX_2,FOODS_1_006,202523,10.4
TX_2,FOODS_1_006,202524,10.4
TX_2,FOODS_1_006,202525,9.36
TX_2,FOODS_1_006,202526,10.4
TX_2,FOODS_1_006,202527,10.4
TX_2,FOODS_1_006,202528,9.36
TX_2,FOODS_1_006,202529,10.4
TX_2,FOODS_1_006,202530,10.4
TX_2,FOODS_1_006,202531,10.4
TX_2,FOODS_1_006,202532,10.4
TX_2,FOODS_1_006,202533,10.4
TX_2,FOODS_1_006,202534,9.36
TX_2,FOODS_1_006,202535,10.4
TX_2,FOODS_1_006,202536,9.88
TX_2,FOODS_1_006,202537,10.4
TX_2,FOODS_1_006,202538,9.88
TX_2,FOODS_1_006,202539,10.4
TX_2,FOODS_1_006,202540,10.4
TX_2,FOODS_1_006,202541,10.4
TX_2,FOODS_1_006,202542,10.4
TX_2,FOODS_1_006,202543,10.4
TX_2,FOODS_1_006,202544,10.4
TX_2,FOODS_1_006,202545,10.4
TX_2,FOODS_1_006,202546,10.4
TX_2,FOODS_1_006,202547,10.4
TX_2,FOODS_1_006,202548,10.4
TX_2,FOODS_1_006,202549,10.4
TX_2,FOODS_1_006,202550,10.4
TX_2,FOODS_1_006,202551,10.4
TX_2,FOODS_1_006,202552,10.4
TX_2,FOODS_1_006,202501,10.4
TX_2,FOODS_1_006,202601,9.36
TX_2,FOODS_1_006,202602,10.92
TX_2,FOODS_1_006,202603,10.92
TX_2,FOODS_1_006,202604,10.4
TX_2,FOODS_1_006,202605,9.36
TX_2,FOODS_1_006,202606,10.4
TX_2,FOODS_1_006,202607,10.4
TX_2,FOODS_1_006,202608,10.4
TX_2,FOODS_1_006,202609,10.4
TX_2,FOODS_1_006,202610,10.4
TX_2,FOODS_1_006,202611,10.4
TX_2,FOODS_1_006,202612,10.4
TX_2,FOODS_1_007,202512,26.57
TX_2,FOODS_1_007,202513,27.97
TX_2,FOODS_1_007,202514,27.97
TX_2,FOODS_1_007,202515,27.97
TX_2,FOODS_1_007,202516,27.97
TX_2,FOODS_1_007,202517,27.97
TX_2,FOODS_1_007,202518,25.17
TX_2,FOODS_1_007,202519,27.97
TX_2,FOODS_1_007,202520,27.97
TX_2,FOODS_1_007,202521,27.97
TX_2,FOODS_1_007,202522,27.97
TX_2,FOODS_1_007,202523,27.97
TX_2,FOODS_1_007,202524,29.37
TX_2,FOODS_1_007,202525,26.57
TX_2,FOODS_1_007,202526,27.97
TX_2,FOODS_1_007,202527,27.97
TX_2,FOODS_1_007,202528,27.97
TX_2,FOODS_1_007,202529,25.17
TX_2,FOODS_1_007,202530,27.97
TX_2,FOODS_1_007,202531,27.97
TX_2,FOODS_1_007,202532,27.97
TX_2,FOODS_1_007,202533,27.97
TX_2,FOODS_1_007,202534,25.17
TX_2,FOODS_1_007,202535,29.37
TX_2,FOODS_1_007,202536,27.97
TX_2,FOODS_1_007,202537,26.57
TX_2,FOODS_1_007,202538,27.97
TX_2,FOODS_1_007,202539,27.97
TX_2,FOODS_1_007,202540,27.97
TX_2,FOODS_1_007,202541,29.37
TX_2,FOODS_1_007,202542,29.37
TX_2,FOODS_1_007,202543,25.17
TX_2,FOODS_1_007,202544,27.97
TX_2,FOODS_1_007,202545,27.97
TX_2,FOODS_1_007,202546,27.97
TX_2,FOODS_1_007,202547,27.97
TX_2,FOODS_1_007,202548,27.97
TX_2,FOODS_1_007,202549,27.97
TX_2,FOODS_1_007,202550,27.97
TX_2,FOODS_1_007,202551,26.57
TX_2,FOODS_1_007,202552,27.97
TX_2,FOODS_1_007,202501,27.97
TX_2,FOODS_1_007,202601,27.97
TX_2,FOODS_1_007,202602,27.97
TX_2,FOODS_1_007,202603,27.97
TX_2,FOODS_1_007,202604,27.97
TX_2,FOODS_1_007,202605,27.97
TX_2,FOODS_1_007,202606,29.37
TX_2,FOODS_1_007,202607,25.17
TX_2,FOODS_1_007,202608,25.17
TX_2,FOODS_1_007,202609,25.17
TX_2,FOODS_1_007,202610,27.97
TX_2,FOODS_1_007,202611,27.97
TX_2,FOODS_1_007,202612,27.97
TX_2,FOODS_1_008,202512,9.8
TX_2,FOODS_1_008,202513,9.8
TX_2,FOODS_1_008,202514,9.8
TX_2,FOODS_1_008,202515,9.8
TX_2,FOODS_1_008,202516,9.8
TX_2,FOODS_1_008,202517,9.8
TX_2,FOODS_1_008,202518,10.29
TX_2,FOODS_1_008,202519,9.8
TX_2,FOODS_1_008,202520,9.8
TX_2,FOODS_1_008,202521,9.8
TX_2,FOODS_1_008,202522,9.8
TX_2,FOODS_1_008,202523,9.8
TX_2,FOODS_1_008,202524,9.31
TX_2,FOODS_1_008,202525,9.8
TX_2,FOODS_1_008,202526,9.8
TX_2,FOODS_1_008,202527,10.29
TX_2,FOODS_1_008,202528,9.8
TX_2,FOODS_1_008,202529,9.8
TX_2,FOODS_1_008,202530,8.82
TX_2,FOODS_1_008,202531,8.82
TX_2,FOODS_1_008,202532,9.8
TX_2,FOODS_1_008,202533,9.8
TX_2,FOODS_1_008,202534,10.29
TX_2,FOODS_1_008,202535,8.82
TX_2,FOODS_1_008,202536,9.8
TX_2,FOODS_1_008,202537,9.31
TX_2,FOODS_1_008,202538,9.31
TX_2,FOODS_1_008,202539,9.8
TX_2,FOODS_1_008,202540,9.8
TX_2,FOODS_1_008,202541,9.8
TX_2,FOODS_1_008,202542,9.8
TX_2,FOODS_1_008,202543,9.8
TX_2,FOODS_1_008,202544,9.8
TX_2,FOODS_1_008,202545,9.31
TX_2,FOODS_1_008,202546,10.29
TX_2,FOODS_1_008,202547,9.8
TX_2,FOODS_1_008,202548,9.8
TX_2,FOODS_1_008,202549,9.8
TX_2,FOODS_1_008,202550,9.8
TX_2,FOODS_1_008,202551,9.8
TX_2,FOODS_1_008,202552,9.8
TX_2,FOODS_1_008,202501,9.31
TX_2,FOODS_1_008,202601,9.31
TX_2,FOODS_1_008,202602,9.8
TX_2,FOODS_1_008,202603,9.8
TX_2,FOODS_1_008,202604,9.8
TX_2,FOODS_1_008,202605,9.8
TX_2,FOODS_1_008,202606,8.82
TX_2,FOODS_1_008,202607,10.29
TX_2,FOODS_1_008,202608,10.29
TX_2,FOODS_1_008,202609,9.8
TX_2,FOODS_1_008,202610,9.8
TX_2,FOODS_1_008,202611,9.8
TX_2,FOODS_1_008,202612,9.31
TX_2,FOODS_1_009,202512,23.55
TX_2,FOODS_1_009,202513,22.43
TX_2,FOODS_1_009,202514,22.43
TX_2,FOODS_1_009,202515,22.43
TX_2,FOODS_1_009,202516,21.31
TX_2,FOODS_1_009,202517,22.43
TX_2,FOODS_1_009,202518,21.31
TX_2,FOODS_1_009,202519,22.43
TX_2,FOODS_1_009,202520,22.43
TX_2,FOODS_1_009,202521,22.43
TX_2,FOODS_1_009,202522,22.43
TX_2,FOODS_1_009,202523,22.43
TX_2,FOODS_1_009,202524,22.43
TX_2,FOODS_1_009,202525,22.43
TX_2,FOODS_1_009,202526,22.43
TX_2,FOODS_1_009,202527,22.43
TX_2,FOODS_1_009,202528,22.43
TX_2,FOODS_1_009,202529,22.43
TX_2,FOODS_1_009,202530,22.43
TX_2,FOODS_1_009,202531,22.43
TX_2,FOODS_1_009,202532,21.31
TX_2,FOODS_1_009,202533,22.43
TX_2,FOODS_1_009,202534,22.43
TX_2,FOODS_1_009,202535,22.43
TX_2,FOODS_1_009,202536,22.43
TX_2,FOODS_1_009,202537,22.43
TX_2,FOODS_1_009,202538,22.43
TX_2,FOODS_1_009,202539,22.43
TX_2,FOODS_1_009,202540,22.43
TX_2,FOODS_1_009,202541,22.43
TX_2,FOODS_1_009,202542,22.43
TX_2,FOODS_1_009,202543,20.19
TX_2,FOODS_1_009,202544,22.43
TX_2,FOODS_1_009,202545,22.43
TX_2,FOODS_1_009,202546,23.55
TX_2,FOODS_1_009,202547,20.19
TX_2,FOODS_1_009,202548,21.31
TX_2,FOODS_1_009,202549,22.43
TX_2,FOODS_1_009,202550,23.55
TX_2,FOODS_1_009,202551,20.19
TX_2,FOODS_1_009,202552,22.43
TX_2,FOODS_1_009,202501,22.43
TX_2,FOODS_1_009,202601,22.43
TX_2,FOODS_1_009,202602,20.19
TX_2,FOODS_1_009,202603,22.43
TX_2,FOODS_1_009,202604,22.43
TX_2,FOODS_1_009,202605,22.43
TX_2,FOODS_1_009,202606,22.43
TX_2,FOODS_1_009,202607,22.43
TX_2,FOODS_1_009,202608,22.43
TX_2,FOODS_1_009,202609,22.43
TX_2,FOODS_1_009,202610,22.43
TX_2,FOODS_1_009,202611,22.43
TX_2,FOODS_1_009,202612,22.43
TX_2,FOODS_1_010,202512,19.53
TX_2,FOODS_1_010,202513,19.53
TX_2,FOODS_1_010,202514,18.55
TX_2,FOODS_1_010,202515,19.53
TX_2,FOODS_1_010,202516,19.53
TX_2,FOODS_1_010,202517,19.53
TX_2,FOODS_1_010,202518,19.53
TX_2,FOODS_1_010,202519,19.53
TX_2,FOODS_1_010,202520,19.53
TX_2,FOODS_1_010,202521,19.53
TX_2,FOODS_1_010,202522,19.53
TX_2,FOODS_1_010,202523,20.5
TX_2,FOODS_1_010,202524,19.53
TX_2,FOODS_1_010,202525,19.53
TX_2,FOODS_1_010,202526,19.53
TX_2,FOODS_1_010,202527,19.53
TX_2,FOODS_1_010,202528,19.53
TX_2,FOODS_1_010,202529,19.53
TX_2,FOODS_1_010,202530,19.53
TX_2,FOODS_1_010,202531,18.55
TX_2,FOODS_1_010,202532,19.53
TX_2,FOODS_1_010,202533,18.55
TX_2,FOODS_1_010,202534,19.53
TX_2,FOODS_1_010,202535,19.53
TX_2,FOODS_1_010,202536,19.53
TX_2,FOODS_1_010,202537,19.53
TX_2,FOODS_1_010,202538,19.53
TX_2,FOODS_1_010,202539,19.53
TX_2,FOODS_1_010,202540,19.53
TX_2,FOODS_1_010,202541,19.53
TX_2,FOODS_1_010,202542,19.53
TX_2,FOODS_1_010,202543,19.53
TX_2,FOODS_1_010,202544,19.53
TX_2,FOODS_1_010,202545,18.55
TX_2,FOODS_1_010,202546,20.5
TX_2,FOODS_1_010,202547,19.53
TX_2,FOODS_1_010,202548,19.53
TX_2,FOODS_1_010,202549,20.5
TX_2,FOODS_1_010,202550,19.53
TX_2,FOODS_1_010,202551,19.53
TX_2,FOODS_1_010,202552,17.58
TX_2,FOODS_1_010,202501,19.53
TX_2,FOODS_1_010,202601,19.53
TX_2,FOODS_1_010,202602,19.53
TX_2,FOODS_1_010,202603,19.53
TX_2,FOODS_1_010,202604,19.53
TX_2,FOODS_1_010,202605,19.53
TX_2,FOODS_1_010,202606,19.53
TX_2,FOODS_1_010,202607,19.53
TX_2,FOODS_1_010,202608,19.53
TX_2,FOODS_1_010,202609,19.53
TX_2,FOODS_1_010,202610,19.53
TX_2,FOODS_1_010,202611,20.5
TX_2,FOODS_1_010,202612,17.58
TX_2,HOBBIES_2_001,202512,17.54
TX_2,HOBBIES_2_001,202513,19.49
TX_2,HOBBIES_2_001,202514,20.47
TX_2,HOBBIES_2_001,202515,19.49
TX_2,HOBBIES_2_001,202516,19.49
TX_2,HOBBIES_2_001,202517,20.47
TX_2,HOBBIES_2_001,202518,19.49
TX_2,HOBBIES_2_001,202519,18.52
TX_2,HOBBIES_2_001,202520,19.49
TX_2,HOBBIES_2_001,202521,19.49
TX_2,HOBBIES_2_001,202522,20.47
TX_2,HOBBIES_2_001,202523,20.47
TX_2,HOBBIES_2_001,202524,20.47
TX_2,HOBBIES_2_001,202525,19.49
TX_2,HOBBIES_2_001,202526,19.49
TX_2,HOBBIES_2_001,202527,19.49
TX_2,HOBBIES_2_001,202528,19.49
TX_2,HOBBIES_2_001,202529,19.49
TX_2,HOBBIES_2_001,202530,20.47
TX_2,HOBBIES_2_001,202531,18.52
TX_2,HOBBIES_2_001,202532,19.49
TX_2,HOBBIES_2_001,202533,19.49
TX_2,HOBBIES_2_001,202534,19.49
TX_2,HOBBIES_2_001,202535,19.49
TX_2,HOBBIES_2_001,202536,19.49
TX_2,HOBBIES_2_001,202537,19.49
TX_2,HOBBIES_2_001,202538,17.54
TX_2,HOBBIES_2_001,202539,19.49
TX_2,HOBBIES_2_001,202540,19.49
TX_2,HOBBIES_2_001,202541,19.49
TX_2,HOBBIES_2_001,202542,19.49
TX_2,HOBBIES_2_001,202543,19.49
TX_2,HOBBIES_2_001,202544,19.49
TX_2,HOBBIES_2_001,202545,17.54
TX_2,HOBBIES_2_001,202546,20.47
TX_2,HOBBIES_2_001,202547,18.52
TX_2,HOBBIES_2_001,202548,19.49
TX_2,HOBBIES_2_001,202549,19.49
TX_2,HOBBIES_2_001,202550,19.49
TX_2,HOBBIES_2_001,202551,19.49
TX_2,HOBBIES_2_001,202552,19.49
TX_2,HOBBIES_2_001,202501,19.49
TX_2,HOBBIES_2_001,202601,19.49
TX_2,HOBBIES_2_001,202602,19.49
TX_2,HOBBIES_2_001,202603,18.52
TX_2,HOBBIES_2_001,202604,19.49
TX_2,HOBBIES_2_001,202605,19.49
TX_2,HOBBIES_2_001,202606,17.54
TX_2,HOBBIES_2_001,202607,19.49
TX_2,HOBBIES_2_001,202608,19.49
TX_2,HOBBIES_2_001,202609,17.54
TX_2,HOBBIES_2_001,202610,19.49
TX_2,HOBBIES_2_001,202611,19.49
TX_2,HOBBIES_2_001,202612,17.54
TX_2,HOBBIES_2_002,202512,9.83
TX_2,HOBBIES_2_002,202513,9.83
TX_2,HOBBIES_2_002,202514,9.33
TX_2,HOBBIES_2_002,202515,9.83
TX_2,HOBBIES_2_002,202516,9.83
TX_2,HOBBIES_2_002,202517,9.83
TX_2,HOBBIES_2_002,202518,9.83
TX_2,HOBBIES_2_002,202519,9.83
TX_2,HOBBIES_2_002,202520,9.83
TX_2,HOBBIES_2_002,202521,9.33
TX_2,HOBBIES_2_002,202522,9.83
TX_2,HOBBIES_2_002,202523,9.83
TX_2,HOBBIES_2_002,202524,9.83
TX_2,HOBBIES_2_002,202525,9.83
TX_2,HOBBIES_2_002,202526,9.83
TX_2,HOBBIES_2_002,202527,9.83
TX_2,HOBBIES_2_002,202528,9.83
TX_2,HOBBIES_2_002,202529,9.83
TX_2,HOBBIES_2_002,202530,9.83
TX_2,HOBBIES_2_002,202531,9.83
TX_2,HOBBIES_2_002,202532,9.83
TX_2,HOBBIES_2_002,202533,9.83
TX_2,HOBBIES_2_002,202534,8.84
TX_2,HOBBIES_2_002,202535,9.33
TX_2,HOBBIES_2_002,202536,9.83
TX_2,HOBBIES_2_002,202537,9.33
TX_2,HOBBIES_2_002,202538,8.84
TX_2,HOBBIES_2_002,202539,9.83
TX_2,HOBBIES_2_002,202540,9.83
TX_2,HOBBIES_2_002,202541,9.83
TX_2,HOBBIES_2_002,202542,9.83
TX_2,HOBBIES_2_002,202543,9.83
TX_2,HOBBIES_2_002,202544,9.33
TX_2,HOBBIES_2_002,202545,9.83
TX_2,HOBBIES_2_002,202546,9.83
TX_2,HOBBIES_2_002,202547,9.83
TX_2,HOBBIES_2_002,202548,9.33
TX_2,HOBBIES_2_002,202549,9.83
TX_2,HOBBIES_2_002,202550,9.83
TX_2,HOBBIES_2_002,202551,8.84
TX_2,HOBBIES_2_002,202552,8.84
TX_2,HOBBIES_2_002,202501,10.32
TX_2,HOBBIES_2_002,202601,8.84
TX_2,HOBBIES_2_002,202602,9.83
TX_2,HOBBIES_2_002,202603,9.33
TX_2,HOBBIES_2_002,202604,9.83
TX_2,HOBBIES_2_002,202605,9.83
TX_2,HOBBIES_2_002,202606,10.32
TX_2,HOBBIES_2_002,202607,9.83
TX_2,HOBBIES_2_002,202608,9.33
TX_2,HOBBIES_2_002,202609,9.83
TX_2,HOBBIES_2_002,202610,8.84
TX_2,HOBBIES_2_002,202611,9.83
TX_2,HOBBIES_2_002,202612,9.83
TX_2,HOBBIES_2_003,202512,7.97
TX_2,HOBBIES_2_003,202513,7.97
TX_2,HOBBIES_2_003,202514,7.18
TX_2,HOBBIES_2_003,202515,7.97
TX_2,HOBBIES_2_003,202516,7.97
TX_2,HOBBIES_2_003,202517,7.97
TX_2,HOBBIES_2_003,202518,8.37
TX_2,HOBBIES_2_003,202519,7.18
TX_2,HOBBIES_2_003,202520,8.37
TX_2,HOBBIES_2_003,202521,8.37
TX_2,HOBBIES_2_003,202522,7.57
TX_2,HOBBIES_2_003,202523,7.97
TX_2,HOBBIES_2_003,202524,7.97
TX_2,HOBBIES_2_003,202525,7.97
TX_2,HOBBIES_2_003,202526,7.57
TX_2,HOBBIES_2_003,202527,7.57
TX_2,HOBBIES_2_003,202528,7.97
TX_2,HOBBIES_2_003,202529,7.18
TX_2,HOBBIES_2_003,202530,8.37
TX_2,HOBBIES_2_003,202531,7.97
TX_2,HOBBIES_2_003,202532,7.97
TX_2,HOBBIES_2_003,202533,7.97
TX_2,HOBBIES_2_003,202534,7.18
TX_2,HOBBIES_2_003,202535,7.57
TX_2,HOBBIES_2_003,202536,7.97
TX_2,HOBBIES_2_003,202537,8.37
TX_2,HOBBIES_2_003,202538,7.97
TX_2,HOBBIES_2_003,202539,7.97
TX_2,HOBBIES_2_003,202540,8.37
TX_2,HOBBIES_2_003,202541,8.37
TX_2,HOBBIES_2_003,202542,7.97
TX_2,HOBBIES_2_003,202543,8.37
TX_2,HOBBIES_2_003,202544,7.97
TX_2,HOBBIES_2_003,202545,7.97
TX_2,HOBBIES_2_003,202546,7.97
TX_2,HOBBIES_2_003,202547,7.97
TX_2,HOBBIES_2_003,202548,7.97
TX_2,HOBBIES_2_003,202549,7.57
TX_2,HOBBIES_2_003,202550,7.97
TX_2,HOBBIES_2_003,202551,7.97
TX_2,HOBBIES_2_003,202552,7.57
TX_2,HOBBIES_2_003,202501,7.97
TX_2,HOBBIES_2_003,202601,7.57
TX_2,HOBBIES_2_003,202602,8.37
TX_2,HOBBIES_2_003,202603,7.18
TX_2,HOBBIES_2_003,202604,7.97
TX_2,HOBBIES_2_003,202605,7.97
TX_2,HOBBIES_2_003,202606,7.97
TX_2,HOBBIES_2_003,202607,7.97
TX_2,HOBBIES_2_003,202608,7.18
TX_2,HOBBIES_2_003,202609,7.97
TX_2,HOBBIES_2_003,202610,7.97
TX_2,HOBBIES_2_003,202611,7.97
TX_2,HOBBIES_2_003,202612,7.97
TX_2,HOBBIES_2_004,202512,14.8
TX_2,HOBBIES_2_004,202513,14.8
TX_2,HOBBIES_2_004,202514,15.54
TX_2,HOBBIES_2_004,202515,15.54
TX_2,HOBBIES_2_004,202516,14.8
TX_2,HOBBIES_2_004,202517,14.8
TX_2,HOBBIES_2_004,202518,14.8
TX_2,HOBBIES_2_004,202519,14.8
TX_2,HOBBIES_2_004,202520,14.8
TX_2,HOBBIES_2_004,202521,14.8
TX_2,HOBBIES_2_004,202522,14.8
TX_2,HOBBIES_2_004,202523,14.8
TX_2,HOBBIES_2_004,202524,15.54
TX_2,HOBBIES_2_004,202525,14.8
TX_2,HOBBIES_2_004,202526,14.8
TX_2,HOBBIES_2_004,202527,14.8
TX_2,HOBBIES_2_004,202528,14.8
TX_2,HOBBIES_2_004,202529,14.8
TX_2,HOBBIES_2_004,202530,13.32
TX_2,HOBBIES_2_004,202531,14.8
TX_2,HOBBIES_2_004,202532,13.32
TX_2,HOBBIES_2_004,202533,14.8
TX_2,HOBBIES_2_004,202534,15.54
TX_2,HOBBIES_2_004,202535,14.8
TX_2,HOBBIES_2_004,202536,14.8
TX_2,HOBBIES_2_004,202537,14.06
TX_2,HOBBIES_2_004,202538,14.06
TX_2,HOBBIES_2_004,202539,13.32
TX_2,HOBBIES_2_004,202540,14.8
TX_2,HOBBIES_2_004,202541,14.8
TX_2,HOBBIES_2_004,202542,14.8
TX_2,HOBBIES_2_004,202543,14.06
TX_2,HOBBIES_2_004,202544,14.8
TX_2,HOBBIES_2_004,202545,14.8
TX_2,HOBBIES_2_004,202546,15.54
TX_2,HOBBIES_2_004,202547,14.8
TX_2,HOBBIES_2_004,202548,15.54
TX_2,HOBBIES_2_004,202549,14.8
TX_2,HOBBIES_2_004,202550,14.8
TX_2,HOBBIES_2_004,202551,14.8
TX_2,HOBBIES_2_004,202552,14.8
TX_2,HOBBIES_2_004,202501,14.8
TX_2,HOBBIES_2_004,202601,14.8
TX_2,HOBBIES_2_004,202602,14.8
TX_2,HOBBIES_2_004,202603,14.06
TX_2,HOBBIES_2_004,202604,14.8
TX_2,HOBBIES_2_004,202605,14.8
TX_2,HOBBIES_2_004,202606,14.8
TX_2,HOBBIES_2_004,202607,14.8
TX_2,HOBBIES_2_004,202608,14.06
TX_2,HOBBIES_2_004,202609,14.8
TX_2,HOBBIES_2_004,202610,14.8
TX_2,HOBBIES_2_004,202611,14.06
TX_2,HOBBIES_2_004,202612,14.06
TX_2,HOBBIES_2_005,202512,23.98
TX_2,HOBBIES_2_005,202513,25.18
TX_2,HOBBIES_2_005,202514,23.98
TX_2,HOBBIES_2_005,202515,21.58
TX_2,HOBBIES_2_005,202516,23.98
TX_2,HOBBIES_2_005,202517,23.98
TX_2,HOBBIES_2_005,202518,22.78
TX_2,HOBBIES_2_005,202519,23.98
TX_2,HOBBIES_2_005,202520,23.98
TX_2,HOBBIES_2_005,202521,23.98
TX_2,HOBBIES_2_005,202522,25.18
TX_2,HOBBIES_2_005,202523,23.98
TX_2,HOBBIES_2_005,202524,23.98
TX_2,HOBBIES_2_005,202525,23.98
TX_2,HOBBIES_2_005,202526,25.18
TX_2,HOBBIES_2_005,202527,23.98
TX_2,HOBBIES_2_005,202528,23.98
TX_2,HOBBIES_2_005,202529,23.98
TX_2,HOBBIES_2_005,202530,23.98
TX_2,HOBBIES_2_005,202531,21.58
TX_2,HOBBIES_2_005,202532,23.98
TX_2,HOBBIES_2_005,202533,23.98
TX_2,HOBBIES_2_005,202534,22.78
TX_2,HOBBIES_2_005,202535,21.58
TX_2,HOBBIES_2_005,202536,21.58
TX_2,HOBBIES_2_005,202537,23.98
TX_2,HOBBIES_2_005,202538,23.98
TX_2,HOBBIES_2_005,202539,23.98
TX_2,HOBBIES_2_005,202540,23.98
TX_2,HOBBIES_2_005,202541,21.58
TX_2,HOBBIES_2_005,202542,23.98
TX_2,HOBBIES_2_005,202543,22.78
TX_2,HOBBIES_2_005,202544,23.98
TX_2,HOBBIES_2_005,202545,23.98
TX_2,HOBBIES_2_005,202546,23.98
TX_2,HOBBIES_2_005,202547,23.98
TX_2,HOBBIES_2_005,202548,25.18
TX_2,HOBBIES_2_005,202549,23.98
TX_2,HOBBIES_2_005,202550,23.98
TX_2,HOBBIES_2_005,202551,23.98
TX_2,HOBBIES_2_005,202552,23.98
TX_2,HOBBIES_2_005,202501,23.98
TX_2,HOBBIES_2_005,202601,25.18
TX_2,HOBBIES_2_005,202602,23.98
TX_2,HOBBIES_2_005,202603,23.98
TX_2,HOBBIES_2_005,202604,22.78
TX_2,HOBBIES_2_005,202605,25.18
TX_2,HOBBIES_2_005,202606,23.98
TX_2,HOBBIES_2_005,202607,25.18
TX_2,HOBBIES_2_005,202608,23.98
TX_2,HOBBIES_2_005,202609,23.98
TX_2,HOBBIES_2_005,202610,23.98
TX_2,HOBBIES_2_005,202611,25.18
TX_2,HOBBIES_2_005,202612,23.98
TX_2,HOBBIES_2_006,202512,10.24
TX_2,HOBBIES_2_006,202513,10.24
TX_2,HOBBIES_2_006,202514,10.24
TX_2,HOBBIES_2_006,202515,9.22
TX_2,HOBBIES_2_006,202516,9.73
TX_2,HOBBIES_2_006,202517,10.24
TX_2,HOBBIES_2_006,202518,10.24
TX_2,HOBBIES_2_006,202519,10.24
TX_2,HOBBIES_2_006,202520,10.24
TX_2,HOBBIES_2_006,202521,10.24
TX_2,HOBBIES_2_006,202522,10.24
TX_2,HOBBIES_2_006,202523,9.22
TX_2,HOBBIES_2_006,202524,9.22
TX_2,HOBBIES_2_006,202525,10.24
TX_2,HOBBIES_2_006,202526,10.24
TX_2,HOBBIES_2_006,202527,9.22
TX_2,HOBBIES_2_006,202528,10.24
TX_2,HOBBIES_2_006,202529,10.24
TX_2,HOBBIES_2_006,202530,10.24
TX_2,HOBBIES_2_006,202531,9.73
TX_2,HOBBIES_2_006,202532,10.24
TX_2,HOBBIES_2_006,202533,10.24
TX_2,HOBBIES_2_006,202534,10.24
TX_2,HOBBIES_2_006,202535,10.24
TX_2,HOBBIES_2_006,202536,10.24
TX_2,HOBBIES_2_006,202537,10.24
TX_2,HOBBIES_2_006,202538,10.75
TX_2,HOBBIES_2_006,202539,10.24
TX_2,HOBBIES_2_006,202540,10.75
TX_2,HOBBIES_2_006,202541,10.24
TX_2,HOBBIES_2_006,202542,10.24
TX_2,HOBBIES_2_006,202543,10.24
TX_2,HOBBIES_2_006,202544,9.73
TX_2,HOBBIES_2_006,202545,9.22
TX_2,HOBBIES_2_006,202546,10.24
TX_2,HOBBIES_2_006,202547,10.24
TX_2,HOBBIES_2_006,202548,10.24
TX_2,HOBBIES_2_006,202549,10.24
TX_2,HOBBIES_2_006,202550,10.24
TX_2,HOBBIES_2_006,202551,10.24
TX_2,HOBBIES_2_006,202552,9.73
TX_2,HOBBIES_2_006,202501,9.73
TX_2,HOBBIES_2_006,202601,10.24
TX_2,HOBBIES_2_006,202602,10.75
TX_2,HOBBIES_2_006,202603,10.24
TX_2,HOBBIES_2_006,202604,10.24
TX_2,HOBBIES_2_006,202605,10.24
TX_2,HOBBIES_2_006,202606,10.24
TX_2,HOBBIES_2_006,202607,9.73
TX_2,HOBBIES_2_006,202608,9.22
TX_2,HOBBIES_2_006,202609,10.24
TX_2,HOBBIES_2_006,202610,10.24
TX_2,HOBBIES_2_006,202611,10.24
TX_2,HOBBIES_2_006,202612,10.24
TX_2,HOBBIES_2_007,202512,8.86
TX_2,HOBBIES_2_007,202513,8.86
TX_2,HOBBIES_2_007,202514,8.86
TX_2,HOBBIES_2_007,202515,7.97
TX_2,HOBBIES_2_007,202516,8.86
TX_2,HOBBIES_2_007,202517,8.86
TX_2,HOBBIES_2_007,202518,8.86
TX_2,HOBBIES_2_007,202519,8.86
TX_2,HOBBIES_2_007,202520,8.86
TX_2,HOBBIES_2_007,202521,9.3
TX_2,HOBBIES_2_007,202522,8.42
TX_2,HOBBIES_2_007,202523,8.86
TX_2,HOBBIES_2_007,202524,8.86
TX_2,HOBBIES_2_007,202525,8.86
TX_2,HOBBIES_2_007,202526,8.86
TX_2,HOBBIES_2_007,202527,8.86
TX_2,HOBBIES_2_007,202528,8.86
TX_2,HOBBIES_2_007,202529,8.42
TX_2,HOBBIES_2_007,202530,8.86
TX_2,HOBBIES_2_007,202531,9.3
TX_2,HOBBIES_2_007,202532,8.42
TX_2,HOBBIES_2_007,202533,8.86
TX_2,HOBBIES_2_007,202534,7.97
TX_2,HOBBIES_2_007,202535,9.3
TX_2,HOBBIES_2_007,202536,8.86
TX_2,HOBBIES_2_007,202537,8.86
TX_2,HOBBIES_2_007,202538,8.86
TX_2,HOBBIES_2_007,202539,9.3
TX_2,HOBBIES_2_007,202540,7.97
TX_2,HOBBIES_2_007,202541,8.86
TX_2,HOBBIES_2_007,202542,8.86
TX_2,HOBBIES_2_007,202543,8.86
TX_2,HOBBIES_2_007,202544,8.86
TX_2,HOBBIES_2_007,202545,8.86
TX_2,HOBBIES_2_007,202546,8.86
TX_2,HOBBIES_2_007,202547,8.86
TX_2,HOBBIES_2_007,202548,8.42
TX_2,HOBBIES_2_007,202549,8.86
TX_2,HOBBIES_2_007,202550,8.86
TX_2,HOBBIES_2_007,202551,8.86
TX_2,HOBBIES_2_007,202552,7.97
TX_2,HOBBIES_2_007,202501,8.86
TX_2,HOBBIES_2_007,202601,8.86
TX_2,HOBBIES_2_007,202602,8.86
TX_2,HOBBIES_2_007,202603,8.86
TX_2,HOBBIES_2_007,202604,8.42
TX_2,HOBBIES_2_007,202605,8.86
TX_2,HOBBIES_2_007,202606,8.86
TX_2,HOBBIES_2_007,202607,8.86
TX_2,HOBBIES_2_007,202608,8.86
TX_2,HOBBIES_2_007,202609,8.86
TX_2,HOBBIES_2_007,202610,8.86
TX_2,HOBBIES_2_007,202611,8.86
TX_2,HOBBIES_2_007,202612,8.86
TX_2,HOBBIES_2_008,202512,17.8
TX_2,HOBBIES_2_008,202513,17.8
TX_2,HOBBIES_2_008,202514,17.8
TX_2,HOBBIES_2_008,202515,17.8
TX_2,HOBBIES_2_008,202516,18.7
TX_2,HOBBIES_2_008,202517,17.8
TX_2,HOBBIES_2_008,202518,17.8
TX_2,HOBBIES_2_008,202519,17.8
TX_2,HOBBIES_2_008,202520,17.8
TX_2,HOBBIES_2_008,202521,16.91
TX_2,HOBBIES_2_008,202522,17.8
TX_2,HOBBIES_2_008,202523,17.8
TX_2,HOBBIES_2_008,202524,16.91
TX_2,HOBBIES_2_008,202525,16.02
TX_2,HOBBIES_2_008,202526,17.8
TX_2,HOBBIES_2_008,202527,17.8
TX_2,HOBBIES_2_008,202528,17.8
TX_2,HOBBIES_2_008,202529,18.7
TX_2,HOBBIES_2_008,202530,18.7
TX_2,HOBBIES_2_008,202531,18.7
TX_2,HOBBIES_2_008,202532,17.8
TX_2,HOBBIES_2_008,202533,18.7
TX_2,HOBBIES_2_008,202534,17.8
TX_2,HOBBIES_2_008,202535,17.8
TX_2,HOBBIES_2_008,202536,17.8
TX_2,HOBBIES_2_008,202537,17.8
TX_2,HOBBIES_2_008,202538,17.8
TX_2,HOBBIES_2_008,202539,17.8
TX_2,HOBBIES_2_008,202540,17.8
TX_2,HOBBIES_2_008,202541,18.7
TX_2,HOBBIES_2_008,202542,17.8
TX_2,HOBBIES_2_008,202543,18.7
TX_2,HOBBIES_2_008,202544,17.8
TX_2,HOBBIES_2_008,202545,17.8
TX_2,HOBBIES_2_008,202546,16.91
TX_2,HOBBIES_2_008,202547,17.8
TX_2,HOBBIES_2_008,202548,17.8
TX_2,HOBBIES_2_008,202549,18.7
TX_2,HOBBIES_2_008,202550,18.7
TX_2,HOBBIES_2_008,202551,17.8
TX_2,HOBBIES_2_008,202552,18.7
TX_2,HOBBIES_2_008,202501,17.8
TX_2,HOBBIES_2_008,202601,17.8
TX_2,HOBBIES_2_008,202602,16.91
TX_2,HOBBIES_2_008,202603,17.8
TX_2,HOBBIES_2_008,202604,17.8
TX_2,HOBBIES_2_008,202605,17.8
TX_2,HOBBIES_2_008,202606,17.8
TX_2,HOBBIES_2_008,202607,17.8
TX_2,HOBBIES_2_008,202608,17.8
TX_2,HOBBIES_2_008,202609,16.91
TX_2,HOBBIES_2_008,202610,18.7
TX_2,HOBBIES_2_008,202611,17.8
TX_2,HOBBIES_2_008,202612,16.02
TX_2,HOBBIES_2_009,202512,16.45
TX_2,HOBBIES_2_009,202513,17.31
TX_2,HOBBIES_2_009,202514,16.45
TX_2,HOBBIES_2_009,202515,17.31
TX_2,HOBBIES_2_009,202516,17.31
TX_2,HOBBIES_2_009,202517,18.18
TX_2,HOBBIES_2_009,202518,17.31
TX_2,HOBBIES_2_009,202519,17.31
TX_2,HOBBIES_2_009,202520,17.31
TX_2,HOBBIES_2_009,202521,17.31
TX_2,HOBBIES_2_009,202522,17.31
TX_2,HOBBIES_2_009,202523,17.31
TX_2,HOBBIES_2_009,202524,17.31
TX_2,HOBBIES_2_009,202525,17.31
TX_2,HOBBIES_2_009,202526,17.31
TX_2,HOBBIES_2_009,202527,17.31
TX_2,HOBBIES_2_009,202528,18.18
TX_2,HOBBIES_2_009,202529,17.31
TX_2,HOBBIES_2_009,202530,17.31
TX_2,HOBBIES_2_009,202531,17.31
TX_2,HOBBIES_2_009,202532,17.31
TX_2,HOBBIES_2_009,202533,17.31
TX_2,HOBBIES_2_009,202534,17.31
TX_2,HOBBIES_2_009,202535,16.45
TX_2,HOBBIES_2_009,202536,17.31
TX_2,HOBBIES_2_009,202537,17.31
TX_2,HOBBIES_2_009,202538,17.31
TX_2,HOBBIES_2_009,202539,17.31
TX_2,HOBBIES_2_009,202540,17.31
TX_2,HOBBIES_2_009,202541,17.31
TX_2,HOBBIES_2_009,202542,17.31
TX_2,HOBBIES_2_009,202543,17.31
TX_2,HOBBIES_2_009,202544,16.45
TX_2,HOBBIES_2_009,202545,15.58
TX_2,HOBBIES_2_009,202546,17.31
TX_2,HOBBIES_2_009,202547,17.31
TX_2,HOBBIES_2_009,202548,17.31
TX_2,HOBBIES_2_009,202549,17.31
TX_2,HOBBIES_2_009,202550,15.58
TX_2,HOBBIES_2_009,202551,16.45
TX_2,HOBBIES_2_009,202552,17.31
TX_2,HOBBIES_2_009,202501,15.58
TX_2,HOBBIES_2_009,202601,17.31
TX_2,HOBBIES_2_009,202602,17.31
TX_2,HOBBIES_2_009,202603,17.31
TX_2,HOBBIES_2_009,202604,17.31
TX_2,HOBBIES_2_009,202605,17.31
TX_2,HOBBIES_2_009,202606,17.31
TX_2,HOBBIES_2_009,202607,16.45
TX_2,HOBBIES_2_009,202608,18.18
TX_2,HOBBIES_2_009,202609,17.31
TX_2,HOBBIES_2_009,202610,17.31
TX_2,HOBBIES_2_009,202611,17.31
TX_2,HOBBIES_2_009,202612,17.31
TX_2,HOBBIES_2_010,202512,8.88
TX_2,HOBBIES_2_010,202513,8.88
TX_2,HOBBIES_2_010,202514,8.88
TX_2,HOBBIES_2_010,202515,8.0
TX_2,HOBBIES_2_010,202516,8.88
TX_2,HOBBIES_2_010,202517,8.88
TX_2,HOBBIES_2_010,202518,8.88
TX_2,HOBBIES_2_010,202519,8.88
TX_2,HOBBIES_2_010,202520,8.88
TX_2,HOBBIES_2_010,202521,8.88
TX_2,HOBBIES_2_010,202522,8.88
TX_2,HOBBIES_2_010,202523,8.88
TX_2,HOBBIES_2_010,202524,8.88
TX_2,HOBBIES_2_010,202525,8.88
TX_2,HOBBIES_2_010,202526,9.33
TX_2,HOBBIES_2_010,202527,8.88
TX_2,HOBBIES_2_010,202528,8.0
TX_2,HOBBIES_2_010,202529,8.88
TX_2,HOBBIES_2_010,202530,8.44
TX_2,HOBBIES_2_010,202531,9.33
TX_2,HOBBIES_2_010,202532,8.44
TX_2,HOBBIES_2_010,202533,8.0
TX_2,HOBBIES_2_010,202534,8.88
TX_2,HOBBIES_2_010,202535,8.88
TX_2,HOBBIES_2_010,202536,8.88
TX_2,HOBBIES_2_010,202537,8.88
TX_2,HOBBIES_2_010,202538,8.88
TX_2,HOBBIES_2_010,202539,8.88
TX_2,HOBBIES_2_010,202540,8.0
TX_2,HOBBIES_2_010,202541,8.88
TX_2,HOBBIES_2_010,202542,8.0
TX_2,HOBBIES_2_010,202543,8.88
TX_2,HOBBIES_2_010,202544,8.88
TX_2,HOBBIES_2_010,202545,9.33
TX_2,HOBBIES_2_010,202546,8.88
TX_2,HOBBIES_2_010,202547,8.0
TX_2,HOBBIES_2_010,202548,8.88
TX_2,HOBBIES_2_010,202549,8.88
TX_2,HOBBIES_2_010,202550,9.33
TX_2,HOBBIES_2_010,202551,8.88
TX_2,HOBBIES_2_010,202552,8.88
TX_2,HOBBIES_2_010,202501,8.44
TX_2,HOBBIES_2_010,202601,8.88
TX_2,HOBBIES_2_010,202602,8.88
TX_2,HOBBIES_2_010,202603,8.88
TX_2,HOBBIES_2_010,202604,9.33
TX_2,HOBBIES_2_010,202605,8.88
TX_2,HOBBIES_2_010,202606,8.88
TX_2,HOBBIES_2_010,202607,8.88
TX_2,HOBBIES_2_010,202608,8.0
TX_2,HOBBIES_2_010,202609,8.88
TX_2,HOBBIES_2_010,202610,9.33
TX_2,HOBBIES_2_010,202611,8.88
TX_2,HOBBIES_2_010,202612,8.88
TX_2,HOUSEHOLD_3_001,202512,9.1
TX_2,HOUSEHOLD_3_001,202513,9.1
TX_2,HOUSEHOLD_3_001,202514,9.56
TX_2,HOUSEHOLD_3_001,202515,8.19
TX_2,HOUSEHOLD_3_001,202516,9.1
TX_2,HOUSEHOLD_3_001,202517,9.1
TX_2,HOUSEHOLD_3_001,202518,9.1
TX_2,HOUSEHOLD_3_001,202519,9.1
TX_2,HOUSEHOLD_3_001,202520,9.1
TX_2,HOUSEHOLD_3_001,202521,9.1
TX_2,HOUSEHOLD_3_001,202522,9.1
TX_2,HOUSEHOLD_3_001,202523,9.1
TX_2,HOUSEHOLD_3_001,202524,9.56
TX_2,HOUSEHOLD_3_001,202525,9.1
TX_2,HOUSEHOLD_3_001,202526,9.1
TX_2,HOUSEHOLD_3_001,202527,9.1
TX_2,HOUSEHOLD_3_001,202528,8.19
TX_2,HOUSEHOLD_3_001,202529,8.65
TX_2,HOUSEHOLD_3_001,202530,9.1
TX_2,HOUSEHOLD_3_001,202531,9.1
TX_2,HOUSEHOLD_3_001,202532,9.1
TX_2,HOUSEHOLD_3_001,202533,8.65
TX_2,HOUSEHOLD_3_001,202534,9.1
TX_2,HOUSEHOLD_3_001,202535,8.65
TX_2,HOUSEHOLD_3_001,202536,9.1
TX_2,HOUSEHOLD_3_001,202537,9.1
TX_2,HOUSEHOLD_3_001,202538,9.1
TX_2,HOUSEHOLD_3_001,202539,9.1
TX_2,HOUSEHOLD_3_001,202540,9.1
TX_2,HOUSEHOLD_3_001,202541,9.1
TX_2,HOUSEHOLD_3_001,202542,9.1
TX_2,HOUSEHOLD_3_001,202543,9.56
TX_2,HOUSEHOLD_3_001,202544,9.1
TX_2,HOUSEHOLD_3_001,202545,9.1
TX_2,HOUSEHOLD_3_001,202546,9.1
TX_2,HOUSEHOLD_3_001,202547,9.1
TX_2,HOUSEHOLD_3_001,202548,9.1
TX_2,HOUSEHOLD_3_001,202549,9.1
TX_2,HOUSEHOLD_3_001,202550,9.56
TX_2,HOUSEHOLD_3_001,202551,9.1
TX_2,HOUSEHOLD_3_001,202552,9.1
TX_2,HOUSEHOLD_3_001,202501,8.19
TX_2,HOUSEHOLD_3_001,202601,8.65
TX_2,HOUSEHOLD_3_001,202602,8.65
TX_2,HOUSEHOLD_3_001,202603,8.65
TX_2,HOUSEHOLD_3_001,202604,8.65
TX_2,HOUSEHOLD_3_001,202605,9.1
TX_2,HOUSEHOLD_3_001,202606,9.1
TX_2,HOUSEHOLD_3_001,202607,9.1
TX_2,HOUSEHOLD_3_001,202608,9.1
TX_2,HOUSEHOLD_3_001,202609,9.1
TX_2,HOUSEHOLD_3_001,202610,9.1
TX_2,HOUSEHOLD_3_001,202611,9.1
TX_2,HOUSEHOLD_3_001,202612,8.19
TX_2,HOUSEHOLD_3_002,202512,19.36
TX_2,HOUSEHOLD_3_002,202513,17.42
TX_2,HOUSEHOLD_3_002,202514,19.36
TX_2,HOUSEHOLD_3_002,202515,19.36
TX_2,HOUSEHOLD_3_002,202516,18.39
TX_2,HOUSEHOLD_3_002,202517,17.42
TX_2,HOUSEHOLD_3_002,202518,18.39
TX_2,HOUSEHOLD_3_002,202519,19.36
TX_2,HOUSEHOLD_3_002,202520,17.42
TX_2,HOUSEHOLD_3_002,202521,19.36
TX_2,HOUSEHOLD_3_002,202522,18.39
TX_2,HOUSEHOLD_3_002,202523,19.36
TX_2,HOUSEHOLD_3_002,202524,19.36
TX_2,HOUSEHOLD_3_002,202525,17.42
TX_2,HOUSEHOLD_3_002,202526,17.42
TX_2,HOUSEHOLD_3_002,202527,19.36
TX_2,HOUSEHOLD_3_002,202528,19.36
TX_2,HOUSEHOLD_3_002,202529,19.36
TX_2,HOUSEHOLD_3_002,202530,20.32
TX_2,HOUSEHOLD_3_002,202531,18.39
TX_2,HOUSEHOLD_3_002,202532,17.42
TX_2,HOUSEHOLD_3_002,202533,20.32
TX_2,HOUSEHOLD_3_002,202534,19.36
TX_2,HOUSEHOLD_3_002,202535,19.36
TX_2,HOUSEHOLD_3_002,202536,18.39
TX_2,HOUSEHOLD_3_002,202537,19.36
TX_2,HOUSEHOLD_3_002,202538,19.36
TX_2,HOUSEHOLD_3_002,202539,17.42
TX_2,HOUSEHOLD_3_002,202540,19.36
TX_2,HOUSEHOLD_3_002,202541,19.36
TX_2,HOUSEHOLD_3_002,202542,18.39
TX_2,HOUSEHOLD_3_002,202543,17.42
TX_2,HOUSEHOLD_3_002,202544,19.36
TX_2,HOUSEHOLD_3_002,202545,19.36
TX_2,HOUSEHOLD_3_002,202546,19.36
TX_2,HOUSEHOLD_3_002,202547,19.36
TX_2,HOUSEHOLD_3_002,202548,17.42
TX_2,HOUSEHOLD_3_002,202549,20.32
TX_2,HOUSEHOLD_3_002,202550,19.36
TX_2,HOUSEHOLD_3_002,202551,19.36
TX_2,HOUSEHOLD_3_002,202552,19.36
TX_2,HOUSEHOLD_3_002,202501,19.36
TX_2,HOUSEHOLD_3_002,202601,19.36
TX_2,HOUSEHOLD_3_002,202602,19.36
TX_2,HOUSEHOLD_3_002,202603,19.36
TX_2,HOUSEHOLD_3_002,202604,20.32
TX_2,HOUSEHOLD_3_002,202605,17.42
TX_2,HOUSEHOLD_3_002,202606,17.42
TX_2,HOUSEHOLD_3_002,202607,17.42
TX_2,HOUSEHOLD_3_002,202608,19.36
TX_2,HOUSEHOLD_3_002,202609,19.36
TX_2,HOUSEHOLD_3_002,202610,17.42
TX_2,HOUSEHOLD_3_002,202611,19.36
TX_2,HOUSEHOLD_3_002,202612,19.36
TX_2,HOUSEHOLD_3_003,202512,30.87
TX_2,HOUSEHOLD_3_003,202513,29.4
TX_2,HOUSEHOLD_3_003,202514,26.46
TX_2,HOUSEHOLD_3_003,202515,29.4
TX_2,HOUSEHOLD_3_003,202516,29.4
TX_2,HOUSEHOLD_3_003,202517,29.4
TX_2,HOUSEHOLD_3_003,202518,29.4
TX_2,HOUSEHOLD_3_003,202519,26.46
TX_2,HOUSEHOLD_3_003,202520,30.87
TX_2,HOUSEHOLD_3_003,202521,29.4
TX_2,HOUSEHOLD_3_003,202522,26.46
TX_2,HOUSEHOLD_3_003,202523,30.87
TX_2,HOUSEHOLD_3_003,202524,29.4
TX_2,HOUSEHOLD_3_003,202525,26.46
TX_2,HOUSEHOLD_3_003,202526,29.4
TX_2,HOUSEHOLD_3_003,202527,29.4
TX_2,HOUSEHOLD_3_003,202528,29.4
TX_2,HOUSEHOLD_3_003,202529,29.4
TX_2,HOUSEHOLD_3_003,202530,30.87
TX_2,HOUSEHOLD_3_003,202531,29.4
TX_2,HOUSEHOLD_3_003,202532,29.4
TX_2,HOUSEHOLD_3_003,202533,29.4
TX_2,HOUSEHOLD_3_003,202534,29.4
TX_2,HOUSEHOLD_3_003,202535,29.4
TX_2,HOUSEHOLD_3_003,202536,30.87
TX_2,HOUSEHOLD_3_003,202537,27.93
TX_2,HOUSEHOLD_3_003,202538,29.4
TX_2,HOUSEHOLD_3_003,202539,29.4
TX_2,HOUSEHOLD_3_003,202540,29.4
TX_2,HOUSEHOLD_3_003,202541,29.4
TX_2,HOUSEHOLD_3_003,202542,29.4
TX_2,HOUSEHOLD_3_003,202543,29.4
TX_2,HOUSEHOLD_3_003,202544,29.4
TX_2,HOUSEHOLD_3_003,202545,29.4
TX_2,HOUSEHOLD_3_003,202546,27.93
TX_2,HOUSEHOLD_3_003,202547,29.4
TX_2,HOUSEHOLD_3_003,202548,30.87
TX_2,HOUSEHOLD_3_003,202549,29.4
TX_2,HOUSEHOLD_3_003,202550,26.46
TX_2,HOUSEHOLD_3_003,202551,27.93
TX_2,HOUSEHOLD_3_003,202552,30.87
TX_2,HOUSEHOLD_3_003,202501,29.4
TX_2,HOUSEHOLD_3_003,202601,29.4
TX_2,HOUSEHOLD_3_003,202602,26.46
TX_2,HOUSEHOLD_3_003,202603,29.4
TX_2,HOUSEHOLD_3_003,202604,27.93
TX_2,HOUSEHOLD_3_003,202605,30.87
TX_2,HOUSEHOLD_3_003,202606,26.46
TX_2,HOUSEHOLD_3_003,202607,26.46
TX_2,HOUSEHOLD_3_003,202608,29.4
TX_2,HOUSEHOLD_3_003,202609,29.4
TX_2,HOUSEHOLD_3_003,202610,27.93
TX_2,HOUSEHOLD_3_003,202611,29.4
TX_2,HOUSEHOLD_3_003,202612,27.93
TX_2,HOUSEHOLD_3_004,202512,22.89
TX_2,HOUSEHOLD_3_004,202513,25.44
TX_2,HOUSEHOLD_3_004,202514,25.44
TX_2,HOUSEHOLD_3_004,202515,26.71
TX_2,HOUSEHOLD_3_004,202516,25.44
TX_2,HOUSEHOLD_3_004,202517,25.44
TX_2,HOUSEHOLD_3_004,202518,26.71
TX_2,HOUSEHOLD_3_004,202519,25.44
TX_2,HOUSEHOLD_3_004,202520,26.71
TX_2,HOUSEHOLD_3_004,202521,25.44
TX_2,HOUSEHOLD_3_004,202522,25.44
TX_2,HOUSEHOLD_3_004,202523,25.44
TX_2,HOUSEHOLD_3_004,202524,22.89
TX_2,HOUSEHOLD_3_004,202525,25.44
TX_2,HOUSEHOLD_3_004,202526,26.71
TX_2,HOUSEHOLD_3_004,202527,25.44
TX_2,HOUSEHOLD_3_004,202528,25.44
TX_2,HOUSEHOLD_3_004,202529,25.44
TX_2,HOUSEHOLD_3_004,202530,25.44
TX_2,HOUSEHOLD_3_004,202531,26.71
TX_2,HOUSEHOLD_3_004,202532,25.44
TX_2,HOUSEHOLD_3_004,202533,25.44
TX_2,HOUSEHOLD_3_004,202534,25.44
TX_2,HOUSEHOLD_3_004,202535,24.16
TX_2,HOUSEHOLD_3_004,202536,26.71
TX_2,HOUSEHOLD_3_004,202537,25.44
TX_2,HOUSEHOLD_3_004,202538,22.89
TX_2,HOUSEHOLD_3_004,202539,25.44
TX_2,HOUSEHOLD_3_004,202540,24.16
TX_2,HOUSEHOLD_3_004,202541,25.44
TX_2,HOUSEHOLD_3_004,202542,24.16
TX_2,HOUSEHOLD_3_004,202543,25.44
TX_2,HOUSEHOLD_3_004,202544,25.44
TX_2,HOUSEHOLD_3_004,202545,26.71
TX_2,HOUSEHOLD_3_004,202546,22.89
TX_2,HOUSEHOLD_3_004,202547,25.44
TX_2,HOUSEHOLD_3_004,202548,24.16
TX_2,HOUSEHOLD_3_004,202549,24.16
TX_2,HOUSEHOLD_3_004,202550,25.44
TX_2,HOUSEHOLD_3_004,202551,25.44
TX_2,HOUSEHOLD_3_004,202552,25.44
TX_2,HOUSEHOLD_3_004,202501,25.44
TX_2,HOUSEHOLD_3_004,202601,25.44
TX_2,HOUSEHOLD_3_004,202602,24.16
TX_2,HOUSEHOLD_3_004,202603,24.16
TX_2,HOUSEHOLD_3_004,202604,25.44
TX_2,HOUSEHOLD_3_004,202605,25.44
TX_2,HOUSEHOLD_3_004,202606,25.44
TX_2,HOUSEHOLD_3_004,202607,26.71
TX_2,HOUSEHOLD_3_004,202608,22.89
TX_2,HOUSEHOLD_3_004,202609,26.71
TX_2,HOUSEHOLD_3_004,202610,25.44
TX_2,HOUSEHOLD_3_004,202611,26.71
TX_2,HOUSEHOLD_3_004,202612,25.44
TX_2,HOUSEHOLD_3_005,202512,19.1
TX_2,HOUSEHOLD_3_005,202513,19.1
TX_2,HOUSEHOLD_3_005,202514,17.19
TX_2,HOUSEHOLD_3_005,202515,19.1
TX_2,HOUSEHOLD_3_005,202516,19.1
TX_2,HOUSEHOLD_3_005,202517,18.14
TX_2,HOUSEHOLD_3_005,202518,19.1
TX_2,HOUSEHOLD_3_005,202519,19.1
TX_2,HOUSEHOLD_3_005,202520,19.1
TX_2,HOUSEHOLD_3_005,202521,19.1
TX_2,HOUSEHOLD_3_005,202522,19.1
TX_2,HOUSEHOLD_3_005,202523,19.1
TX_2,HOUSEHOLD_3_005,202524,17.19
TX_2,HOUSEHOLD_3_005,202525,19.1
TX_2,HOUSEHOLD_3_005,202526,19.1
TX_2,HOUSEHOLD_3_005,202527,19.1
TX_2,HOUSEHOLD_3_005,202528,19.1
TX_2,HOUSEHOLD_3_005,202529,17.19
TX_2,HOUSEHOLD_3_005,202530,19.1
TX_2,HOUSEHOLD_3_005,202531,19.1
TX_2,HOUSEHOLD_3_005,202532,19.1
TX_2,HOUSEHOLD_3_005,202533,19.1
TX_2,HOUSEHOLD_3_005,202534,19.1
TX_2,HOUSEHOLD_3_005,202535,17.19
TX_2,HOUSEHOLD_3_005,202536,19.1
TX_2,HOUSEHOLD_3_005,202537,19.1
TX_2,HOUSEHOLD_3_005,202538,19.1
TX_2,HOUSEHOLD_3_005,202539,19.1
TX_2,HOUSEHOLD_3_005,202540,19.1
TX_2,HOUSEHOLD_3_005,202541,19.1
TX_2,HOUSEHOLD_3_005,202542,19.1
TX_2,HOUSEHOLD_3_005,202543,20.05
TX_2,HOUSEHOLD_3_005,202544,17.19
TX_2,HOUSEHOLD_3_005,202545,18.14
TX_2,HOUSEHOLD_3_005,202546,19.1
TX_2,HOUSEHOLD_3_005,202547,19.1
TX_2,HOUSEHOLD_3_005,202548,19.1
TX_2,HOUSEHOLD_3_005,202549,17.19
TX_2,HOUSEHOLD_3_005,202550,18.14
TX_2,HOUSEHOLD_3_005,202551,19.1
TX_2,HOUSEHOLD_3_005,202552,19.1
TX_2,HOUSEHOLD_3_005,202501,19.1
TX_2,HOUSEHOLD_3_005,202601,20.05
TX_2,HOUSEHOLD_3_005,202602,20.05
TX_2,HOUSEHOLD_3_005,202603,19.1
TX_2,HOUSEHOLD_3_005,202604,19.1
TX_2,HOUSEHOLD_3_005,202605,20.05
TX_2,HOUSEHOLD_3_005,202606,19.1
TX_2,HOUSEHOLD_3_005,202607,19.1
TX_2,HOUSEHOLD_3_005,202608,19.1
TX_2,HOUSEHOLD_3_005,202609,19.1
TX_2,HOUSEHOLD_3_005,202610,19.1
TX_2,HOUSEHOLD_3_005,202611,19.1
TX_2,HOUSEHOLD_3_005,202612,19.1
TX_2,HOUSEHOLD_3_006,202512,16.87
TX_2,HOUSEHOLD_3_006,202513,15.18
TX_2,HOUSEHOLD_3_006,202514,16.87
TX_2,HOUSEHOLD_3_006,202515,16.87
TX_2,HOUSEHOLD_3_006,202516,15.18
TX_2,HOUSEHOLD_3_006,202517,17.71
TX_2,HOUSEHOLD_3_006,202518,16.87
TX_2,HOUSEHOLD_3_006,202519,16.87
TX_2,HOUSEHOLD_3_006,202520,16.87
TX_2,HOUSEHOLD_3_006,202521,15.18
TX_2,HOUSEHOLD_3_006,202522,15.18
TX_2,HOUSEHOLD_3_006,202523,17.71
TX_2,HOUSEHOLD_3_006,202524,16.02
TX_2,HOUSEHOLD_3_006,202525,16.87
TX_2,HOUSEHOLD_3_006,202526,16.87
TX_2,HOUSEHOLD_3_006,202527,16.87
TX_2,HOUSEHOLD_3_006,202528,17.71
TX_2,HOUSEHOLD_3_006,202529,16.87
TX_2,HOUSEHOLD_3_006,202530,17.71
TX_2,HOUSEHOLD_3_006,202531,16.87
TX_2,HOUSEHOLD_3_006,202532,17.71
TX_2,HOUSEHOLD_3_006,202533,16.87
TX_2,HOUSEHOLD_3_006,202534,16.02
TX_2,HOUSEHOLD_3_006,202535,17.71
TX_2,HOUSEHOLD_3_006,202536,16.87
TX_2,HOUSEHOLD_3_006,202537,16.02
TX_2,HOUSEHOLD_3_006,202538,17.71
TX_2,HOUSEHOLD_3_006,202539,16.87
TX_2,HOUSEHOLD_3_006,202540,16.87
TX_2,HOUSEHOLD_3_006,202541,16.87
TX_2,HOUSEHOLD_3_006,202542,15.18
TX_2,HOUSEHOLD_3_006,202543,16.87
TX_2,HOUSEHOLD_3_006,202544,16.87
TX_2,HOUSEHOLD_3_006,202545,16.87
TX_2,HOUSEHOLD_3_006,202546,17.71
TX_2,HOUSEHOLD_3_006,202547,15.18
TX_2,HOUSEHOLD_3_006,202548,16.87
TX_2,HOUSEHOLD_3_006,202549,16.87
TX_2,HOUSEHOLD_3_006,202550,16.87
TX_2,HOUSEHOLD_3_006,202551,16.87
TX_2,HOUSEHOLD_3_006,202552,15.18
TX_2,HOUSEHOLD_3_006,202501,16.87
TX_2,HOUSEHOLD_3_006,202601,17.71
TX_2,HOUSEHOLD_3_006,202602,16.87
TX_2,HOUSEHOLD_3_006,202603,16.87
TX_2,HOUSEHOLD_3_006,202604,16.87
TX_2,HOUSEHOLD_3_006,202605,16.87
TX_2,HOUSEHOLD_3_006,202606,16.87
TX_2,HOUSEHOLD_3_006,202607,16.02
TX_2,HOUSEHOLD_3_006,202608,16.87
TX_2,HOUSEHOLD_3_006,202609,16.87
TX_2,HOUSEHOLD_3_006,202610,17.71
TX_2,HOUSEHOLD_3_006,202611,16.87
TX_2,HOUSEHOLD_3_006,202612,15.18
TX_2,HOUSEHOLD_3_007,202512,7.98
TX_2,HOUSEHOLD_3_007,202513,7.6
TX_2,HOUSEHOLD_3_007,202514,7.22
TX_2,HOUSEHOLD_3_007,202515,7.6
TX_2,HOUSEHOLD_3_007,202516,7.6
TX_2,HOUSEHOLD_3_007,202517,7.6
TX_2,HOUSEHOLD_3_007,202518,7.6
TX_2,HOUSEHOLD_3_007,202519,7.6
TX_2,HOUSEHOLD_3_007,202520,7.6
TX_2,HOUSEHOLD_3_007,202521,7.6
TX_2,HOUSEHOLD_3_007,202522,6.84
TX_2,HOUSEHOLD_3_007,202523,7.6
TX_2,HOUSEHOLD_3_007,202524,7.6
TX_2,HOUSEHOLD_3_007,202525,7.6
TX_2,HOUSEHOLD_3_007,202526,7.6
TX_2,HOUSEHOLD_3_007,202527,6.84
TX_2,HOUSEHOLD_3_007,202528,7.6
TX_2,HOUSEHOLD_3_007,202529,7.6
TX_2,HOUSEHOLD_3_007,202530,7.98
TX_2,HOUSEHOLD_3_007,202531,7.22
TX_2,HOUSEHOLD_3_007,202532,7.6
TX_2,HOUSEHOLD_3_007,202533,7.6
TX_2,HOUSEHOLD_3_007,202534,7.6
TX_2,HOUSEHOLD_3_007,202535,7.6
TX_2,HOUSEHOLD_3_007,202536,7.6
TX_2,HOUSEHOLD_3_007,202537,7.6
TX_2,HOUSEHOLD_3_007,202538,7.6
TX_2,HOUSEHOLD_3_007,202539,7.22
TX_2,HOUSEHOLD_3_007,202540,7.6
TX_2,HOUSEHOLD_3_007,202541,7.6
TX_2,HOUSEHOLD_3_007,202542,7.6
TX_2,HOUSEHOLD_3_007,202543,7.6
TX_2,HOUSEHOLD_3_007,202544,6.84
TX_2,HOUSEHOLD_3_007,202545,7.6
TX_2,HOUSEHOLD_3_007,202546,7.6
TX_2,HOUSEHOLD_3_007,202547,7.6
TX_2,HOUSEHOLD_3_007,202548,7.6
TX_2,HOUSEHOLD_3_007,202549,7.6
TX_2,HOUSEHOLD_3_007,202550,6.84
TX_2,HOUSEHOLD_3_007,202551,6.84
TX_2,HOUSEHOLD_3_007,202552,7.6
TX_2,HOUSEHOLD_3_007,202501,7.98
TX_2,HOUSEHOLD_3_007,202601,6.84
TX_2,HOUSEHOLD_3_007,202602,7.22
TX_2,HOUSEHOLD_3_007,202603,7.6
TX_2,HOUSEHOLD_3_007,202604,6.84
TX_2,HOUSEHOLD_3_007,202605,7.22
TX_2,HOUSEHOLD_3_007,202606,7.6
TX_2,HOUSEHOLD_3_007,202607,7.22
TX_2,HOUSEHOLD_3_007,202608,6.84
TX_2,HOUSEHOLD_3_007,202609,6.84
TX_2,HOUSEHOLD_3_007,202610,7.98
TX_2,HOUSEHOLD_3_007,202611,7.6
TX_2,HOUSEHOLD_3_007,202612,7.6
TX_2,HOUSEHOLD_3_008,202512,9.62
TX_2,HOUSEHOLD_3_008,202513,9.62
TX_2,HOUSEHOLD_3_008,202514,9.62
TX_2,HOUSEHOLD_3_008,202515,9.62
TX_2,HOUSEHOLD_3_008,202516,9.62
TX_2,HOUSEHOLD_3_008,202517,8.66
TX_2,HOUSEHOLD_3_008,202518,9.62
TX_2,HOUSEHOLD_3_008,202519,9.62
TX_2,HOUSEHOLD_3_008,202520,9.62
TX_2,HOUSEHOLD_3_008,202521,8.66
TX_2,HOUSEHOLD_3_008,202522,9.62
TX_2,HOUSEHOLD_3_008,202523,9.62
TX_2,HOUSEHOLD_3_008,202524,9.14
TX_2,HOUSEHOLD_3_008,202525,9.14
TX_2,HOUSEHOLD_3_008,202526,10.11
TX_2,HOUSEHOLD_3_008,202527,8.66
TX_2,HOUSEHOLD_3_008,202528,9.62
TX_2,HOUSEHOLD_3_008,202529,9.62
TX_2,HOUSEHOLD_3_008,202530,9.62
TX_2,HOUSEHOLD_3_008,202531,9.62
TX_2,HOUSEHOLD_3_008,202532,9.62
TX_2,HOUSEHOLD_3_008,202533,9.62
TX_2,HOUSEHOLD_3_008,202534,9.62
TX_2,HOUSEHOLD_3_008,202535,8.66
TX_2,HOUSEHOLD_3_008,202536,9.62
TX_2,HOUSEHOLD_3_008,202537,10.11
TX_2,HOUSEHOLD_3_008,202538,9.62
TX_2,HOUSEHOLD_3_008,202539,8.66
TX_2,HOUSEHOLD_3_008,202540,9.14
TX_2,HOUSEHOLD_3_008,202541,9.62
TX_2,HOUSEHOLD_3_008,202542,8.66
TX_2,HOUSEHOLD_3_008,202543,8.66
TX_2,HOUSEHOLD_3_008,202544,9.62
TX_2,HOUSEHOLD_3_008,202545,9.62
TX_2,HOUSEHOLD_3_008,202546,10.11
TX_2,HOUSEHOLD_3_008,202547,9.62
TX_2,HOUSEHOLD_3_008,202548,9.62
TX_2,HOUSEHOLD_3_008,202549,10.11
TX_2,HOUSEHOLD_3_008,202550,9.62
TX_2,HOUSEHOLD_3_008,202551,9.62
TX_2,HOUSEHOLD_3_008,202552,10.11
TX_2,HOUSEHOLD_3_008,202501,9.14
TX_2,HOUSEHOLD_3_008,202601,9.62
TX_2,HOUSEHOLD_3_008,202602,10.11
TX_2,HOUSEHOLD_3_008,202603,9.62
TX_2,HOUSEHOLD_3_008,202604,10.11
TX_2,HOUSEHOLD_3_008,202605,9.62
TX_2,HOUSEHOLD_3_008,202606,9.62
TX_2,HOUSEHOLD_3_008,202607,9.62
TX_2,HOUSEHOLD_3_008,202608,9.62
TX_2,HOUSEHOLD_3_008,202609,9.62
TX_2,HOUSEHOLD_3_008,202610,10.11
TX_2,HOUSEHOLD_3_008,202611,9.62
TX_2,HOUSEHOLD_3_008,202612,9.62
TX_2,HOUSEHOLD_3_009,202512,9.93
TX_2,HOUSEHOLD_3_009,202513,10.43
TX_2,HOUSEHOLD_3_009,202514,9.93
TX_2,HOUSEHOLD_3_009,202515,9.93
TX_2,HOUSEHOLD_3_009,202516,10.43
TX_2,HOUSEHOLD_3_009,202517,9.93
TX_2,HOUSEHOLD_3_009,202518,9.93
TX_2,HOUSEHOLD_3_009,202519,9.93
TX_2,HOUSEHOLD_3_009,202520,9.93
TX_2,HOUSEHOLD_3_009,202521,10.43
TX_2,HOUSEHOLD_3_009,202522,9.93
TX_2,HOUSEHOLD_3_009,202523,9.93
TX_2,HOUSEHOLD_3_009,202524,9.93
TX_2,HOUSEHOLD_3_009,202525,9.93
TX_2,HOUSEHOLD_3_009,202526,9.93
TX_2,HOUSEHOLD_3_009,202527,9.93
TX_2,HOUSEHOLD_3_009,202528,9.93
TX_2,HOUSEHOLD_3_009,202529,9.93
TX_2,HOUSEHOLD_3_009,202530,9.93
TX_2,HOUSEHOLD_3_009,202531,9.93
TX_2,HOUSEHOLD_3_009,202532,9.93
TX_2,HOUSEHOLD_3_009,202533,9.93
TX_2,HOUSEHOLD_3_009,202534,9.93
TX_2,HOUSEHOLD_3_009,202535,8.94
TX_2,HOUSEHOLD_3_009,202536,9.93
TX_2,HOUSEHOLD_3_009,202537,9.93
TX_2,HOUSEHOLD_3_009,202538,9.93
TX_2,HOUSEHOLD_3_009,202539,9.93
TX_2,HOUSEHOLD_3_009,202540,9.93
TX_2,HOUSEHOLD_3_009,202541,9.93
TX_2,HOUSEHOLD_3_009,202542,9.93
TX_2,HOUSEHOLD_3_009,202543,9.93
TX_2,HOUSEHOLD_3_009,202544,8.94
TX_2,HOUSEHOLD_3_009,202545,9.93
TX_2,HOUSEHOLD_3_009,202546,9.93
TX_2,HOUSEHOLD_3_009,202547,9.93
TX_2,HOUSEHOLD_3_009,202548,8.94
TX_2,HOUSEHOLD_3_009,202549,9.93
TX_2,HOUSEHOLD_3_009,202550,9.93
TX_2,HOUSEHOLD_3_009,202551,10.43
TX_2,HOUSEHOLD_3_009,202552,9.93
TX_2,HOUSEHOLD_3_009,202501,9.44
TX_2,HOUSEHOLD_3_009,202601,9.93
TX_2,HOUSEHOLD_3_009,202602,10.43
TX_2,HOUSEHOLD_3_009,202603,9.93
TX_2,HOUSEHOLD_3_009,202604,9.93
TX_2,HOUSEHOLD_3_009,202605,9.93
TX_2,HOUSEHOLD_3_009,202606,9.44
TX_2,HOUSEHOLD_3_009,202607,10.43
TX_2,HOUSEHOLD_3_009,202608,9.93
TX_2,HOUSEHOLD_3_009,202609,9.44
TX_2,HOUSEHOLD_3_009,202610,8.94
TX_2,HOUSEHOLD_3_009,202611,8.94
TX_2,HOUSEHOLD_3_009,202612,9.93
TX_2,HOUSEHOLD_3_010,202512,10.14
TX_2,HOUSEHOLD_3_010,202513,9.13
TX_2,HOUSEHOLD_3_010,202514,9.63
TX_2,HOUSEHOLD_3_010,202515,9.13
TX_2,HOUSEHOLD_3_010,202516,10.14
TX_2,HOUSEHOLD_3_010,202517,10.14
TX_2,HOUSEHOLD_3_010,202518,10.14
TX_2,HOUSEHOLD_3_010,202519,9.63
TX_2,HOUSEHOLD_3_010,202520,10.14
TX_2,HOUSEHOLD_3_010,202521,10.14
TX_2,HOUSEHOLD_3_010,202522,10.14
TX_2,HOUSEHOLD_3_010,202523,10.14
TX_2,HOUSEHOLD_3_010,202524,9.13
TX_2,HOUSEHOLD_3_010,202525,9.63
TX_2,HOUSEHOLD_3_010,202526,10.14
TX_2,HOUSEHOLD_3_010,202527,9.63
TX_2,HOUSEHOLD_3_010,202528,10.14
TX_2,HOUSEHOLD_3_010,202529,9.63
TX_2,HOUSEHOLD_3_010,202530,10.14
TX_2,HOUSEHOLD_3_010,202531,10.14
TX_2,HOUSEHOLD_3_010,202532,9.13
TX_2,HOUSEHOLD_3_010,202533,10.14
TX_2,HOUSEHOLD_3_010,202534,10.14
TX_2,HOUSEHOLD_3_010,202535,10.14
TX_2,HOUSEHOLD_3_010,202536,10.65
TX_2,HOUSEHOLD_3_010,202537,10.14
TX_2,HOUSEHOLD_3_010,202538,10.14
TX_2,HOUSEHOLD_3_010,202539,10.14
TX_2,HOUSEHOLD_3_010,202540,10.14
TX_2,HOUSEHOLD_3_010,202541,10.14
TX_2,HOUSEHOLD_3_010,202542,10.14
TX_2,HOUSEHOLD_3_010,202543,10.14
TX_2,HOUSEHOLD_3_010,202544,10.14
TX_2,HOUSEHOLD_3_010,202545,10.14
TX_2,HOUSEHOLD_3_010,202546,10.65
TX_2,HOUSEHOLD_3_010,202547,9.63
TX_2,HOUSEHOLD_3_010,202548,10.14
TX_2,HOUSEHOLD_3_010,202549,9.13
TX_2,HOUSEHOLD_3_010,202550,9.63
TX_2,HOUSEHOLD_3_010,202551,10.14
TX_2,HOUSEHOLD_3_010,202552,9.63
TX_2,HOUSEHOLD_3_010,202501,10.14
TX_2,HOUSEHOLD_3_010,202601,9.13
TX_2,HOUSEHOLD_3_010,202602,9.13
TX_2,HOUSEHOLD_3_010,202603,10.14
TX_2,HOUSEHOLD_3_010,202604,10.14
TX_2,HOUSEHOLD_3_010,202605,10.14
TX_2,HOUSEHOLD_3_010,202606,10.14
TX_2,HOUSEHOLD_3_010,202607,10.14
TX_2,HOUSEHOLD_3_010,202608,10.14
TX_2,HOUSEHOLD_3_010,202609,10.14
TX_2,HOUSEHOLD_3_010,202610,10.14
TX_2,HOUSEHOLD_3_010,202611,10.65
TX_2,HOUSEHOLD_3_010,202612,10.14
WI_1,FOODS_1_001,202512,13.17
WI_1,FOODS_1_001,202513,12.52
WI_1,FOODS_1_001,202514,13.17
WI_1,FOODS_1_001,202515,13.17
WI_1,FOODS_1_001,202516,13.17
WI_1,FOODS_1_001,202517,13.17
WI_1,FOODS_1_001,202518,13.17
WI_1,FOODS_1_001,202519,12.52
WI_1,FOODS_1_001,202520,13.17
WI_1,FOODS_1_001,202521,13.17
WI_1,FOODS_1_001,202522,13.17
WI_1,FOODS_1_001,202523,12.52
WI_1,FOODS_1_001,202524,13.17
WI_1,FOODS_1_001,202525,11.86
WI_1,FOODS_1_001,202526,13.17
WI_1,FOODS_1_001,202527,13.17
WI_1,FOODS_1_001,202528,13.17
WI_1,FOODS_1_001,202529,13.17
WI_1,FOODS_1_001,202530,11.86
WI_1,FOODS_1_001,202531,13.17
WI_1,FOODS_1_001,202532,13.17
WI_1,FOODS_1_001,202533,13.17
WI_1,FOODS_1_001,202534,13.17
WI_1,FOODS_1_001,202535,12.52
WI_1,FOODS_1_001,202536,13.17
WI_1,FOODS_1_001,202537,13.17
WI_1,FOODS_1_001,202538,13.17
WI_1,FOODS_1_001,202539,13.17
WI_1,FOODS_1_001,202540,13.17
WI_1,FOODS_1_001,202541,13.17
WI_1,FOODS_1_001,202542,11.86
WI_1,FOODS_1_001,202543,13.83
WI_1,FOODS_1_001,202544,13.17
WI_1,FOODS_1_001,202545,11.86
WI_1,FOODS_1_001,202546,13.17
WI_1,FOODS_1_001,202547,13.83
WI_1,FOODS_1_001,202548,12.52
WI_1,FOODS_1_001,202549,13.17
WI_1,FOODS_1_001,202550,13.17
WI_1,FOODS_1_001,202551,13.17
WI_1,FOODS_1_001,202552,13.83
WI_1,FOODS_1_001,202501,11.86
WI_1,FOODS_1_001,202601,13.17
WI_1,FOODS_1_001,202602,13.17
WI_1,FOODS_1_001,202603,13.17
WI_1,FOODS_1_001,202604,13.17
WI_1,FOODS_1_001,202605,13.17
WI_1,FOODS_1_001,202606,13.17
WI_1,FOODS_1_001,202607,12.52
WI_1,FOODS_1_001,202608,12.52
WI_1,FOODS_1_001,202609,13.83
WI_1,FOODS_1_001,202610,13.17
WI_1,FOODS_1_001,202611,13.17
WI_1,FOODS_1_001,202612,13.17
WI_1,FOODS_1_002,202512,21.7
WI_1,FOODS_1_002,202513,22.78
WI_1,FOODS_1_002,202514,20.61
WI_1,FOODS_1_002,202515,21.7
WI_1,FOODS_1_002,202516,19.53
WI_1,FOODS_1_002,202517,21.7
WI_1,FOODS_1_002,202518,21.7
WI_1,FOODS_1_002,202519,21.7
WI_1,FOODS_1_002,202520,21.7
WI_1,FOODS_1_002,202521,20.61
WI_1,FOODS_1_002,202522,21.7
WI_1,FOODS_1_002,202523,22.78
WI_1,FOODS_1_002,202524,19.53
WI_1,FOODS_1_002,202525,21.7
WI_1,FOODS_1_002,202526,20.61
WI_1,FOODS_1_002,202527,21.7
WI_1,FOODS_1_002,202528,21.7
WI_1,FOODS_1_002,202529,19.53
WI_1,FOODS_1_002,202530,22.78
WI_1,FOODS_1_002,202531,21.7
WI_1,FOODS_1_002,202532,21.7
WI_1,FOODS_1_002,202533,19.53
WI_1,FOODS_1_002,202534,21.7
WI_1,FOODS_1_002,202535,21.7
WI_1,FOODS_1_002,202536,21.7
WI_1,FOODS_1_002,202537,21.7
WI_1,FOODS_1_002,202538,21.7
WI_1,FOODS_1_002,202539,21.7
WI_1,FOODS_1_002,202540,21.7
WI_1,FOODS_1_002,202541,21.7
WI_1,FOODS_1_002,202542,21.7
WI_1,FOODS_1_002,202543,22.78
WI_1,FOODS_1_002,202544,21.7
WI_1,FOODS_1_002,202545,19.53
WI_1,FOODS_1_002,202546,21.7
WI_1,FOODS_1_002,202547,22.78
WI_1,FOODS_1_002,202548,21.7
WI_1,FOODS_1_002,202549,19.53
WI_1,FOODS_1_002,202550,22.78
WI_1,FOODS_1_002,202551,22.78
WI_1,FOODS_1_002,202552,21.7
WI_1,FOODS_1_002,202501,21.7
WI_1,FOODS_1_002,202601,21.7
WI_1,FOODS_1_002,202602,21.7
WI_1,FOODS_1_002,202603,21.7
WI_1,FOODS_1_002,202604,21.7
WI_1,FOODS_1_002,202605,21.7
WI_1,FOODS_1_002,202606,21.7
WI_1,FOODS_1_002,202607,21.7
WI_1,FOODS_1_002,202608,20.61
WI_1,FOODS_1_002,202609,21.7
WI_1,FOODS_1_002,202610,21.7
WI_1,FOODS_1_002,202611,19.53
WI_1,FOODS_1_002,202612,20.61
WI_1,FOODS_1_003,202512,29.98
WI_1,FOODS_1_003,202513,28.48
WI_1,FOODS_1_003,202514,29.98
WI_1,FOODS_1_003,202515,29.98
WI_1,FOODS_1_003,202516,28.48
WI_1,FOODS_1_003,202517,29.98
WI_1,FOODS_1_003,202518,29.98
WI_1,FOODS_1_003,202519,29.98
WI_1,FOODS_1_003,202520,29.98
WI_1,FOODS_1_003,202521,29.98
WI_1,FOODS_1_003,202522,29.98
WI_1,FOODS_1_003,202523,29.98
WI_1,FOODS_1_003,202524,26.98
WI_1,FOODS_1_003,202525,31.48
WI_1,FOODS_1_003,202526,29.98
WI_1,FOODS_1_003,202527,29.98
WI_1,FOODS_1_003,202528,28.48
WI_1,FOODS_1_003,202529,29.98
WI_1,FOODS_1_003,202530,26.98
WI_1,FOODS_1_003,202531,29.98
WI_1,FOODS_1_003,202532,26.98
WI_1,FOODS_1_003,202533,29.98
WI_1,FOODS_1_003,202534,31.48
WI_1,FOODS_1_003,202535,29.98
WI_1,FOODS_1_003,202536,29.98
WI_1,FOODS_1_003,202537,29.98
WI_1,FOODS_1_003,202538,31.48
WI_1,FOODS_1_003,202539,29.98
WI_1,FOODS_1_003,202540,29.98
WI_1,FOODS_1_003,202541,28.48
WI_1,FOODS_1_003,202542,29.98
WI_1,FOODS_1_003,202543,29.98
WI_1,FOODS_1_003,202544,29.98
WI_1,FOODS_1_003,202545,29.98
WI_1,FOODS_1_003,202546,31.48
WI_1,FOODS_1_003,202547,29.98
WI_1,FOODS_1_003,202548,29.98
WI_1,FOODS_1_003,202549,29.98
WI_1,FOODS_1_003,202550,29.98
WI_1,FOODS_1_003,202551,29.98
WI_1,FOODS_1_003,202552,29.98
WI_1,FOODS_1_003,202501,26.98
WI_1,FOODS_1_003,202601,26.98
WI_1,FOODS_1_003,202602,29.98
WI_1,FOODS_1_003,202603,29.98
WI_1,FOODS_1_003,202604,29.98
WI_1,FOODS_1_003,202605,28.48
WI_1,FOODS_1_003,202606,29.98
WI_1,FOODS_1_003,202607,29.98
WI_1,FOODS_1_003,202608,29.98
WI_1,FOODS_1_003,202609,28.48
WI_1,FOODS_1_003,202610,31.48
WI_1,FOODS_1_003,202611,29.98
WI_1,FOODS_1_003,202612,29.98
WI_1,FOODS_1_004,202512,22.22
WI_1,FOODS_1_004,202513,22.22
WI_1,FOODS_1_004,202514,22.22
WI_1,FOODS_1_004,202515,22.22
WI_1,FOODS_1_004,202516,22.22
WI_1,FOODS_1_004,202517,22.22
WI_1,FOODS_1_004,202518,22.22
WI_1,FOODS_1_004,202519,23.33
WI_1,FOODS_1_004,202520,22.22
WI_1,FOODS_1_004,202521,22.22
WI_1,FOODS_1_004,202522,22.22
WI_1,FOODS_1_004,202523,22.22
WI_1,FOODS_1_004,202524,22.22
WI_1,FOODS_1_004,202525,22.22
WI_1,FOODS_1_004,202526,22.22
WI_1,FOODS_1_004,202527,22.22
WI_1,FOODS_1_004,202528,22.22
WI_1,FOODS_1_004,202529,22.22
WI_1,FOODS_1_004,202530,22.22
WI_1,FOODS_1_004,202531,22.22
WI_1,FOODS_1_004,202532,22.22
WI_1,FOODS_1_004,202533,19.99
WI_1,FOODS_1_004,202534,23.33
WI_1,FOODS_1_004,202535,22.22
WI_1,FOODS_1_004,202536,23.33
WI_1,FOODS_1_004,202537,22.22
WI_1,FOODS_1_004,202538,22.22
WI_1,FOODS_1_004,202539,22.22
WI_1,FOODS_1_004,202540,21.11
WI_1,FOODS_1_004,202541,19.99
WI_1,FOODS_1_004,202542,21.11
WI_1,FOODS_1_004,202543,19.99
WI_1,FOODS_1_004,202544,22.22
WI_1,FOODS_1_004,202545,22.22
WI_1,FOODS_1_004,202546,22.22
WI_1,FOODS_1_004,202547,22.22
WI_1,FOODS_1_004,202548,21.11
WI_1,FOODS_1_004,202549,19.99
WI_1,FOODS_1_004,202550,21.11
WI_1,FOODS_1_004,202551,22.22
WI_1,FOODS_1_004,202552,22.22
WI_1,FOODS_1_004,202501,19.99
WI_1,FOODS_1_004,202601,22.22
WI_1,FOODS_1_004,202602,22.22
WI_1,FOODS_1_004,202603,22.22
WI_1,FOODS_1_004,202604,22.22
WI_1,FOODS_1_004,202605,22.22
WI_1,FOODS_1_004,202606,23.33
WI_1,FOODS_1_004,202607,21.11
WI_1,FOODS_1_004,202608,19.99
WI_1,FOODS_1_004,202609,21.11
WI_1,FOODS_1_004,202610,21.11
WI_1,FOODS_1_004,202611,22.22
WI_1,FOODS_1_004,202612,22.22
WI_1,FOODS_1_005,202512,15.17
WI_1,FOODS_1_005,202513,15.17
WI_1,FOODS_1_005,202514,15.17
WI_1,FOODS_1_005,202515,15.17
WI_1,FOODS_1_005,202516,15.17
WI_1,FOODS_1_005,202517,15.17
WI_1,FOODS_1_005,202518,15.17
WI_1,FOODS_1_005,202519,15.17
WI_1,FOODS_1_005,202520,15.17
WI_1,FOODS_1_005,202521,15.17
WI_1,FOODS_1_005,202522,13.65
WI_1,FOODS_1_005,202523,15.17
WI_1,FOODS_1_005,202524,13.65
WI_1,FOODS_1_005,202525,13.65
WI_1,FOODS_1_005,202526,15.93
WI_1,FOODS_1_005,202527,15.17
WI_1,FOODS_1_005,202528,14.41
WI_1,FOODS_1_005,202529,15.17
WI_1,FOODS_1_005,202530,15.17
WI_1,FOODS_1_005,202531,13.65
WI_1,FOODS_1_005,202532,15.17
WI_1,FOODS_1_005,202533,14.41
WI_1,FOODS_1_005,202534,15.17
WI_1,FOODS_1_005,202535,15.17
WI_1,FOODS_1_005,202536,15.17
WI_1,FOODS_1_005,202537,15.17
WI_1,FOODS_1_005,202538,15.17
WI_1,FOODS_1_005,202539,15.17
WI_1,FOODS_1_005,202540,15.93
WI_1,FOODS_1_005,202541,15.17
WI_1,FOODS_1_005,202542,13.65
WI_1,FOODS_1_005,202543,13.65
WI_1,FOODS_1_005,202544,15.17
WI_1,FOODS_1_005,202545,15.17
WI_1,FOODS_1_005,202546,15.17
WI_1,FOODS_1_005,202547,15.17
WI_1,FOODS_1_005,202548,15.17
WI_1,FOODS_1_005,202549,15.17
WI_1,FOODS_1_005,202550,15.17
WI_1,FOODS_1_005,202551,15.17
WI_1,FOODS_1_005,202552,15.17
WI_1,FOODS_1_005,202501,15.17
WI_1,FOODS_1_005,202601,15.17
WI_1,FOODS_1_005,202602,15.17
WI_1,FOODS_1_005,202603,13.65
WI_1,FOODS_1_005,202604,15.93
WI_1,FOODS_1_005,202605,15.17
WI_1,FOODS_1_005,202606,15.17
WI_1,FOODS_1_005,202607,15.17
WI_1,FOODS_1_005,202608,15.93
WI_1,FOODS_1_005,202609,15.17
WI_1,FOODS_1_005,202610,15.17
WI_1,FOODS_1_005,202611,15.17
WI_1,FOODS_1_005,202612,15.17
WI_1,FOODS_1_006,202512,23.85
WI_1,FOODS_1_006,202513,23.85
WI_1,FOODS_1_006,202514,23.85
WI_1,FOODS_1_006,202515,23.85
WI_1,FOODS_1_006,202516,22.66
WI_1,FOODS_1_006,202517,22.66
WI_1,FOODS_1_006,202518,23.85
WI_1,FOODS_1_006,202519,23.85
WI_1,FOODS_1_006,202520,23.85
WI_1,FOODS_1_006,202521,23.85
WI_1,FOODS_1_006,202522,23.85
WI_1,FOODS_1_006,202523,23.85
WI_1,FOODS_1_006,202524,23.85
WI_1,FOODS_1_006,202525,23.85
WI_1,FOODS_1_006,202526,23.85
WI_1,FOODS_1_006,202527,23.85
WI_1,FOODS_1_006,202528,23.85
WI_1,FOODS_1_006,202529,22.66
WI_1,FOODS_1_006,202530,23.85
WI_1,FOODS_1_006,202531,22.66
WI_1,FOODS_1_006,202532,25.05
WI_1,FOODS_1_006,202533,23.85
WI_1,FOODS_1_006,202534,23.85
WI_1,FOODS_1_006,202535,23.85
WI_1,FOODS_1_006,202536,23.85
WI_1,FOODS_1_006,202537,23.85
WI_1,FOODS_1_006,202538,22.66
WI_1,FOODS_1_006,202539,23.85
WI_1,FOODS_1_006,202540,23.85
WI_1,FOODS_1_006,202541,23.85
WI_1,FOODS_1_006,202542,23.85
WI_1,FOODS_1_006,202543,23.85
WI_1,FOODS_1_006,202544,23.85
WI_1,FOODS_1_006,202545,23.85
WI_1,FOODS_1_006,202546,23.85
WI_1,FOODS_1_006,202547,22.66
WI_1,FOODS_1_006,202548,23.85
WI_1,FOODS_1_006,202549,23.85
WI_1,FOODS_1_006,202550,22.66
WI_1,FOODS_1_006,202551,23.85
WI_1,FOODS_1_006,202552,23.85
WI_1,FOODS_1_006,202501,22.66
WI_1,FOODS_1_006,202601,23.85
WI_1,FOODS_1_006,202602,23.85
WI_1,FOODS_1_006,202603,23.85
WI_1,FOODS_1_006,202604,23.85
WI_1,FOODS_1_006,202605,23.85
WI_1,FOODS_1_006,202606,23.85
WI_1,FOODS_1_006,202607,21.47
WI_1,FOODS_1_006,202608,21.47
WI_1,FOODS_1_006,202609,23.85
WI_1,FOODS_1_006,202610,21.47
WI_1,FOODS_1_006,202611,23.85
WI_1,FOODS_1_006,202612,23.85
WI_1,FOODS_1_007,202512,21.43
WI_1,FOODS_1_007,202513,21.43
WI_1,FOODS_1_007,202514,21.43
WI_1,FOODS_1_007,202515,19.28
WI_1,FOODS_1_007,202516,22.5
WI_1,FOODS_1_007,202517,21.43
WI_1,FOODS_1_007,202518,21.43
WI_1,FOODS_1_007,202519,21.43
WI_1,FOODS_1_007,202520,21.43
WI_1,FOODS_1_007,202521,21.43
WI_1,FOODS_1_007,202522,21.43
WI_1,FOODS_1_007,202523,20.36
WI_1,FOODS_1_007,202524,21.43
WI_1,FOODS_1_007,202525,21.43
WI_1,FOODS_1_007,202526,19.28
WI_1,FOODS_1_007,202527,21.43
WI_1,FOODS_1_007,202528,21.43
WI_1,FOODS_1_007,202529,21.43
WI_1,FOODS_1_007,202530,21.43
WI_1,FOODS_1_007,202531,20.36
WI_1,FOODS_1_007,202532,21.43
WI_1,FOODS_1_007,202533,21.43
WI_1,FOODS_1_007,202534,21.43
WI_1,FOODS_1_007,202535,21.43
WI_1,FOODS_1_007,202536,21.43
WI_1,FOODS_1_007,202537,19.28
WI_1,FOODS_1_007,202538,21.43
WI_1,FOODS_1_007,202539,19.28
WI_1,FOODS_1_007,202540,19.28
WI_1,FOODS_1_007,202541,21.43
WI_1,FOODS_1_007,202542,21.43
WI_1,FOODS_1_007,202543,21.43
WI_1,FOODS_1_007,202544,21.43
WI_1,FOODS_1_007,202545,21.43
WI_1,FOODS_1_007,202546,22.5
WI_1,FOODS_1_007,202547,21.43
WI_1,FOODS_1_007,202548,21.43
WI_1,FOODS_1_007,202549,20.36
WI_1,FOODS_1_007,202550,20.36
WI_1,FOODS_1_007,202551,19.28
WI_1,FOODS_1_007,202552,21.43
WI_1,FOODS_1_007,202501,21.43
WI_1,FOODS_1_007,202601,19.28
WI_1,FOODS_1_007,202602,21.43
WI_1,FOODS_1_007,202603,20.36
WI_1,FOODS_1_007,202604,21.43
WI_1,FOODS_1_007,202605,21.43
WI_1,FOODS_1_007,202606,21.43
WI_1,FOODS_1_007,202607,21.43
WI_1,FOODS_1_007,202608,21.43
WI_1,FOODS_1_007,202609,21.43
WI_1,FOODS_1_007,202610,22.5
WI_1,FOODS_1_007,202611,19.28
WI_1,FOODS_1_007,202612,21.43
WI_1,FOODS_1_008,202512,2.96
WI_1,FOODS_1_008,202513,2.96
WI_1,FOODS_1_008,202514,3.11
WI_1,FOODS_1_008,202515,2.96
WI_1,FOODS_1_008,202516,2.96
WI_1,FOODS_1_008,202517,2.96
WI_1,FOODS_1_008,202518,2.96
WI_1,FOODS_1_008,202519,2.96
WI_1,FOODS_1_008,202520,2.96
WI_1,FOODS_1_008,202521,2.66
WI_1,FOODS_1_008,202522,2.96
WI_1,FOODS_1_008,202523,2.96
WI_1,FOODS_1_008,202524,2.66
WI_1,FOODS_1_008,202525,2.96
WI_1,FOODS_1_008,202526,2.96
WI_1,FOODS_1_008,202527,2.96
WI_1,FOODS_1_008,202528,2.66
WI_1,FOODS_1_008,202529,2.96
WI_1,FOODS_1_008,202530,2.96
WI_1,FOODS_1_008,202531,2.96
WI_1,FOODS_1_008,202532,2.96
WI_1,FOODS_1_008,202533,2.96
WI_1,FOODS_1_008,202534,2.96
WI_1,FOODS_1_008,202535,2.96
WI_1,FOODS_1_008,202536,2.96
WI_1,FOODS_1_008,202537,2.66
WI_1,FOODS_1_008,202538,2.96
WI_1,FOODS_1_008,202539,2.96
WI_1,FOODS_1_008,202540,2.66
WI_1,FOODS_1_008,202541,2.96
WI_1,FOODS_1_008,202542,2.96
WI_1,FOODS_1_008,202543,2.96
WI_1,FOODS_1_008,202544,2.96
WI_1,FOODS_1_008,202545,2.96
WI_1,FOODS_1_008,202546,2.96
WI_1,FOODS_1_008,202547,2.96
WI_1,FOODS_1_008,202548,2.96
WI_1,FOODS_1_008,202549,2.96
WI_1,FOODS_1_008,202550,2.96
WI_1,FOODS_1_008,202551,2.96
WI_1,FOODS_1_008,202552,2.96
WI_1,FOODS_1_008,202501,2.96
WI_1,FOODS_1_008,202601,2.81
WI_1,FOODS_1_008,202602,2.96
WI_1,FOODS_1_008,202603,2.66
WI_1,FOODS_1_008,202604,2.81
WI_1,FOODS_1_008,202605,2.96
WI_1,FOODS_1_008,202606,2.96
WI_1,FOODS_1_008,202607,2.81
WI_1,FOODS_1_008,202608,2.96
WI_1,FOODS_1_008,202609,2.81
WI_1,FOODS_1_008,202610,2.81
WI_1,FOODS_1_008,202611,2.96
WI_1,FOODS_1_008,202612,2.96
WI_1,FOODS_1_009,202512,4.85
WI_1,FOODS_1_009,202513,5.1
WI_1,FOODS_1_009,202514,5.1
WI_1,FOODS_1_009,202515,5.36
WI_1,FOODS_1_009,202516,5.1
WI_1,FOODS_1_009,202517,5.36
WI_1,FOODS_1_009,202518,5.1
WI_1,FOODS_1_009,202519,5.36
WI_1,FOODS_1_009,202520,5.36
WI_1,FOODS_1_009,202521,5.1
WI_1,FOODS_1_009,202522,5.1
WI_1,FOODS_1_009,202523,5.36
WI_1,FOODS_1_009,202524,4.85
WI_1,FOODS_1_009,202525,5.1
WI_1,FOODS_1_009,202526,4.85
WI_1,FOODS_1_009,202527,5.1
WI_1,FOODS_1_009,202528,5.36
WI_1,FOODS_1_009,202529,5.1
WI_1,FOODS_1_009,202530,5.36
WI_1,FOODS_1_009,202531,5.1
WI_1,FOODS_1_009,202532,5.1
WI_1,FOODS_1_009,202533,5.1
WI_1,FOODS_1_009,202534,5.1
WI_1,FOODS_1_009,202535,5.1
WI_1,FOODS_1_009,202536,5.1
WI_1,FOODS_1_009,202537,5.1
WI_1,FOODS_1_009,202538,5.1
WI_1,FOODS_1_009,202539,5.1
WI_1,FOODS_1_009,202540,5.1
WI_1,FOODS_1_009,202541,4.59
WI_1,FOODS_1_009,202542,5.1
WI_1,FOODS_1_009,202543,5.1
WI_1,FOODS_1_009,202544,5.1
WI_1,FOODS_1_009,202545,5.1
WI_1,FOODS_1_009,202546,4.85
WI_1,FOODS_1_009,202547,5.36
WI_1,FOODS_1_009,202548,5.1
WI_1,FOODS_1_009,202549,5.1
WI_1,FOODS_1_009,202550,5.1
WI_1,FOODS_1_009,202551,4.85
WI_1,FOODS_1_009,202552,4.85
WI_1,FOODS_1_009,202501,5.1
WI_1,FOODS_1_009,202601,5.1
WI_1,FOODS_1_009,202602,5.1
WI_1,FOODS_1_009,202603,5.1
WI_1,FOODS_1_009,202604,5.36
WI_1,FOODS_1_009,202605,4.85
WI_1,FOODS_1_009,202606,5.1
WI_1,FOODS_1_009,202607,5.36
WI_1,FOODS_1_009,202608,4.59
WI_1,FOODS_1_009,202609,4.59
WI_1,FOODS_1_009,202610,5.36
WI_1,FOODS_1_009,202611,5.1
WI_1,FOODS_1_009,202612,5.1
WI_1,FOODS_1_010,202512,31.22
WI_1,FOODS_1_010,202513,31.22
WI_1,FOODS_1_010,202514,29.74
WI_1,FOODS_1_010,202515,29.74
WI_1,FOODS_1_010,202516,29.74
WI_1,FOODS_1_010,202517,29.74
WI_1,FOODS_1_010,202518,29.74
WI_1,FOODS_1_010,202519,29.74
WI_1,FOODS_1_010,202520,29.74
WI_1,FOODS_1_010,202521,31.22
WI_1,FOODS_1_010,202522,29.74
WI_1,FOODS_1_010,202523,29.74
WI_1,FOODS_1_010,202524,29.74
WI_1,FOODS_1_010,202525,26.76
WI_1,FOODS_1_010,202526,29.74
WI_1,FOODS_1_010,202527,29.74
WI_1,FOODS_1_010,202528,29.74
WI_1,FOODS_1_010,202529,29.74
WI_1,FOODS_1_010,202530,29.74
WI_1,FOODS_1_010,202531,29.74
WI_1,FOODS_1_010,202532,29.74
WI_1,FOODS_1_010,202533,31.22
WI_1,FOODS_1_010,202534,29.74
WI_1,FOODS_1_010,202535,26.76
WI_1,FOODS_1_010,202536,29.74
WI_1,FOODS_1_010,202537,29.74
WI_1,FOODS_1_010,202538,29.74
WI_1,FOODS_1_010,202539,29.74
WI_1,FOODS_1_010,202540,26.76
WI_1,FOODS_1_010,202541,31.22
WI_1,FOODS_1_010,202542,31.22
WI_1,FOODS_1_010,202543,29.74
WI_1,FOODS_1_010,202544,29.74
WI_1,FOODS_1_010,202545,29.74
WI_1,FOODS_1_010,202546,29.74
WI_1,FOODS_1_010,202547,29.74
WI_1,FOODS_1_010,202548,31.22
WI_1,FOODS_1_010,202549,29.74
WI_1,FOODS_1_010,202550,29.74
WI_1,FOODS_1_010,202551,29.74
WI_1,FOODS_1_010,202552,29.74
WI_1,FOODS_1_010,202501,31.22
WI_1,FOODS_1_010,202601,29.74
WI_1,FOODS_1_010,202602,29.74
WI_1,FOODS_1_010,202603,29.74
WI_1,FOODS_1_010,202604,29.74
WI_1,FOODS_1_010,202605,26.76
WI_1,FOODS_1_010,202606,29.74
WI_1,FOODS_1_010,202607,31.22
WI_1,FOODS_1_010,202608,29.74
WI_1,FOODS_1_010,202609,29.74
WI_1,FOODS_1_010,202610,29.74
WI_1,FOODS_1_010,202611,29.74
WI_1,FOODS_1_010,202612,29.74
WI_1,HOBBIES_2_001,202512,8.6
WI_1,HOBBIES_2_001,202513,8.17
WI_1,HOBBIES_2_001,202514,8.6
WI_1,HOBBIES_2_001,202515,8.6
WI_1,HOBBIES_2_001,202516,8.6
WI_1,HOBBIES_2_001,202517,8.6
WI_1,HOBBIES_2_001,202518,8.6
WI_1,HOBBIES_2_001,202519,8.6
WI_1,HOBBIES_2_001,202520,8.17
WI_1,HOBBIES_2_001,202521,8.6
WI_1,HOBBIES_2_001,202522,8.6
WI_1,HOBBIES_2_001,202523,8.6
WI_1,HOBBIES_2_001,202524,8.6
WI_1,HOBBIES_2_001,202525,9.03
WI_1,HOBBIES_2_001,202526,8.6
WI_1,HOBBIES_2_001,202527,8.6
WI_1,HOBBIES_2_001,202528,8.6
WI_1,HOBBIES_2_001,202529,8.6
WI_1,HOBBIES_2_001,202530,8.6
WI_1,HOBBIES_2_001,202531,8.6
WI_1,HOBBIES_2_001,202532,8.6
WI_1,HOBBIES_2_001,202533,8.17
WI_1,HOBBIES_2_001,202534,8.6
WI_1,HOBBIES_2_001,202535,8.6
WI_1,HOBBIES_2_001,202536,8.6
WI_1,HOBBIES_2_001,202537,8.6
WI_1,HOBBIES_2_001,202538,9.03
WI_1,HOBBIES_2_001,202539,8.6
WI_1,HOBBIES_2_001,202540,7.74
WI_1,HOBBIES_2_001,202541,8.17
WI_1,HOBBIES_2_001,202542,8.6
WI_1,HOBBIES_2_001,202543,8.6
WI_1,HOBBIES_2_001,202544,8.6
WI_1,HOBBIES_2_001,202545,8.6
WI_1,HOBBIES_2_001,202546,8.6
WI_1,HOBBIES_2_001,202547,8.17
WI_1,HOBBIES_2_001,202548,8.6
WI_1,HOBBIES_2_001,202549,8.6
WI_1,HOBBIES_2_001,202550,8.6
WI_1,HOBBIES_2_001,202551,8.17
WI_1,HOBBIES_2_001,202552,8.6
WI_1,HOBBIES_2_001,202501,8.6
WI_1,HOBBIES_2_001,202601,8.6
WI_1,HOBBIES_2_001,202602,8.17
WI_1,HOBBIES_2_001,202603,8.6
WI_1,HOBBIES_2_001,202604,8.6
WI_1,HOBBIES_2_001,202605,7.74
WI_1,HOBBIES_2_001,202606,9.03
WI_1,HOBBIES_2_001,202607,8.6
WI_1,HOBBIES_2_001,202608,8.17
WI_1,HOBBIES_2_001,202609,8.6
WI_1,HOBBIES_2_001,202610,8.6
WI_1,HOBBIES_2_001,202611,8.17
WI_1,HOBBIES_2_001,202612,8.6
WI_1,HOBBIES_2_002,202512,26.34
WI_1,HOBBIES_2_002,202513,26.34
WI_1,HOBBIES_2_002,202514,27.65
WI_1,HOBBIES_2_002,202515,26.34
WI_1,HOBBIES_2_002,202516,26.34
WI_1,HOBBIES_2_002,202517,26.34
WI_1,HOBBIES_2_002,202518,26.34
WI_1,HOBBIES_2_002,202519,26.34
WI_1,HOBBIES_2_002,202520,25.02
WI_1,HOBBIES_2_002,202521,26.34
WI_1,HOBBIES_2_002,202522,26.34
WI_1,HOBBIES_2_002,202523,26.34
WI_1,HOBBIES_2_002,202524,25.02
WI_1,HOBBIES_2_002,202525,26.34
WI_1,HOBBIES_2_002,202526,26.34
WI_1,HOBBIES_2_002,202527,25.02
WI_1,HOBBIES_2_002,202528,26.34
WI_1,HOBBIES_2_002,202529,26.34
WI_1,HOBBIES_2_002,202530,23.7
WI_1,HOBBIES_2_002,202531,26.34
WI_1,HOBBIES_2_002,202532,26.34
WI_1,HOBBIES_2_002,202533,26.34
WI_1,HOBBIES_2_002,202534,26.34
WI_1,HOBBIES_2_002,202535,27.65
WI_1,HOBBIES_2_002,202536,26.34
WI_1,HOBBIES_2_002,202537,26.34
WI_1,HOBBIES_2_002,202538,26.34
WI_1,HOBBIES_2_002,202539,26.34
WI_1,HOBBIES_2_002,202540,26.34
WI_1,HOBBIES_2_002,202541,23.7
WI_1,HOBBIES_2_002,202542,26.34
WI_1,HOBBIES_2_002,202543,26.34
WI_1,HOBBIES_2_002,202544,27.65
WI_1,HOBBIES_2_002,202545,23.7
WI_1,HOBBIES_2_002,202546,26.34
WI_1,HOBBIES_2_002,202547,26.34
WI_1,HOBBIES_2_002,202548,26.34
WI_1,HOBBIES_2_002,202549,26.34
WI_1,HOBBIES_2_002,202550,27.65
WI_1,HOBBIES_2_002,202551,26.34
WI_1,HOBBIES_2_002,202552,26.34
WI_1,HOBBIES_2_002,202501,26.34
WI_1,HOBBIES_2_002,202601,26.34
WI_1,HOBBIES_2_002,202602,23.7
WI_1,HOBBIES_2_002,202603,26.34
WI_1,HOBBIES_2_002,202604,26.34
WI_1,HOBBIES_2_002,202605,26.34
WI_1,HOBBIES_2_002,202606,25.02
WI_1,HOBBIES_2_002,202607,26.34
WI_1,HOBBIES_2_002,202608,26.34
WI_1,HOBBIES_2_002,202609,26.34
WI_1,HOBBIES_2_002,202610,23.7
WI_1,HOBBIES_2_002,202611,25.02
WI_1,HOBBIES_2_002,202612,26.34
WI_1,HOBBIES_2_003,202512,17.25
WI_1,HOBBIES_2_003,202513,17.25
WI_1,HOBBIES_2_003,202514,17.25
WI_1,HOBBIES_2_003,202515,17.25
WI_1,HOBBIES_2_003,202516,18.11
WI_1,HOBBIES_2_003,202517,17.25
WI_1,HOBBIES_2_003,202518,17.25
WI_1,HOBBIES_2_003,202519,17.25
WI_1,HOBBIES_2_003,202520,16.39
WI_1,HOBBIES_2_003,202521,16.39
WI_1,HOBBIES_2_003,202522,17.25
WI_1,HOBBIES_2_003,202523,17.25
WI_1,HOBBIES_2_003,202524,15.53
WI_1,HOBBIES_2_003,202525,17.25
WI_1,HOBBIES_2_003,202526,18.11
WI_1,HOBBIES_2_003,202527,18.11
WI_1,HOBBIES_2_003,202528,17.25
WI_1,HOBBIES_2_003,202529,18.11
WI_1,HOBBIES_2_003,202530,17.25
WI_1,HOBBIES_2_003,202531,18.11
WI_1,HOBBIES_2_003,202532,18.11
WI_1,HOBBIES_2_003,202533,18.11
WI_1,HOBBIES_2_003,202534,15.53
WI_1,HOBBIES_2_003,202535,17.25
WI_1,HOBBIES_2_003,202536,18.11
WI_1,HOBBIES_2_003,202537,17.25
WI_1,HOBBIES_2_003,202538,17.25
WI_1,HOBBIES_2_003,202539,17.25
WI_1,HOBBIES_2_003,202540,17.25
WI_1,HOBBIES_2_003,202541,17.25
WI_1,HOBBIES_2_003,202542,17.25
WI_1,HOBBIES_2_003,202543,17.25
WI_1,HOBBIES_2_003,202544,17.25
WI_1,HOBBIES_2_003,202545,17.25
WI_1,HOBBIES_2_003,202546,18.11
WI_1,HOBBIES_2_003,202547,17.25
WI_1,HOBBIES_2_003,202548,18.11
WI_1,HOBBIES_2_003,202549,17.25
WI_1,HOBBIES_2_003,202550,16.39
WI_1,HOBBIES_2_003,202551,17.25
WI_1,HOBBIES_2_003,202552,15.53
WI_1,HOBBIES_2_003,202501,18.11
WI_1,HOBBIES_2_003,202601,17.25
WI_1,HOBBIES_2_003,202602,18.11
WI_1,HOBBIES_2_003,202603,17.25
WI_1,HOBBIES_2_003,202604,17.25
WI_1,HOBBIES_2_003,202605,15.53
WI_1,HOBBIES_2_003,202606,16.39
WI_1,HOBBIES_2_003,202607,16.39
WI_1,HOBBIES_2_003,202608,17.25
WI_1,HOBBIES_2_003,202609,17.25
WI_1,HOBBIES_2_003,202610,17.25
WI_1,HOBBIES_2_003,202611,17.25
WI_1,HOBBIES_2_003,202612,17.25
WI_1,HOBBIES_2_004,202512,12.33
WI_1,HOBBIES_2_004,202513,13.63
WI_1,HOBBIES_2_004,202514,12.98
WI_1,HOBBIES_2_004,202515,12.98
WI_1,HOBBIES_2_004,202516,12.98
WI_1,HOBBIES_2_004,202517,12.98
WI_1,HOBBIES_2_004,202518,11.68
WI_1,HOBBIES_2_004,202519,12.98
WI_1,HOBBIES_2_004,202520,12.98
WI_1,HOBBIES_2_004,202521,12.98
WI_1,HOBBIES_2_004,202522,12.98
WI_1,HOBBIES_2_004,202523,12.98
WI_1,HOBBIES_2_004,202524,12.98
WI_1,HOBBIES_2_004,202525,12.33
WI_1,HOBBIES_2_004,202526,12.98
WI_1,HOBBIES_2_004,202527,12.98
WI_1,HOBBIES_2_004,202528,11.68
WI_1,HOBBIES_2_004,202529,12.98
WI_1,HOBBIES_2_004,202530,12.98
WI_1,HOBBIES_2_004,202531,11.68
WI_1,HOBBIES_2_004,202532,12.33
WI_1,HOBBIES_2_004,202533,12.33
WI_1,HOBBIES_2_004,202534,11.68
WI_1,HOBBIES_2_004,202535,12.98
WI_1,HOBBIES_2_004,202536,12.98
WI_1,HOBBIES_2_004,202537,11.68
WI_1,HOBBIES_2_004,202538,12.98
WI_1,HOBBIES_2_004,202539,12.98
WI_1,HOBBIES_2_004,202540,13.63
WI_1,HOBBIES_2_004,202541,13.63
WI_1,HOBBIES_2_004,202542,11.68
WI_1,HOBBIES_2_004,202543,12.33
WI_1,HOBBIES_2_004,202544,12.98
WI_1,HOBBIES_2_004,202545,12.98
WI_1,HOBBIES_2_004,202546,12.98
WI_1,HOBBIES_2_004,202547,12.98
WI_1,HOBBIES_2_004,202548,12.33
WI_1,HOBBIES_2_004,202549,12.98
WI_1,HOBBIES_2_004,202550,13.63
WI_1,HOBBIES_2_004,202551,12.98
WI_1,HOBBIES_2_004,202552,12.33
WI_1,HOBBIES_2_004,202501,12.98
WI_1,HOBBIES_2_004,202601,12.98
WI_1,HOBBIES_2_004,202602,12.33
WI_1,HOBBIES_2_004,202603,11.68
WI_1,HOBBIES_2_004,202604,11.68
WI_1,HOBBIES_2_004,202605,12.98
WI_1,HOBBIES_2_004,202606,12.98
WI_1,HOBBIES_2_004,202607,12.98
WI_1,HOBBIES_2_004,202608,12.98
WI_1,HOBBIES_2_004,202609,12.98
WI_1,HOBBIES_2_004,202610,12.98
WI_1,HOBBIES_2_004,202611,12.98
WI_1,HOBBIES_2_004,202612,12.98
WI_1,HOBBIES_2_005,202512,3.97
WI_1,HOBBIES_2_005,202513,3.97
WI_1,HOBBIES_2_005,202514,3.57
WI_1,HOBBIES_2_005,202515,3.57
WI_1,HOBBIES_2_005,202516,3.97
WI_1,HOBBIES_2_005,202517,3.97
WI_1,HOBBIES_2_005,202518,3.97
WI_1,HOBBIES_2_005,202519,3.97
WI_1,HOBBIES_2_005,202520,3.97
WI_1,HOBBIES_2_005,202521,3.97
WI_1,HOBBIES_2_005,202522,4.17
WI_1,HOBBIES_2_005,202523,3.57
WI_1,HOBBIES_2_005,202524,4.17
WI_1,HOBBIES_2_005,202525,3.97
WI_1,HOBBIES_2_005,202526,3.57
WI_1,HOBBIES_2_005,202527,3.97
WI_1,HOBBIES_2_005,202528,3.97
WI_1,HOBBIES_2_005,202529,3.97
WI_1,HOBBIES_2_005,202530,3.97
WI_1,HOBBIES_2_005,202531,4.17
WI_1,HOBBIES_2_005,202532,3.97
WI_1,HOBBIES_2_005,202533,4.17
WI_1,HOBBIES_2_005,202534,3.57
WI_1,HOBBIES_2_005,202535,3.97
WI_1,HOBBIES_2_005,202536,3.77
WI_1,HOBBIES_2_005,202537,3.97
WI_1,HOBBIES_2_005,202538,3.97
WI_1,HOBBIES_2_005,202539,3.97
WI_1,HOBBIES_2_005,202540,3.97
WI_1,HOBBIES_2_005,202541,3.97
WI_1,HOBBIES_2_005,202542,3.97
WI_1,HOBBIES_2_005,202543,3.97
WI_1,HOBBIES_2_005,202544,3.97
WI_1,HOBBIES_2_005,202545,3.77
WI_1,HOBBIES_2_005,202546,3.97
WI_1,HOBBIES_2_005,202547,3.97
WI_1,HOBBIES_2_005,202548,4.17
WI_1,HOBBIES_2_005,202549,3.77
WI_1,HOBBIES_2_005,202550,3.97
WI_1,HOBBIES_2_005,202551,3.97
WI_1,HOBBIES_2_005,202552,3.77
WI_1,HOBBIES_2_005,202501,3.97
WI_1,HOBBIES_2_005,202601,3.97
WI_1,HOBBIES_2_005,202602,3.97
WI_1,HOBBIES_2_005,202603,3.57
WI_1,HOBBIES_2_005,202604,3.57
WI_1,HOBBIES_2_005,202605,3.97
WI_1,HOBBIES_2_005,202606,3.97
WI_1,HOBBIES_2_005,202607,4.17
WI_1,HOBBIES_2_005,202608,3.97
WI_1,HOBBIES_2_005,202609,3.97
WI_1,HOBBIES_2_005,202610,3.97
WI_1,HOBBIES_2_005,202611,4.17
WI_1,HOBBIES_2_005,202612,3.97
WI_1,HOBBIES_2_006,202512,19.72
WI_1,HOBBIES_2_006,202513,19.72
WI_1,HOBBIES_2_006,202514,19.72
WI_1,HOBBIES_2_006,202515,19.72
WI_1,HOBBIES_2_006,202516,19.72
WI_1,HOBBIES_2_006,202517,19.72
WI_1,HOBBIES_2_006,202518,18.73
WI_1,HOBBIES_2_006,202519,17.74
WI_1,HOBBIES_2_006,202520,19.72
WI_1,HOBBIES_2_006,202521,18.73
WI_1,HOBBIES_2_006,202522,19.72
WI_1,HOBBIES_2_006,202523,18.73
WI_1,HOBBIES_2_006,202524,19.72
WI_1,HOBBIES_2_006,202525,19.72
WI_1,HOBBIES_2_006,202526,19.72
WI_1,HOBBIES_2_006,202527,20.7
WI_1,HOBBIES_2_006,202528,19.72
WI_1,HOBBIES_2_006,202529,18.73
WI_1,HOBBIES_2_006,202530,19.72
WI_1,HOBBIES_2_006,202531,19.72
WI_1,HOBBIES_2_006,202532,19.72
WI_1,HOBBIES_2_006,202533,17.74
WI_1,HOBBIES_2_006,202534,19.72
WI_1,HOBBIES_2_006,202535,19.72
WI_1,HOBBIES_2_006,202536,19.72
WI_1,HOBBIES_2_006,202537,19.72
WI_1,HOBBIES_2_006,202538,19.72
WI_1,HOBBIES_2_006,202539,18.73
WI_1,HOBBIES_2_006,202540,19.72
WI_1,HOBBIES_2_006,202541,18.73
WI_1,HOBBIES_2_006,202542,19.72
WI_1,HOBBIES_2_006,202543,18.73
WI_1,HOBBIES_2_006,202544,19.72
WI_1,HOBBIES_2_006,202545,19.72
WI_1,HOBBIES_2_006,202546,19.72
WI_1,HOBBIES_2_006,202547,19.72
WI_1,HOBBIES_2_006,202548,19.72
WI_1,HOBBIES_2_006,202549,19.72
WI_1,HOBBIES_2_006,202550,17.74
WI_1,HOBBIES_2_006,202551,20.7
WI_1,HOBBIES_2_006,202552,17.74
WI_1,HOBBIES_2_006,202501,19.72
WI_1,HOBBIES_2_006,202601,19.72
WI_1,HOBBIES_2_006,202602,19.72
WI_1,HOBBIES_2_006,202603,19.72
WI_1,HOBBIES_2_006,202604,19.72
WI_1,HOBBIES_2_006,202605,19.72
WI_1,HOBBIES_2_006,202606,19.72
WI_1,HOBBIES_2_006,202607,20.7
WI_1,HOBBIES_2_006,202608,19.72
WI_1,HOBBIES_2_006,202609,19.72
WI_1,HOBBIES_2_006,202610,19.72
WI_1,HOBBIES_2_006,202611,19.72
WI_1,HOBBIES_2_006,202612,17.74
WI_1,HOBBIES_2_007,202512,17.86
WI_1,HOBBIES_2_007,202513,18.76
WI_1,HOBBIES_2_007,202514,17.86
WI_1,HOBBIES_2_007,202515,17.86
WI_1,HOBBIES_2_007,202516,17.86
WI_1,HOBBIES_2_007,202517,17.86
WI_1,HOBBIES_2_007,202518,17.86
WI_1,HOBBIES_2_007,202519,17.86
WI_1,HOBBIES_2_007,202520,17.86
WI_1,HOBBIES_2_007,202521,17.86
WI_1,HOBBIES_2_007,202522,17.86
WI_1,HOBBIES_2_007,202523,17.86
WI_1,HOBBIES_2_007,202524,16.97
WI_1,HOBBIES_2_007,202525,16.08
WI_1,HOBBIES_2_007,202526,17.86
WI_1,HOBBIES_2_007,202527,17.86
WI_1,HOBBIES_2_007,202528,18.76
WI_1,HOBBIES_2_007,202529,16.08
WI_1,HOBBIES_2_007,202530,17.86
WI_1,HOBBIES_2_007,202531,17.86
WI_1,HOBBIES_2_007,202532,17.86
WI_1,HOBBIES_2_007,202533,18.76
WI_1,HOBBIES_2_007,202534,17.86
WI_1,HOBBIES_2_007,202535,17.86
WI_1,HOBBIES_2_007,202536,17.86
WI_1,HOBBIES_2_007,202537,18.76
WI_1,HOBBIES_2_007,202538,17.86
WI_1,HOBBIES_2_007,202539,17.86
WI_1,HOBBIES_2_007,202540,17.86
WI_1,HOBBIES_2_007,202541,16.08
WI_1,HOBBIES_2_007,202542,17.86
WI_1,HOBBIES_2_007,202543,18.76
WI_1,HOBBIES_2_007,202544,16.97
WI_1,HOBBIES_2_007,202545,17.86
WI_1,HOBBIES_2_007,202546,18.76
WI_1,HOBBIES_2_007,202547,17.86
WI_1,HOBBIES_2_007,202548,17.86
WI_1,HOBBIES_2_007,202549,17.86
WI_1,HOBBIES_2_007,202550,16.97
WI_1,HOBBIES_2_007,202551,17.86
WI_1,HOBBIES_2_007,202552,17.86
WI_1,HOBBIES_2_007,202501,17.86
WI_1,HOBBIES_2_007,202601,17.86
WI_1,HOBBIES_2_007,202602,16.97
WI_1,HOBBIES_2_007,202603,16.97
WI_1,HOBBIES_2_007,202604,16.97
WI_1,HOBBIES_2_007,202605,17.86
WI_1,HOBBIES_2_007,202606,17.86
WI_1,HOBBIES_2_007,202607,18.76
WI_1,HOBBIES_2_007,202608,18.76
WI_1,HOBBIES_2_007,202609,16.08
WI_1,HOBBIES_2_007,202610,17.86
WI_1,HOBBIES_2_007,202611,18.76
WI_1,HOBBIES_2_007,202612,17.86
WI_1,HOBBIES_2_008,202512,21.16
WI_1,HOBBIES_2_008,202513,20.1
WI_1,HOBBIES_2_008,202514,20.1
WI_1,HOBBIES_2_008,202515,21.16
WI_1,HOBBIES_2_008,202516,21.16
WI_1,HOBBIES_2_008,202517,22.21
WI_1,HOBBIES_2_008,202518,21.16
WI_1,HOBBIES_2_008,202519,21.16
WI_1,HOBBIES_2_008,202520,21.16
WI_1,HOBBIES_2_008,202521,20.1
WI_1,HOBBIES_2_008,202522,19.04
WI_1,HOBBIES_2_008,202523,21.16
WI_1,HOBBIES_2_008,202524,21.16
WI_1,HOBBIES_2_008,202525,21.16
WI_1,HOBBIES_2_008,202526,21.16
WI_1,HOBBIES_2_008,202527,21.16
WI_1,HOBBIES_2_008,202528,21.16
WI_1,HOBBIES_2_008,202529,21.16
WI_1,HOBBIES_2_008,202530,21.16
WI_1,HOBBIES_2_008,202531,19.04
WI_1,HOBBIES_2_008,202532,21.16
WI_1,HOBBIES_2_008,202533,20.1
WI_1,HOBBIES_2_008,202534,22.21
WI_1,HOBBIES_2_008,202535,22.21
WI_1,HOBBIES_2_008,202536,21.16
WI_1,HOBBIES_2_008,202537,21.16
WI_1,HOBBIES_2_008,202538,21.16
WI_1,HOBBIES_2_008,202539,21.16
WI_1,HOBBIES_2_008,202540,21.16
WI_1,HOBBIES_2_008,202541,21.16
WI_1,HOBBIES_2_008,202542,21.16
WI_1,HOBBIES_2_008,202543,21.16
WI_1,HOBBIES_2_008,202544,21.16
WI_1,HOBBIES_2_008,202545,21.16
WI_1,HOBBIES_2_008,202546,20.1
WI_1,HOBBIES_2_008,202547,21.16
WI_1,HOBBIES_2_008,202548,22.21
WI_1,HOBBIES_2_008,202549,21.16
WI_1,HOBBIES_2_008,202550,21.16
WI_1,HOBBIES_2_008,202551,21.16
WI_1,HOBBIES_2_008,202552,21.16
WI_1,HOBBIES_2_008,202501,21.16
WI_1,HOBBIES_2_008,202601,22.21
WI_1,HOBBIES_2_008,202602,20.1
WI_1,HOBBIES_2_008,202603,21.16
WI_1,HOBBIES_2_008,202604,21.16
WI_1,HOBBIES_2_008,202605,21.16
WI_1,HOBBIES_2_008,202606,19.04
WI_1,HOBBIES_2_008,202607,21.16
WI_1,HOBBIES_2_008,202608,20.1
WI_1,HOBBIES_2_008,202609,22.21
WI_1,HOBBIES_2_008,202610,21.16
WI_1,HOBBIES_2_008,202611,22.21
WI_1,HOBBIES_2_008,202612,21.16
WI_1,HOBBIES_2_009,202512,9.79
WI_1,HOBBIES_2_009,202513,10.88
WI_1,HOBBIES_2_009,202514,10.88
WI_1,HOBBIES_2_009,202515,10.88
WI_1,HOBBIES_2_009,202516,10.33
WI_1,HOBBIES_2_009,202517,10.88
WI_1,HOBBIES_2_009,202518,9.79
WI_1,HOBBIES_2_009,202519,10.88
WI_1,HOBBIES_2_009,202520,11.42
WI_1,HOBBIES_2_009,202521,10.33
WI_1,HOBBIES_2_009,202522,10.88
WI_1,HOBBIES_2_009,202523,10.88
WI_1,HOBBIES_2_009,202524,10.88
WI_1,HOBBIES_2_009,202525,10.88
WI_1,HOBBIES_2_009,202526,11.42
WI_1,HOBBIES_2_009,202527,10.33
WI_1,HOBBIES_2_009,202528,10.88
WI_1,HOBBIES_2_009,202529,10.88
WI_1,HOBBIES_2_009,202530,10.88
WI_1,HOBBIES_2_009,202531,10.88
WI_1,HOBBIES_2_009,202532,10.88
WI_1,HOBBIES_2_009,202533,10.33
WI_1,HOBBIES_2_009,202534,10.88
WI_1,HOBBIES_2_009,202535,10.88
WI_1,HOBBIES_2_009,202536,10.88
WI_1,HOBBIES_2_009,202537,10.88
WI_1,HOBBIES_2_009,202538,9.79
WI_1,HOBBIES_2_009,202539,10.88
WI_1,HOBBIES_2_009,202540,10.33
WI_1,HOBBIES_2_009,202541,10.88
WI_1,HOBBIES_2_009,202542,10.88
WI_1,HOBBIES_2_009,202543,10.88
WI_1,HOBBIES_2_009,202544,10.88
WI_1,HOBBIES_2_009,202545,10.33
WI_1,HOBBIES_2_009,202546,10.33
WI_1,HOBBIES_2_009,202547,10.88
WI_1,HOBBIES_2_009,202548,10.88
WI_1,HOBBIES_2_009,202549,9.79
WI_1,HOBBIES_2_009,202550,10.33
WI_1,HOBBIES_2_009,202551,9.79
WI_1,HOBBIES_2_009,202552,10.88
WI_1,HOBBIES_2_009,202501,10.88
WI_1,HOBBIES_2_009,202601,11.42
WI_1,HOBBIES_2_009,202602,10.88
WI_1,HOBBIES_2_009,202603,10.88
WI_1,HOBBIES_2_009,202604,10.33
WI_1,HOBBIES_2_009,202605,9.79
WI_1,HOBBIES_2_009,202606,10.88
WI_1,HOBBIES_2_009,202607,10.88
WI_1,HOBBIES_2_009,202608,10.88
WI_1,HOBBIES_2_009,202609,10.88
WI_1,HOBBIES_2_009,202610,10.88
WI_1,HOBBIES_2_009,202611,10.88
WI_1,HOBBIES_2_009,202612,10.88
WI_1,HOBBIES_2_010,202512,12.19
WI_1,HOBBIES_2_010,202513,11.61
WI_1,HOBBIES_2_010,202514,11.61
WI_1,HOBBIES_2_010,202515,11.03
WI_1,HOBBIES_2_010,202516,11.61
WI_1,HOBBIES_2_010,202517,11.03
WI_1,HOBBIES_2_010,202518,11.61
WI_1,HOBBIES_2_010,202519,12.19
WI_1,HOBBIES_2_010,202520,11.61
WI_1,HOBBIES_2_010,202521,10.45
WI_1,HOBBIES_2_010,202522,11.61
WI_1,HOBBIES_2_010,202523,11.03
WI_1,HOBBIES_2_010,202524,11.61
WI_1,HOBBIES_2_010,202525,11.61
WI_1,HOBBIES_2_010,202526,11.61
WI_1,HOBBIES_2_010,202527,11.61
WI_1,HOBBIES_2_010,202528,11.61
WI_1,HOBBIES_2_010,202529,11.61
WI_1,HOBBIES_2_010,202530,11.61
WI_1,HOBBIES_2_010,202531,11.61
WI_1,HOBBIES_2_010,202532,11.61
WI_1,HOBBIES_2_010,202533,11.61
WI_1,HOBBIES_2_010,202534,11.61
WI_1,HOBBIES_2_010,202535,11.61
WI_1,HOBBIES_2_010,202536,11.61
WI_1,HOBBIES_2_010,202537,10.45
WI_1,HOBBIES_2_010,202538,12.19
WI_1,HOBBIES_2_010,202539,11.61
WI_1,HOBBIES_2_010,202540,10.45
WI_1,HOBBIES_2_010,202541,11.61
WI_1,HOBBIES_2_010,202542,11.03
WI_1,HOBBIES_2_010,202543,11.61
WI_1,HOBBIES_2_010,202544,11.61
WI_1,HOBBIES_2_010,202545,11.61
WI_1,HOBBIES_2_010,202546,11.03
WI_1,HOBBIES_2_010,202547,10.45
WI_1,HOBBIES_2_010,202548,11.61
WI_1,HOBBIES_2_010,202549,11.61
WI_1,HOBBIES_2_010,202550,10.45
WI_1,HOBBIES_2_010,202551,11.61
WI_1,HOBBIES_2_010,202552,11.61
WI_1,HOBBIES_2_010,202501,12.19
WI_1,HOBBIES_2_010,202601,11.61
WI_1,HOBBIES_2_010,202602,11.61
WI_1,HOBBIES_2_010,202603,11.61
WI_1,HOBBIES_2_010,202604,10.45
WI_1,HOBBIES_2_010,202605,11.61
WI_1,HOBBIES_2_010,202606,11.61
WI_1,HOBBIES_2_010,202607,11.03
WI_1,HOBBIES_2_010,202608,11.03
WI_1,HOBBIES_2_010,202609,11.61
WI_1,HOBBIES_2_010,202610,11.03
WI_1,HOBBIES_2_010,202611,12.19
WI_1,HOBBIES_2_010,202612,12.19
WI_1,HOUSEHOLD_3_001,202512,26.94
WI_1,HOUSEHOLD_3_001,202513,26.94
WI_1,HOUSEHOLD_3_001,202514,26.94
WI_1,HOUSEHOLD_3_001,202515,26.94
WI_1,HOUSEHOLD_3_001,202516,26.94
WI_1,HOUSEHOLD_3_001,202517,28.29
WI_1,HOUSEHOLD_3_001,202518,28.29
WI_1,HOUSEHOLD_3_001,202519,26.94
WI_1,HOUSEHOLD_3_001,202520,26.94
WI_1,HOUSEHOLD_3_001,202521,28.29
WI_1,HOUSEHOLD_3_001,202522,26.94
WI_1,HOUSEHOLD_3_001,202523,24.25
WI_1,HOUSEHOLD_3_001,202524,26.94
WI_1,HOUSEHOLD_3_001,202525,26.94
WI_1,HOUSEHOLD_3_001,202526,26.94
WI_1,HOUSEHOLD_3_001,202527,26.94
WI_1,HOUSEHOLD_3_001,202528,28.29
WI_1,HOUSEHOLD_3_001,202529,26.94
WI_1,HOUSEHOLD_3_001,202530,28.29
WI_1,HOUSEHOLD_3_001,202531,28.29
WI_1,HOUSEHOLD_3_001,202532,26.94
WI_1,HOUSEHOLD_3_001,202533,26.94
WI_1,HOUSEHOLD_3_001,202534,24.25
WI_1,HOUSEHOLD_3_001,202535,26.94
WI_1,HOUSEHOLD_3_001,202536,26.94
WI_1,HOUSEHOLD_3_001,202537,26.94
WI_1,HOUSEHOLD_3_001,202538,26.94
WI_1,HOUSEHOLD_3_001,202539,26.94
WI_1,HOUSEHOLD_3_001,202540,26.94
WI_1,HOUSEHOLD_3_001,202541,26.94
WI_1,HOUSEHOLD_3_001,202542,26.94
WI_1,HOUSEHOLD_3_001,202543,26.94
WI_1,HOUSEHOLD_3_001,202544,26.94
WI_1,HOUSEHOLD_3_001,202545,28.29
WI_1,HOUSEHOLD_3_001,202546,25.6
WI_1,HOUSEHOLD_3_001,202547,26.94
WI_1,HOUSEHOLD_3_001,202548,26.94
WI_1,HOUSEHOLD_3_001,202549,26.94
WI_1,HOUSEHOLD_3_001,202550,26.94
WI_1,HOUSEHOLD_3_001,202551,26.94
WI_1,HOUSEHOLD_3_001,202552,25.6
WI_1,HOUSEHOLD_3_001,202501,26.94
WI_1,HOUSEHOLD_3_001,202601,26.94
WI_1,HOUSEHOLD_3_001,202602,26.94
WI_1,HOUSEHOLD_3_001,202603,26.94
WI_1,HOUSEHOLD_3_001,202604,26.94
WI_1,HOUSEHOLD_3_001,202605,26.94
WI_1,HOUSEHOLD_3_001,202606,24.25
WI_1,HOUSEHOLD_3_001,202607,26.94
WI_1,HOUSEHOLD_3_001,202608,28.29
WI_1,HOUSEHOLD_3_001,202609,26.94
WI_1,HOUSEHOLD_3_001,202610,26.94
WI_1,HOUSEHOLD_3_001,202611,26.94
WI_1,HOUSEHOLD_3_001,202612,26.94
WI_1,HOUSEHOLD_3_002,202512,27.07
WI_1,HOUSEHOLD_3_002,202513,25.71
WI_1,HOUSEHOLD_3_002,202514,27.07
WI_1,HOUSEHOLD_3_002,202515,27.07
WI_1,HOUSEHOLD_3_002,202516,27.07
WI_1,HOUSEHOLD_3_002,202517,27.07
WI_1,HOUSEHOLD_3_002,202518,25.71
WI_1,HOUSEHOLD_3_002,202519,27.07
WI_1,HOUSEHOLD_3_002,202520,27.07
WI_1,HOUSEHOLD_3_002,202521,27.07
WI_1,HOUSEHOLD_3_002,202522,24.36
WI_1,HOUSEHOLD_3_002,202523,27.07
WI_1,HOUSEHOLD_3_002,202524,28.42
WI_1,HOUSEHOLD_3_002,202525,27.07
WI_1,HOUSEHOLD_3_002,202526,28.42
WI_1,HOUSEHOLD_3_002,202527,25.71
WI_1,HOUSEHOLD_3_002,202528,27.07
WI_1,HOUSEHOLD_3_002,202529,25.71
WI_1,HOUSEHOLD_3_002,202530,27.07
WI_1,HOUSEHOLD_3_002,202531,24.36
WI_1,HOUSEHOLD_3_002,202532,27.07
WI_1,HOUSEHOLD_3_002,202533,27.07
WI_1,HOUSEHOLD_3_002,202534,24.36
WI_1,HOUSEHOLD_3_002,202535,28.42
WI_1,HOUSEHOLD_3_002,202536,24.36
WI_1,HOUSEHOLD_3_002,202537,28.42
WI_1,HOUSEHOLD_3_002,202538,28.42
WI_1,HOUSEHOLD_3_002,202539,27.07
WI_1,HOUSEHOLD_3_002,202540,27.07
WI_1,HOUSEHOLD_3_002,202541,27.07
WI_1,HOUSEHOLD_3_002,202542,27.07
WI_1,HOUSEHOLD_3_002,202543,24.36
WI_1,HOUSEHOLD_3_002,202544,27.07
WI_1,HOUSEHOLD_3_002,202545,28.42
WI_1,HOUSEHOLD_3_002,202546,27.07
WI_1,HOUSEHOLD_3_002,202547,27.07
WI_1,HOUSEHOLD_3_002,202548,27.07
WI_1,HOUSEHOLD_3_002,202549,27.07
WI_1,HOUSEHOLD_3_002,202550,24.36
WI_1,HOUSEHOLD_3_002,202551,25.71
WI_1,HOUSEHOLD_3_002,202552,25.71
WI_1,HOUSEHOLD_3_002,202501,28.42
WI_1,HOUSEHOLD_3_002,202601,24.36
WI_1,HOUSEHOLD_3_002,202602,25.71
WI_1,HOUSEHOLD_3_002,202603,27.07
WI_1,HOUSEHOLD_3_002,202604,27.07
WI_1,HOUSEHOLD_3_002,202605,27.07
WI_1,HOUSEHOLD_3_002,202606,24.36
WI_1,HOUSEHOLD_3_002,202607,27.07
WI_1,HOUSEHOLD_3_002,202608,27.07
WI_1,HOUSEHOLD_3_002,202609,27.07
WI_1,HOUSEHOLD_3_002,202610,24.36
WI_1,HOUSEHOLD_3_002,202611,27.07
WI_1,HOUSEHOLD_3_002,202612,27.07
WI_1,HOUSEHOLD_3_003,202512,5.66
WI_1,HOUSEHOLD_3_003,202513,5.09
WI_1,HOUSEHOLD_3_003,202514,5.66
WI_1,HOUSEHOLD_3_003,202515,5.66
WI_1,HOUSEHOLD_3_003,202516,5.09
WI_1,HOUSEHOLD_3_003,202517,5.66
WI_1,HOUSEHOLD_3_003,202518,5.66
WI_1,HOUSEHOLD_3_003,202519,5.09
WI_1,HOUSEHOLD_3_003,202520,5.38
WI_1,HOUSEHOLD_3_003,202521,5.66
WI_1,HOUSEHOLD_3_003,202522,5.09
WI_1,HOUSEHOLD_3_003,202523,5.66
WI_1,HOUSEHOLD_3_003,202524,5.66
WI_1,HOUSEHOLD_3_003,202525,5.66
WI_1,HOUSEHOLD_3_003,202526,5.38
WI_1,HOUSEHOLD_3_003,202527,5.66
WI_1,HOUSEHOLD_3_003,202528,5.09
WI_1,HOUSEHOLD_3_003,202529,5.66
WI_1,HOUSEHOLD_3_003,202530,5.66
WI_1,HOUSEHOLD_3_003,202531,5.66
WI_1,HOUSEHOLD_3_003,202532,5.66
WI_1,HOUSEHOLD_3_003,202533,5.66
WI_1,HOUSEHOLD_3_003,202534,5.09
WI_1,HOUSEHOLD_3_003,202535,5.66
WI_1,HOUSEHOLD_3_003,202536,5.66
WI_1,HOUSEHOLD_3_003,202537,5.66
WI_1,HOUSEHOLD_3_003,202538,5.09
WI_1,HOUSEHOLD_3_003,202539,5.66
WI_1,HOUSEHOLD_3_003,202540,5.09
WI_1,HOUSEHOLD_3_003,202541,5.66
WI_1,HOUSEHOLD_3_003,202542,5.94
WI_1,HOUSEHOLD_3_003,202543,5.66
WI_1,HOUSEHOLD_3_003,202544,5.66
WI_1,HOUSEHOLD_3_003,202545,5.66
WI_1,HOUSEHOLD_3_003,202546,5.09
WI_1,HOUSEHOLD_3_003,202547,5.94
WI_1,HOUSEHOLD_3_003,202548,5.66
WI_1,HOUSEHOLD_3_003,202549,5.66
WI_1,HOUSEHOLD_3_003,202550,5.66
WI_1,HOUSEHOLD_3_003,202551,5.66
WI_1,HOUSEHOLD_3_003,202552,5.66
WI_1,HOUSEHOLD_3_003,202501,5.66
WI_1,HOUSEHOLD_3_003,202601,5.09
WI_1,HOUSEHOLD_3_003,202602,5.66
WI_1,HOUSEHOLD_3_003,202603,5.94
WI_1,HOUSEHOLD_3_003,202604,5.66
WI_1,HOUSEHOLD_3_003,202605,5.66
WI_1,HOUSEHOLD_3_003,202606,5.09
WI_1,HOUSEHOLD_3_003,202607,5.66
WI_1,HOUSEHOLD_3_003,202608,5.66
WI_1,HOUSEHOLD_3_003,202609,5.66
WI_1,HOUSEHOLD_3_003,202610,5.94
WI_1,HOUSEHOLD_3_003,202611,5.66
WI_1,HOUSEHOLD_3_003,202612,5.94
WI_1,HOUSEHOLD_3_004,202512,26.45
WI_1,HOUSEHOLD_3_004,202513,26.45
WI_1,HOUSEHOLD_3_004,202514,26.45
WI_1,HOUSEHOLD_3_004,202515,25.12
WI_1,HOUSEHOLD_3_004,202516,26.45
WI_1,HOUSEHOLD_3_004,202517,27.77
WI_1,HOUSEHOLD_3_004,202518,26.45
WI_1,HOUSEHOLD_3_004,202519,26.45
WI_1,HOUSEHOLD_3_004,202520,26.45
WI_1,HOUSEHOLD_3_004,202521,25.12
WI_1,HOUSEHOLD_3_004,202522,26.45
WI_1,HOUSEHOLD_3_004,202523,27.77
WI_1,HOUSEHOLD_3_004,202524,26.45
WI_1,HOUSEHOLD_3_004,202525,27.77
WI_1,HOUSEHOLD_3_004,202526,26.45
WI_1,HOUSEHOLD_3_004,202527,26.45
WI_1,HOUSEHOLD_3_004,202528,26.45
WI_1,HOUSEHOLD_3_004,202529,26.45
WI_1,HOUSEHOLD_3_004,202530,26.45
WI_1,HOUSEHOLD_3_004,202531,26.45
WI_1,HOUSEHOLD_3_004,202532,26.45
WI_1,HOUSEHOLD_3_004,202533,26.45
WI_1,HOUSEHOLD_3_004,202534,26.45
WI_1,HOUSEHOLD_3_004,202535,26.45
WI_1,HOUSEHOLD_3_004,202536,25.12
WI_1,HOUSEHOLD_3_004,202537,25.12
WI_1,HOUSEHOLD_3_004,202538,25.12
WI_1,HOUSEHOLD_3_004,202539,26.45
WI_1,HOUSEHOLD_3_004,202540,26.45
WI_1,HOUSEHOLD_3_004,202541,26.45
WI_1,HOUSEHOLD_3_004,202542,23.8
WI_1,HOUSEHOLD_3_004,202543,26.45
WI_1,HOUSEHOLD_3_004,202544,26.45
WI_1,HOUSEHOLD_3_004,202545,26.45
WI_1,HOUSEHOLD_3_004,202546,25.12
WI_1,HOUSEHOLD_3_004,202547,26.45
WI_1,HOUSEHOLD_3_004,202548,27.77
WI_1,HOUSEHOLD_3_004,202549,26.45
WI_1,HOUSEHOLD_3_004,202550,26.45
WI_1,HOUSEHOLD_3_004,202551,23.8
WI_1,HOUSEHOLD_3_004,202552,26.45
WI_1,HOUSEHOLD_3_004,202501,23.8
WI_1,HOUSEHOLD_3_004,202601,26.45
WI_1,HOUSEHOLD_3_004,202602,25.12
WI_1,HOUSEHOLD_3_004,202603,27.77
WI_1,HOUSEHOLD_3_004,202604,26.45
WI_1,HOUSEHOLD_3_004,202605,26.45
WI_1,HOUSEHOLD_3_004,202606,26.45
WI_1,HOUSEHOLD_3_004,202607,27.77
WI_1,HOUSEHOLD_3_004,202608,26.45
WI_1,HOUSEHOLD_3_004,202609,25.12
WI_1,HOUSEHOLD_3_004,202610,26.45
WI_1,HOUSEHOLD_3_004,202611,25.12
WI_1,HOUSEHOLD_3_004,202612,26.45
WI_1,HOUSEHOLD_3_005,202512,9.79
WI_1,HOUSEHOLD_3_005,202513,9.79
WI_1,HOUSEHOLD_3_005,202514,9.3
WI_1,HOUSEHOLD_3_005,202515,9.79
WI_1,HOUSEHOLD_3_005,202516,10.28
WI_1,HOUSEHOLD_3_005,202517,9.79
WI_1,HOUSEHOLD_3_005,202518,10.28
WI_1,HOUSEHOLD_3_005,202519,9.79
WI_1,HOUSEHOLD_3_005,202520,9.79
WI_1,HOUSEHOLD_3_005,202521,9.79
WI_1,HOUSEHOLD_3_005,202522,10.28
WI_1,HOUSEHOLD_3_005,202523,9.79
WI_1,HOUSEHOLD_3_005,202524,9.79
WI_1,HOUSEHOLD_3_005,202525,9.79
WI_1,HOUSEHOLD_3_005,202526,9.3
WI_1,HOUSEHOLD_3_005,202527,10.28
WI_1,HOUSEHOLD_3_005,202528,9.79
WI_1,HOUSEHOLD_3_005,202529,9.79
WI_1,HOUSEHOLD_3_005,202530,9.79
WI_1,HOUSEHOLD_3_005,202531,10.28
WI_1,HOUSEHOLD_3_005,202532,9.79
WI_1,HOUSEHOLD_3_005,202533,10.28
WI_1,HOUSEHOLD_3_005,202534,9.79
WI_1,HOUSEHOLD_3_005,202535,9.3
WI_1,HOUSEHOLD_3_005,202536,10.28
WI_1,HOUSEHOLD_3_005,202537,9.79
WI_1,HOUSEHOLD_3_005,202538,9.79
WI_1,HOUSEHOLD_3_005,202539,9.79
WI_1,HOUSEHOLD_3_005,202540,9.79
WI_1,HOUSEHOLD_3_005,202541,9.79
WI_1,HOUSEHOLD_3_005,202542,10.28
WI_1,HOUSEHOLD_3_005,202543,9.79
WI_1,HOUSEHOLD_3_005,202544,9.79
WI_1,HOUSEHOLD_3_005,202545,9.79
WI_1,HOUSEHOLD_3_005,202546,9.79
WI_1,HOUSEHOLD_3_005,202547,9.79
WI_1,HOUSEHOLD_3_005,202548,9.79
WI_1,HOUSEHOLD_3_005,202549,9.79
WI_1,HOUSEHOLD_3_005,202550,10.28
WI_1,HOUSEHOLD_3_005,202551,9.79
WI_1,HOUSEHOLD_3_005,202552,9.79
WI_1,HOUSEHOLD_3_005,202501,9.79
WI_1,HOUSEHOLD_3_005,202601,9.79
WI_1,HOUSEHOLD_3_005,202602,9.3
WI_1,HOUSEHOLD_3_005,202603,9.79
WI_1,HOUSEHOLD_3_005,202604,9.79
WI_1,HOUSEHOLD_3_005,202605,8.81
WI_1,HOUSEHOLD_3_005,202606,9.79
WI_1,HOUSEHOLD_3_005,202607,9.79
WI_1,HOUSEHOLD_3_005,202608,9.79
WI_1,HOUSEHOLD_3_005,202609,8.81
WI_1,HOUSEHOLD_3_005,202610,9.79
WI_1,HOUSEHOLD_3_005,202611,8.81
WI_1,HOUSEHOLD_3_005,202612,10.28
WI_1,HOUSEHOLD_3_006,202512,10.22
WI_1,HOUSEHOLD_3_006,202513,9.71
WI_1,HOUSEHOLD_3_006,202514,10.22
WI_1,HOUSEHOLD_3_006,202515,9.2
WI_1,HOUSEHOLD_3_006,202516,10.22
WI_1,HOUSEHOLD_3_006,202517,10.73
WI_1,HOUSEHOLD_3_006,202518,10.73
WI_1,HOUSEHOLD_3_006,202519,10.22
WI_1,HOUSEHOLD_3_006,202520,10.73
WI_1,HOUSEHOLD_3_006,202521,10.22
WI_1,HOUSEHOLD_3_006,202522,10.22
WI_1,HOUSEHOLD_3_006,202523,9.2
WI_1,HOUSEHOLD_3_006,202524,10.22
WI_1,HOUSEHOLD_3_006,202525,10.22
WI_1,HOUSEHOLD_3_006,202526,10.22
WI_1,HOUSEHOLD_3_006,202527,10.22
WI_1,HOUSEHOLD_3_006,202528,9.71
WI_1,HOUSEHOLD_3_006,202529,10.22
WI_1,HOUSEHOLD_3_006,202530,10.22
WI_1,HOUSEHOLD_3_006,202531,10.22
WI_1,HOUSEHOLD_3_006,202532,9.71
WI_1,HOUSEHOLD_3_006,202533,10.22
WI_1,HOUSEHOLD_3_006,202534,10.22
WI_1,HOUSEHOLD_3_006,202535,10.22
WI_1,HOUSEHOLD_3_006,202536,10.22
WI_1,HOUSEHOLD_3_006,202537,9.2
WI_1,HOUSEHOLD_3_006,202538,10.22
WI_1,HOUSEHOLD_3_006,202539,10.22
WI_1,HOUSEHOLD_3_006,202540,10.22
WI_1,HOUSEHOLD_3_006,202541,10.22
WI_1,HOUSEHOLD_3_006,202542,10.22
WI_1,HOUSEHOLD_3_006,202543,10.22
WI_1,HOUSEHOLD_3_006,202544,9.2
WI_1,HOUSEHOLD_3_006,202545,9.71
WI_1,HOUSEHOLD_3_006,202546,10.22
WI_1,HOUSEHOLD_3_006,202547,10.22
WI_1,HOUSEHOLD_3_006,202548,10.22
WI_1,HOUSEHOLD_3_006,202549,10.73
WI_1,HOUSEHOLD_3_006,202550,10.22
WI_1,HOUSEHOLD_3_006,202551,10.22
WI_1,HOUSEHOLD_3_006,202552,10.73
WI_1,HOUSEHOLD_3_006,202501,10.22
WI_1,HOUSEHOLD_3_006,202601,10.22
WI_1,HOUSEHOLD_3_006,202602,10.22
WI_1,HOUSEHOLD_3_006,202603,10.22
WI_1,HOUSEHOLD_3_006,202604,10.22
WI_1,HOUSEHOLD_3_006,202605,9.2
WI_1,HOUSEHOLD_3_006,202606,10.22
WI_1,HOUSEHOLD_3_006,202607,10.22
WI_1,HOUSEHOLD_3_006,202608,9.2
WI_1,HOUSEHOLD_3_006,202609,9.2
WI_1,HOUSEHOLD_3_006,202610,10.22
WI_1,HOUSEHOLD_3_006,202611,10.22
WI_1,HOUSEHOLD_3_006,202612,10.22
WI_1,HOUSEHOLD_3_007,202512,21.73
WI_1,HOUSEHOLD_3_007,202513,21.73
WI_1,HOUSEHOLD_3_007,202514,19.56
WI_1,HOUSEHOLD_3_007,202515,21.73
WI_1,HOUSEHOLD_3_007,202516,22.82
WI_1,HOUSEHOLD_3_007,202517,21.73
WI_1,HOUSEHOLD_3_007,202518,21.73
WI_1,HOUSEHOLD_3_007,202519,21.73
WI_1,HOUSEHOLD_3_007,202520,21.73
WI_1,HOUSEHOLD_3_007,202521,22.82
WI_1,HOUSEHOLD_3_007,202522,21.73
WI_1,HOUSEHOLD_3_007,202523,21.73
WI_1,HOUSEHOLD_3_007,202524,21.73
WI_1,HOUSEHOLD_3_007,202525,20.64
WI_1,HOUSEHOLD_3_007,202526,21.73
WI_1,HOUSEHOLD_3_007,202527,20.64
WI_1,HOUSEHOLD_3_007,202528,21.73
WI_1,HOUSEHOLD_3_007,202529,21.73
WI_1,HOUSEHOLD_3_007,202530,21.73
WI_1,HOUSEHOLD_3_007,202531,21.73
WI_1,HOUSEHOLD_3_007,202532,21.73
WI_1,HOUSEHOLD_3_007,202533,21.73
WI_1,HOUSEHOLD_3_007,202534,20.64
WI_1,HOUSEHOLD_3_007,202535,21.73
WI_1,HOUSEHOLD_3_007,202536,21.73
WI_1,HOUSEHOLD_3_007,202537,21.73
WI_1,HOUSEHOLD_3_007,202538,21.73
WI_1,HOUSEHOLD_3_007,202539,19.56
WI_1,HOUSEHOLD_3_007,202540,21.73
WI_1,HOUSEHOLD_3_007,202541,21.73
WI_1,HOUSEHOLD_3_007,202542,21.73
WI_1,HOUSEHOLD_3_007,202543,21.73
WI_1,HOUSEHOLD_3_007,202544,21.73
WI_1,HOUSEHOLD_3_007,202545,21.73
WI_1,HOUSEHOLD_3_007,202546,21.73
WI_1,HOUSEHOLD_3_007,202547,22.82
WI_1,HOUSEHOLD_3_007,202548,21.73
WI_1,HOUSEHOLD_3_007,202549,21.73
WI_1,HOUSEHOLD_3_007,202550,21.73
WI_1,HOUSEHOLD_3_007,202551,21.73
WI_1,HOUSEHOLD_3_007,202552,22.82
WI_1,HOUSEHOLD_3_007,202501,20.64
WI_1,HOUSEHOLD_3_007,202601,21.73
WI_1,HOUSEHOLD_3_007,202602,21.73
WI_1,HOUSEHOLD_3_007,202603,21.73
WI_1,HOUSEHOLD_3_007,202604,21.73
WI_1,HOUSEHOLD_3_007,202605,21.73
WI_1,HOUSEHOLD_3_007,202606,21.73
WI_1,HOUSEHOLD_3_007,202607,21.73
WI_1,HOUSEHOLD_3_007,202608,21.73
WI_1,HOUSEHOLD_3_007,202609,21.73
WI_1,HOUSEHOLD_3_007,202610,21.73
WI_1,HOUSEHOLD_3_007,202611,19.56
WI_1,HOUSEHOLD_3_007,202612,22.82
WI_1,HOUSEHOLD_3_008,202512,29.89
WI_1,HOUSEHOLD_3_008,202513,29.89
WI_1,HOUSEHOLD_3_008,202514,31.39
WI_1,HOUSEHOLD_3_008,202515,29.89
WI_1,HOUSEHOLD_3_008,202516,29.89
WI_1,HOUSEHOLD_3_008,202517,26.9
WI_1,HOUSEHOLD_3_008,202518,29.89
WI_1,HOUSEHOLD_3_008,202519,29.89
WI_1,HOUSEHOLD_3_008,202520,29.89
WI_1,HOUSEHOLD_3_008,202521,29.89
WI_1,HOUSEHOLD_3_008,202522,29.89
WI_1,HOUSEHOLD_3_008,202523,29.89
WI_1,HOUSEHOLD_3_008,202524,29.89
WI_1,HOUSEHOLD_3_008,202525,28.4
WI_1,HOUSEHOLD_3_008,202526,29.89
WI_1,HOUSEHOLD_3_008,202527,29.89
WI_1,HOUSEHOLD_3_008,202528,29.89
WI_1,HOUSEHOLD_3_008,202529,29.89
WI_1,HOUSEHOLD_3_008,202530,29.89
WI_1,HOUSEHOLD_3_008,202531,29.89
WI_1,HOUSEHOLD_3_008,202532,31.39
WI_1,HOUSEHOLD_3_008,202533,29.89
WI_1,HOUSEHOLD_3_008,202534,29.89
WI_1,HOUSEHOLD_3_008,202535,29.89
WI_1,HOUSEHOLD_3_008,202536,29.89
WI_1,HOUSEHOLD_3_008,202537,31.39
WI_1,HOUSEHOLD_3_008,202538,26.9
WI_1,HOUSEHOLD_3_008,202539,29.89
WI_1,HOUSEHOLD_3_008,202540,29.89
WI_1,HOUSEHOLD_3_008,202541,29.89
WI_1,HOUSEHOLD_3_008,202542,29.89
WI_1,HOUSEHOLD_3_008,202543,29.89
WI_1,HOUSEHOLD_3_008,202544,26.9
WI_1,HOUSEHOLD_3_008,202545,29.89
WI_1,HOUSEHOLD_3_008,202546,31.39
WI_1,HOUSEHOLD_3_008,202547,29.89
WI_1,HOUSEHOLD_3_008,202548,29.89
WI_1,HOUSEHOLD_3_008,202549,29.89
WI_1,HOUSEHOLD_3_008,202550,29.89
WI_1,HOUSEHOLD_3_008,202551,29.89
WI_1,HOUSEHOLD_3_008,202552,29.89
WI_1,HOUSEHOLD_3_008,202501,29.89
WI_1,HOUSEHOLD_3_008,202601,26.9
WI_1,HOUSEHOLD_3_008,202602,29.89
WI_1,HOUSEHOLD_3_008,202603,29.89
WI_1,HOUSEHOLD_3_008,202604,31.39
WI_1,HOUSEHOLD_3_008,202605,26.9
WI_1,HOUSEHOLD_3_008,202606,28.4
WI_1,HOUSEHOLD_3_008,202607,29.89
WI_1,HOUSEHOLD_3_008,202608,29.89
WI_1,HOUSEHOLD_3_008,202609,26.9
WI_1,HOUSEHOLD_3_008,202610,29.89
WI_1,HOUSEHOLD_3_008,202611,29.89
WI_1,HOUSEHOLD_3_008,202612,29.89
WI_1,HOUSEHOLD_3_009,202512,17.18
WI_1,HOUSEHOLD_3_009,202513,16.33
WI_1,HOUSEHOLD_3_009,202514,17.18
WI_1,HOUSEHOLD_3_009,202515,17.18
WI_1,HOUSEHOLD_3_009,202516,16.33
WI_1,HOUSEHOLD_3_009,202517,17.18
WI_1,HOUSEHOLD_3_009,202518,17.18
WI_1,HOUSEHOLD_3_009,202519,17.18
WI_1,HOUSEHOLD_3_009,202520,17.18
WI_1,HOUSEHOLD_3_009,202521,15.47
WI_1,HOUSEHOLD_3_009,202522,15.47
WI_1,HOUSEHOLD_3_009,202523,17.18
WI_1,HOUSEHOLD_3_009,202524,16.33
WI_1,HOUSEHOLD_3_009,202525,17.18
WI_1,HOUSEHOLD_3_009,202526,17.18
WI_1,HOUSEHOLD_3_009,202527,17.18
WI_1,HOUSEHOLD_3_009,202528,17.18
WI_1,HOUSEHOLD_3_009,202529,17.18
WI_1,HOUSEHOLD_3_009,202530,17.18
WI_1,HOUSEHOLD_3_009,202531,17.18
WI_1,HOUSEHOLD_3_009,202532,17.18
WI_1,HOUSEHOLD_3_009,202533,18.04
WI_1,HOUSEHOLD_3_009,202534,17.18
WI_1,HOUSEHOLD_3_009,202535,17.18
WI_1,HOUSEHOLD_3_009,202536,18.04
WI_1,HOUSEHOLD_3_009,202537,17.18
WI_1,HOUSEHOLD_3_009,202538,15.47
WI_1,HOUSEHOLD_3_009,202539,16.33
WI_1,HOUSEHOLD_3_009,202540,17.18
WI_1,HOUSEHOLD_3_009,202541,18.04
WI_1,HOUSEHOLD_3_009,202542,17.18
WI_1,HOUSEHOLD_3_009,202543,17.18
WI_1,HOUSEHOLD_3_009,202544,17.18
WI_1,HOUSEHOLD_3_009,202545,17.18
WI_1,HOUSEHOLD_3_009,202546,17.18
WI_1,HOUSEHOLD_3_009,202547,18.04
WI_1,HOUSEHOLD_3_009,202548,17.18
WI_1,HOUSEHOLD_3_009,202549,17.18
WI_1,HOUSEHOLD_3_009,202550,18.04
WI_1,HOUSEHOLD_3_009,202551,17.18
WI_1,HOUSEHOLD_3_009,202552,18.04
WI_1,HOUSEHOLD_3_009,202501,18.04
WI_1,HOUSEHOLD_3_009,202601,18.04
WI_1,HOUSEHOLD_3_009,202602,17.18
WI_1,HOUSEHOLD_3_009,202603,17.18
WI_1,HOUSEHOLD_3_009,202604,17.18
WI_1,HOUSEHOLD_3_009,202605,18.04
WI_1,HOUSEHOLD_3_009,202606,17.18
WI_1,HOUSEHOLD_3_009,202607,18.04
WI_1,HOUSEHOLD_3_009,202608,18.04
WI_1,HOUSEHOLD_3_009,202609,17.18
WI_1,HOUSEHOLD_3_009,202610,16.33
WI_1,HOUSEHOLD_3_009,202611,17.18
WI_1,HOUSEHOLD_3_009,202612,15.47
WI_1,HOUSEHOLD_3_010,202512,16.23
WI_1,HOUSEHOLD_3_010,202513,15.46
WI_1,HOUSEHOLD_3_010,202514,15.46
WI_1,HOUSEHOLD_3_010,202515,14.68
WI_1,HOUSEHOLD_3_010,202516,13.91
WI_1,HOUSEHOLD_3_010,202517,15.46
WI_1,HOUSEHOLD_3_010,202518,15.46
WI_1,HOUSEHOLD_3_010,202519,15.46
WI_1,HOUSEHOLD_3_010,202520,15.46
WI_1,HOUSEHOLD_3_010,202521,16.23
WI_1,HOUSEHOLD_3_010,202522,16.23
WI_1,HOUSEHOLD_3_010,202523,14.68
WI_1,HOUSEHOLD_3_010,202524,15.46
WI_1,HOUSEHOLD_3_010,202525,15.46
WI_1,HOUSEHOLD_3_010,202526,15.46
WI_1,HOUSEHOLD_3_010,202527,15.46
WI_1,HOUSEHOLD_3_010,202528,15.46
WI_1,HOUSEHOLD_3_010,202529,13.91
WI_1,HOUSEHOLD_3_010,202530,16.23
WI_1,HOUSEHOLD_3_010,202531,15.46
WI_1,HOUSEHOLD_3_010,202532,15.46
WI_1,HOUSEHOLD_3_010,202533,15.46
WI_1,HOUSEHOLD_3_010,202534,15.46
WI_1,HOUSEHOLD_3_010,202535,16.23
WI_1,HOUSEHOLD_3_010,202536,15.46
WI_1,HOUSEHOLD_3_010,202537,15.46
WI_1,HOUSEHOLD_3_010,202538,15.46
WI_1,HOUSEHOLD_3_010,202539,15.46
WI_1,HOUSEHOLD_3_010,202540,15.46
WI_1,HOUSEHOLD_3_010,202541,14.68
WI_1,HOUSEHOLD_3_010,202542,15.46
WI_1,HOUSEHOLD_3_010,202543,16.23
WI_1,HOUSEHOLD_3_010,202544,15.46
WI_1,HOUSEHOLD_3_010,202545,15.46
WI_1,HOUSEHOLD_3_010,202546,15.46
WI_1,HOUSEHOLD_3_010,202547,15.46
WI_1,HOUSEHOLD_3_010,202548,15.46
WI_1,HOUSEHOLD_3_010,202549,15.46
WI_1,HOUSEHOLD_3_010,202550,15.46
WI_1,HOUSEHOLD_3_010,202551,14.68
WI_1,HOUSEHOLD_3_010,202552,15.46
WI_1,HOUSEHOLD_3_010,202501,15.46
WI_1,HOUSEHOLD_3_010,202601,15.46
WI_1,HOUSEHOLD_3_010,202602,13.91
WI_1,HOUSEHOLD_3_010,202603,15.46
WI_1,HOUSEHOLD_3_010,202604,15.46
WI_1,HOUSEHOLD_3_010,202605,15.46
WI_1,HOUSEHOLD_3_010,202606,13.91
WI_1,HOUSEHOLD_3_010,202607,13.91
WI_1,HOUSEHOLD_3_010,202608,15.46
WI_1,HOUSEHOLD_3_010,202609,14.68
WI_1,HOUSEHOLD_3_010,202610,15.46
WI_1,HOUSEHOLD_3_010,202611,15.46
WI_1,HOUSEHOLD_3_010,202612,13.91
