id,item_id,dept_id,cat_id,store_id,state_id,d_1,d_2,d_3,d_4,d_5,d_6,d_7,d_8,d_9,d_10,d_11,d_12,d_13,d_14,d_15,d_16,d_17,d_18,d_19,d_20,d_21,d_22,d_23,d_24,d_25,d_26,d_27,d_28,d_29,d_30,d_31,d_32,d_33,d_34,d_35,d_36,d_37,d_38,d_39,d_40,d_41,d_42,d_43,d_44,d_45,d_46,d_47,d_48,d_49,d_50,d_51,d_52,d_53,d_54,d_55,d_56,d_57,d_58,d_59,d_60,d_61,d_62,d_63,d_64,d_65,d_66,d_67,d_68,d_69,d_70,d_71,d_72,d_73,d_74,d_75,d_76,d_77,d_78,d_79,d_80,d_81,d_82,d_83,d_84,d_85,d_86,d_87,d_88,d_89,d_90,d_91,d_92,d_93,d_94,d_95,d_96,d_97,d_98,d_99,d_100,d_101,d_102,d_103,d_104,d_105,d_106,d_107,d_108,d_109,d_110,d_111,d_112,d_113,d_114,d_115,d_116,d_117,d_118,d_119,d_120,d_121,d_122,d_123,d_124,d_125,d_126,d_127,d_128,d_129,d_130,d_131,d_132,d_133,d_134,d_135,d_136,d_137,d_138,d_139,d_140,d_141,d_142,d_143,d_144,d_145,d_146,d_147,d_148,d_149,d_150,d_151,d_152,d_153,d_154,d_155,d_156,d_157,d_158,d_159,d_160,d_161,d_162,d_163,d_164,d_165,d_166,d_167,d_168,d_169,d_170,d_171,d_172,d_173,d_174,d_175,d_176,d_177,d_178,d_179,d_180,d_181,d_182,d_183,d_184,d_185,d_186,d_187,d_188,d_189,d_190,d_191,d_192,d_193,d_194,d_195,d_196,d_197,d_198,d_199,d_200,d_201,d_202,d_203,d_204,d_205,d_206,d_207,d_208,d_209,d_210,d_211,d_212,d_213,d_214,d_215,d_216,d_217,d_218,d_219,d_220,d_221,d_222,d_223,d_224,d_225,d_226,d_227,d_228,d_229,d_230,d_231,d_232,d_233,d_234,d_235,d_236,d_237,d_238,d_239,d_240,d_241,d_242,d_243,d_244,d_245,d_246,d_247,d_248,d_249,d_250,d_251,d_252,d_253,d_254,d_255,d_256,d_257,d_258,d_259,d_260,d_261,d_262,d_263,d_264,d_265,d_266,d_267,d_268,d_269,d_270,d_271,d_272,d_273,d_274,d_275,d_276,d_277,d_278,d_279,d_280,d_281,d_282,d_283,d_284,d_285,d_286,d_287,d_288,d_289,d_290,d_291,d_292,d_293,d_294,d_295,d_296,d_297,d_298,d_299,d_300,d_301,d_302,d_303,d_304,d_305,d_306,d_307,d_308,d_309,d_310,d_311,d_312,d_313,d_314,d_315,d_316,d_317,d_318,d_319,d_320,d_321,d_322,d_323,d_324,d_325,d_326,d_327,d_328,d_329,d_330,d_331,d_332,d_333,d_334,d_335,d_336,d_337,d_338,d_339,d_340,d_341,d_342,d_343,d_344,d_345,d_346,d_347,d_348,d_349,d_350,d_351,d_352,d_353,d_354,d_355,d_356,d_357,d_358,d_359,d_360,d_361,d_362,d_363,d_364,d_365
FOODS_1_001_CA_1_validation,FOODS_1_001,FOODS_1,FOODS,CA_1,CA,19,11,14,16,12,16,23,28,21,8,12,13,10,17,30,14,22,17,14,11,14,15,28,21,10,12,14,16,14,18,22,13,13,10,20,23,18,12,19,9,14,10,26,25,20,14,18,19,17,21,22,15,13,12,18,21,21,11,11,16,8,14,14,24,22,17,14,13,11,20,27,16,16,16,15,14,17,25,25,17,17,17,8,22,25,17,20,14,14,12,20,20,26,17,14,17,13,22,29,16,21,11,18,19,22,14,27,25,14,14,10,20,31,26,29,16,10,14,10,22,30,19,16,20,13,24,25,25,13,14,11,14,21,19,33,19,16,17,12,20,21,31,14,16,16,15,17,21,21,20,16,18,16,11,27,34,23,18,12,16,23,24,25,24,13,12,16,22,31,27,16,18,12,14,22,24,36,11,15,13,12,18,19,28,16,17,14,13,27,31,15,11,20,14,10,25,27,26,22,12,10,20,15,20,19,27,19,19,16,18,30,17,15,20,12,14,20,24,15,17,14,17,15,23,23,28,13,11,8,14,18,31,22,20,20,14,16,26,20,25,17,13,11,12,22,18,23,23,19,15,21,30,28,13,23,9,22,19,29,29,24,18,16,20,18,22,24,40,23,12,15,19,18,30,31,6,17,17,15,23,32,27,18,20,17,15,16,19,19,21,18,12,18,29,25,17,17,21,19,13,29,37,23,17,16,15,19,24,34,30,28,14,19,9,17,29,29,20,16,16,21,21,39,31,23,14,21,15,17,32,19,18,19,26,14,21,34,20,23,23,17,20,24,25,26,19,19,18,19,26,15,27,15,18,17,20,23,31,32,27,19,18,17,21,25
FOODS_1_002_CA_1_validation,FOODS_1_002,FOODS_1,FOODS,CA_1,CA,30,64,34,28,37,39,50,67,44,28,47,32,30,56,63,57,58,31,41,32,47,74,58,45,44,32,27,35,34,75,32,35,33,35,52,67,47,40,39,33,43,50,66,61,51,38,26,36,40,52,61,52,38,38,45,48,89,61,27,43,38,42,53,57,41,40,31,32,38,62,64,42,46,47,32,33,47,50,63,42,42,30,31,54,56,75,39,40,43,24,31,42,71,38,59,33,36,63,86,80,54,47,41,40,43,51,57,42,36,42,42,49,80,44,42,34,23,35,47,81,65,35,55,47,40,47,50,54,54,55,50,32,38,65,38,48,39,35,24,55,57,45,19,40,52,48,45,56,65,36,43,45,45,49,61,49,38,39,42,43,42,84,57,46,35,20,43,58,61,61,51,28,35,43,38,69,44,51,42,27,46,44,55,63,58,33,40,41,59,68,57,39,43,31,15,57,79,32,38,48,57,38,45,64,79,41,36,37,31,54,89,67,46,41,28,45,52,65,103,51,37,37,48,55,48,75,42,60,50,35,67,69,74,54,36,36,47,50,63,52,53,63,33,39,70,68,70,39,48,40,47,68,106,72,53,46,39,42,52,72,82,40,55,54,39,32,62,82,50,36,38,47,62,67,61,47,37,57,38,69,93,79,46,49,43,33,60,55,82,46,48,46,39,63,65,79,37,47,61,33,49,80,70,55,51,50,51,62,69,77,72,45,35,51,56,41,80,47,46,47,43,66,67,75,50,54,50,34,71,66,80,57,65,43,39,58,70,80,36,38,35,51,79,73,67,54,59,37,45,70,83,72,64,22,52,37,37,83,90,52,58,61,55,79,87
FOODS_1_003_CA_1_validation,FOODS_1_003,FOODS_1,FOODS,CA_1,CA,9,11,9,6,6,4,10,10,12,8,7,4,4,4,10,15,6,3,8,9,9,12,9,5,5,6,5,8,13,9,9,6,8,6,8,11,10,8,8,6,6,7,13,11,6,8,5,8,10,12,10,9,9,8,5,9,14,15,8,8,8,5,12,9,12,9,7,10,6,8,15,12,10,7,7,9,7,11,13,8,6,8,8,9,11,9,8,9,7,5,10,14,10,6,11,5,6,10,11,11,9,4,5,7,8,12,12,5,10,6,5,10,12,14,9,9,6,7,7,12,11,8,7,8,4,8,12,8,9,8,5,5,4,9,11,9,8,6,7,10,9,12,10,7,9,6,8,14,16,9,9,7,5,10,13,11,10,7,6,8,12,11,16,8,8,7,8,10,13,9,6,10,7,7,11,17,12,8,7,7,6,10,13,16,9,5,12,9,14,10,11,10,9,8,4,6,17,16,9,11,6,6,8,11,14,7,12,8,9,11,16,10,12,8,10,5,11,14,11,10,11,7,9,8,19,14,13,10,9,9,10,9,13,8,6,9,7,13,11,11,12,9,5,8,14,12,14,8,8,10,8,13,15,18,6,8,6,6,8,14,13,10,7,8,6,13,11,12,11,8,9,10,11,16,7,9,9,6,8,13,8,10,10,10,10,8,12,17,12,9,8,9,7,10,15,13,9,6,8,6,13,13,10,10,11,9,8,8,19,11,12,8,10,10,13,16,13,9,9,8,12,9,17,15,11,12,9,7,12,14,15,12,7,11,8,12,16,14,10,8,8,11,9,12,11,11,6,6,8,8,11,10,8,11,10,12,16,17,17,11,10,12,9,14,12
FOODS_1_004_CA_1_validation,FOODS_1_004,FOODS_1,FOODS,CA_1,CA,9,11,8,7,7,5,8,13,14,11,7,8,9,7,12,12,10,5,5,6,9,14,11,7,7,7,8,9,10,11,8,5,6,6,8,13,9,9,7,7,7,6,12,15,5,7,8,7,10,6,12,7,8,7,9,10,11,7,8,8,7,6,8,13,12,10,6,8,6,9,12,12,9,6,6,8,9,12,13,9,8,8,3,8,13,14,8,6,6,8,9,12,12,3,11,6,7,6,11,14,5,9,7,7,10,13,9,8,5,8,9,6,10,11,9,9,7,6,12,14,12,9,9,6,6,11,8,11,8,5,6,7,12,11,14,9,10,6,7,10,12,14,5,12,9,7,8,10,13,11,8,9,6,7,17,13,11,6,6,6,8,14,10,7,8,5,4,10,8,14,6,4,7,7,11,13,9,10,10,6,7,9,13,11,9,9,6,8,12,17,7,9,5,4,7,9,14,13,11,8,12,8,14,7,15,9,5,8,7,11,16,8,11,8,10,7,9,13,12,8,7,6,7,12,13,15,9,6,9,6,10,17,9,10,8,9,9,11,12,14,12,8,7,8,11,10,13,7,9,7,8,11,20,14,12,12,9,8,8,13,11,9,12,8,6,14,16,15,6,12,7,9,16,20,10,7,11,8,7,12,13,15,10,10,7,10,12,16,10,13,9,10,7,11,15,5,11,13,9,6,12,17,14,10,8,8,9,8,13,17,13,6,6,7,13,9,13,9,12,5,8,10,19,15,9,11,8,10,11,18,15,17,9,9,7,11,6,15,13,10,6,7,6,17,11,10,9,11,8,13,16,17,10,13,5,10,9,13,15,12,10,6,11,9,12
FOODS_1_005_CA_1_validation,FOODS_1_005,FOODS_1,FOODS,CA_1,CA,31,39,32,23,19,23,14,27,17,19,19,27,9,25,39,35,32,23,23,12,22,22,37,27,24,17,16,29,31,26,23,20,18,15,30,47,33,27,25,23,17,38,30,38,28,14,20,21,29,38,39,26,25,22,16,29,42,41,29,30,24,24,34,35,39,21,25,25,25,34,45,34,24,22,24,13,37,38,32,13,24,22,17,25,37,31,30,20,23,26,29,40,37,27,24,20,22,28,50,41,19,17,22,20,29,43,38,29,32,17,22,27,50,20,15,26,29,25,25,50,27,35,19,22,25,21,50,34,28,31,20,27,41,34,46,18,27,18,27,36,56,47,27,20,27,22,41,22,53,31,21,28,29,32,26,35,34,28,23,29,36,47,34,26,17,23,27,30,44,46,31,28,18,21,43,41,52,25,27,23,26,38,46,46,29,25,16,26,33,41,37,29,25,22,25,36,35,35,28,27,24,27,22,29,40,26,31,31,25,26,51,40,21,19,33,30,16,31,48,30,31,25,27,33,39,48,31,31,26,22,44,46,37,38,20,37,23,25,59,36,32,31,32,26,29,45,37,32,37,30,26,39,50,31,31,42,33,22,30,38,48,41,31,27,23,37,37,25,42,22,25,28,45,46,31,29,24,26,31,17,41,37,23,32,19,19,41,58,41,24,24,32,26,34,48,41,42,24,22,18,31,35,44,32,23,30,34,38,22,59,37,41,33,33,37,43,45,28,32,13,26,46,47,57,31,35,23,31,38,44,20,31,31,33,35,51,58,38,31,34,31,35,55,68,56,37,38,38,26,33,39,36,24,31,23,22,42,49,47,43,35,37,27,49,51
FOODS_1_006_CA_1_validation,FOODS_1_006,FOODS_1,FOODS,CA_1,CA,47,41,45,36,32,27,33,53,33,43,28,30,21,42,42,49,38,26,22,35,35,49,48,25,33,29,23,28,53,54,35,21,22,24,49,45,40,22,26,21,21,38,44,59,41,27,23,35,50,27,45,32,35,41,25,22,54,57,32,27,27,32,35,52,45,34,36,27,25,44,39,37,26,37,29,20,45,44,38,34,41,27,31,45,54,58,30,25,24,27,32,51,47,43,34,28,31,31,50,50,37,35,26,35,54,34,35,36,31,42,30,51,30,55,31,28,29,21,44,53,50,43,43,29,32,43,55,52,49,30,22,25,47,52,44,29,35,36,31,39,54,50,39,25,33,27,50,54,57,35,32,41,33,35,62,44,39,46,23,29,45,61,37,26,42,27,26,55,54,50,37,26,37,33,44,53,47,45,33,32,34,44,72,32,41,30,26,28,43,56,35,35,37,27,24,23,47,39,31,33,29,24,25,58,59,36,33,33,41,30,51,34,42,34,35,33,52,62,60,31,44,29,27,46,59,41,39,47,24,42,42,30,38,32,32,33,14,46,45,67,38,43,42,39,40,50,51,46,33,34,34,37,46,52,41,40,39,25,38,46,69,40,37,35,28,60,63,54,32,28,33,28,36,54,52,43,34,28,27,57,44,58,46,37,48,37,63,51,48,47,36,48,36,37,39,54,42,40,45,41,41,44,42,36,35,38,28,50,64,57,33,42,52,36,19,75,48,63,40,24,20,62,74,82,43,38,34,30,44,64,47,29,40,30,12,53,48,64,49,42,56,34,45,70,57,54,29,28,41,37,69,62,38,43,28,28,46,63,54,48,43,49,35,61,74
FOODS_1_007_CA_1_validation,FOODS_1_007,FOODS_1,FOODS,CA_1,CA,53,44,38,25,20,26,33,41,50,32,29,24,29,39,51,36,39,38,31,21,29,40,36,31,32,28,26,33,43,48,19,28,28,29,28,35,46,19,36,28,33,27,41,21,27,28,16,23,21,43,52,32,39,32,33,30,38,45,22,32,26,33,41,56,36,39,38,27,22,31,57,66,26,23,33,22,44,51,43,36,32,27,17,38,61,29,27,32,28,29,31,58,44,38,32,29,30,38,36,53,39,17,25,33,23,57,43,43,30,25,29,37,40,64,27,17,38,24,35,45,39,29,25,29,25,43,53,36,35,28,23,31,37,45,37,27,44,31,22,41,59,47,45,22,18,29,41,16,40,28,23,24,31,31,40,31,44,35,15,23,43,63,54,33,19,36,27,40,48,34,38,34,28,31,29,48,47,23,32,35,27,39,57,43,34,25,31,27,44,57,55,33,18,36,32,35,57,34,44,31,26,26,39,52,48,34,34,31,26,34,58,53,38,40,19,26,31,76,56,37,39,39,37,49,50,44,30,37,31,27,37,68,59,52,38,32,30,33,40,54,31,36,40,26,59,43,60,41,43,25,45,41,61,65,34,40,27,39,36,55,53,45,49,30,38,60,56,45,25,48,31,25,31,44,60,47,40,34,23,37,43,57,31,30,32,21,44,54,64,33,26,31,25,44,35,45,32,40,28,21,42,60,49,35,31,35,26,41,65,39,40,23,36,26,53,40,57,50,29,28,26,40,63,47,31,22,46,43,50,48,61,49,35,35,41,30,69,50,32,29,29,25,61,64,65,46,38,36,30,43,42,66,26,29,50,34,47,66,37,30,34,29,33,50,75
FOODS_1_008_CA_1_validation,FOODS_1_008,FOODS_1,FOODS,CA_1,CA,11,7,4,7,6,5,5,8,8,7,6,7,4,5,7,9,6,6,5,6,6,9,10,6,6,6,5,6,12,13,7,5,6,6,6,9,10,9,7,7,5,8,8,11,8,7,5,5,10,9,11,7,6,4,6,8,14,7,10,7,6,5,8,11,11,5,8,6,6,7,8,9,7,4,7,7,7,8,9,7,6,6,6,6,7,4,9,6,7,4,8,11,8,5,9,8,5,9,9,8,10,4,6,6,11,12,6,7,7,6,6,6,10,11,8,7,6,6,9,11,8,5,4,8,7,8,10,9,9,9,5,7,8,10,13,7,7,7,4,9,9,7,7,6,8,5,7,11,7,6,4,8,6,8,13,8,7,5,5,5,8,10,11,6,7,7,5,7,11,10,8,9,7,5,7,9,7,9,4,7,5,8,9,13,8,8,8,6,6,11,9,7,7,6,7,10,11,11,7,9,6,8,6,10,10,8,8,5,5,6,14,11,6,6,8,6,8,10,8,10,10,5,8,8,13,14,8,7,8,5,11,12,9,7,5,6,6,7,12,12,8,8,6,8,9,15,16,7,7,7,7,12,10,12,8,8,9,6,6,14,9,8,9,7,6,8,5,13,8,10,8,6,11,15,11,11,7,7,7,11,14,10,10,7,6,6,13,10,14,6,8,8,9,8,10,11,12,6,3,7,11,10,13,7,7,8,5,10,15,13,7,10,8,4,11,11,12,11,7,5,9,12,12,14,8,8,7,6,10,9,11,9,11,6,8,11,8,13,11,9,7,8,10,8,12,8,7,11,9,7,14,15,6,8,8,5,11,16,16,9,12,4,8,7,13
FOODS_1_009_CA_1_validation,FOODS_1_009,FOODS_1,FOODS,CA_1,CA,39,26,24,11,22,21,24,35,21,20,25,22,17,31,35,28,23,19,15,24,23,28,22,11,25,24,24,26,32,28,22,27,20,21,24,43,20,18,24,28,19,22,42,34,31,16,26,13,26,38,33,30,14,22,25,28,27,39,22,19,17,19,29,26,26,22,18,21,21,29,37,44,27,26,20,24,25,39,24,26,18,26,24,25,51,31,17,19,17,22,21,32,36,26,23,22,19,19,33,37,25,25,19,25,14,38,43,34,22,16,27,29,36,28,20,26,25,22,25,29,24,23,19,15,24,21,45,37,28,32,17,25,28,57,32,24,26,22,18,24,49,27,28,29,28,19,29,35,24,30,25,30,18,37,47,36,15,22,32,23,34,38,34,17,29,28,18,29,36,39,25,30,24,11,33,47,28,30,34,24,27,28,39,35,26,24,16,21,39,32,29,28,26,26,22,32,37,27,28,29,27,15,33,33,48,30,30,24,22,41,48,38,27,17,26,22,35,47,47,31,20,14,19,40,56,36,20,23,30,20,36,42,43,40,29,25,32,34,34,43,32,25,22,22,29,39,32,32,28,27,23,31,54,39,37,21,28,20,29,38,35,27,33,25,25,30,49,42,28,18,27,27,27,40,44,20,23,28,29,48,59,41,27,32,23,20,31,39,43,27,28,34,25,44,53,45,28,33,25,24,36,43,34,21,33,29,16,29,45,44,21,27,29,23,36,39,48,26,21,27,18,20,54,33,23,23,22,24,27,49,46,23,25,24,24,42,55,62,17,23,37,16,48,46,43,24,26,37,25,32,49,40,34,24,27,22,22,49,31,31,34,19,29,33,36
FOODS_1_010_CA_1_validation,FOODS_1_010,FOODS_1,FOODS,CA_1,CA,64,56,33,34,24,30,32,28,43,30,20,29,21,59,33,32,39,29,33,28,32,34,53,25,33,34,26,35,38,48,13,35,29,26,39,34,22,37,38,19,21,43,51,71,41,36,24,30,49,46,43,35,27,31,29,49,46,51,33,35,28,31,44,38,55,33,28,25,29,38,53,49,39,49,30,24,23,37,57,40,23,45,30,42,72,62,41,37,36,27,41,56,45,29,30,24,29,25,54,31,33,35,35,33,42,39,56,28,40,35,37,40,42,35,28,22,37,35,45,51,67,36,34,31,27,45,45,41,42,30,32,27,40,45,42,31,39,32,35,49,47,57,37,32,40,33,38,58,36,39,23,25,33,19,72,57,24,50,49,29,34,71,46,39,42,31,29,31,47,47,29,26,33,19,35,75,46,35,32,30,34,47,50,48,49,24,32,32,36,53,41,44,25,40,31,39,44,61,34,27,40,25,42,64,53,53,29,32,31,49,70,52,38,25,34,27,49,51,49,28,23,46,33,47,46,61,46,30,27,27,44,58,53,51,31,27,32,29,65,54,38,33,41,38,42,64,62,43,35,37,26,46,55,49,27,29,31,39,48,69,67,44,38,28,46,32,59,63,48,28,32,28,27,60,46,54,42,36,30,47,56,55,58,29,34,38,42,78,62,36,39,31,28,45,74,63,42,44,38,26,45,59,64,38,31,36,30,44,59,51,51,49,43,22,41,58,35,35,37,33,34,34,55,58,43,42,40,32,49,51,53,34,47,35,42,51,50,60,51,39,38,31,48,64,50,34,50,42,31,51,43,35,54,42,37,37,80,73,46,29,48,44,40,41,67
HOBBIES_2_001_CA_1_validation,HOBBIES_2_001,HOBBIES_2,HOBBIES,CA_1,CA,43,36,37,41,28,31,33,52,59,41,22,34,32,41,57,39,37,40,37,32,33,40,48,38,32,26,32,41,54,53,35,30,38,25,37,65,43,36,30,20,29,32,55,59,20,31,34,16,52,56,59,33,31,31,43,52,54,51,42,50,34,30,39,56,43,42,24,30,35,45,48,47,46,26,24,25,42,39,60,31,36,29,30,29,65,41,30,51,36,37,47,50,37,36,28,27,21,44,72,57,38,35,13,29,31,57,49,32,36,34,41,50,58,42,31,40,32,33,52,39,67,48,21,50,34,40,62,42,45,30,48,32,50,48,61,40,26,33,45,52,53,33,34,26,22,38,45,78,43,41,26,31,31,42,58,64,48,31,35,38,55,50,62,44,29,41,34,30,55,55,37,47,44,31,41,57,52,37,9,48,33,45,63,54,38,30,22,24,36,67,63,35,18,36,31,43,71,57,34,29,34,28,46,73,40,44,46,36,39,45,63,61,38,54,41,44,58,65,72,45,33,37,28,28,51,58,53,32,45,26,39,80,58,42,41,28,33,49,77,38,60,39,29,26,51,45,51,42,49,46,31,47,42,34,34,49,44,38,35,54,48,43,39,30,38,52,54,62,55,52,42,39,47,77,46,54,38,50,41,49,61,66,50,38,40,43,37,74,66,57,35,39,38,58,70,45,49,58,44,49,62,83,64,51,44,39,43,46,90,49,54,54,38,29,64,68,71,46,57,23,40,66,68,65,43,43,27,32,44,75,55,42,39,34,40,56,78,70,53,40,37,31,43,70,53,62,43,53,43,45,67,42,50,37,32,50,64,82,73,36,40,38,25,47,61
HOBBIES_2_002_CA_1_validation,HOBBIES_2_002,HOBBIES_2,HOBBIES,CA_1,CA,38,25,36,23,21,25,23,32,35,32,27,24,22,32,39,28,27,19,23,19,45,38,25,26,27,31,19,20,45,26,25,23,23,25,26,36,36,28,25,25,26,33,42,25,28,27,27,19,27,35,40,34,23,28,23,30,38,42,30,37,20,25,28,33,37,29,41,23,17,33,23,36,29,30,29,20,30,34,29,30,19,22,18,35,55,28,18,25,25,24,29,39,41,35,16,23,24,26,55,33,29,29,22,15,29,50,36,24,31,23,21,33,48,57,35,33,23,19,33,43,30,29,29,27,26,35,38,35,23,37,26,23,27,67,31,28,29,29,29,46,47,31,29,29,37,17,42,44,47,30,23,30,28,40,43,35,21,32,28,20,30,39,28,26,21,24,21,23,62,51,26,30,29,31,29,54,36,23,32,34,38,26,50,38,36,20,20,21,35,39,47,38,32,36,27,26,57,36,38,38,30,18,29,57,40,33,33,31,27,34,42,49,36,27,33,25,29,39,34,31,36,23,27,31,43,30,31,28,31,27,27,56,45,34,29,25,27,40,30,38,31,31,35,22,33,42,36,31,35,22,29,24,42,41,45,28,16,16,37,53,47,35,37,25,32,25,39,28,32,30,29,27,30,46,31,43,29,26,36,28,37,35,34,33,33,42,21,54,40,30,27,24,37,44,49,57,24,23,16,24,39,50,47,25,36,31,32,24,52,35,32,35,30,23,39,34,56,34,39,27,25,33,58,39,40,29,18,25,30,50,35,42,31,29,32,47,50,39,23,28,26,29,37,57,41,35,40,33,28,35,44,39,32,37,29,21,54,54,34,33,33,41,22,48,65
HOBBIES_2_003_CA_1_validation,HOBBIES_2_003,HOBBIES_2,HOBBIES,CA_1,CA,60,78,36,37,21,41,39,71,65,62,43,33,37,39,63,53,42,31,38,39,31,51,57,22,52,31,28,45,62,47,51,42,30,31,33,45,60,36,53,37,25,37,74,56,52,36,33,43,40,67,54,51,54,34,31,55,48,76,57,32,25,27,37,72,76,51,38,40,29,60,68,67,38,39,43,46,43,73,50,64,37,43,37,76,66,53,51,46,37,28,45,75,38,43,49,38,52,32,52,32,64,33,23,32,36,57,60,53,40,39,32,35,41,56,47,38,25,39,68,64,54,46,33,30,41,62,64,37,50,60,38,36,43,73,53,57,37,43,37,68,72,79,49,41,40,32,58,58,64,56,57,42,45,61,62,89,42,44,53,50,53,81,60,44,33,47,45,47,72,97,60,36,50,32,22,68,84,63,47,37,43,51,62,78,44,54,37,56,36,56,62,30,21,25,37,52,75,62,53,41,48,45,51,78,63,35,53,35,47,59,69,41,66,42,48,39,53,74,66,48,45,47,45,56,80,61,74,60,50,25,63,67,54,48,38,48,54,66,113,46,46,38,55,39,59,82,48,45,56,39,27,47,69,70,51,41,53,41,60,65,89,48,48,54,44,61,45,78,53,53,47,37,69,77,51,67,34,53,55,46,73,66,52,66,35,40,77,70,57,56,56,42,48,43,55,64,60,56,35,49,62,63,52,57,62,46,35,37,100,86,58,64,48,39,67,64,57,63,58,35,33,55,66,79,56,61,50,38,38,80,47,48,43,42,33,52,96,89,73,50,50,55,43,91,92,46,64,67,52,69,61,89,45,54,52,15,67,121,43,56,31,39,28,64,92
HOBBIES_2_004_CA_1_validation,HOBBIES_2_004,HOBBIES_2,HOBBIES,CA_1,CA,10,7,7,5,7,4,3,8,8,8,4,4,6,5,9,8,7,5,4,6,6,7,11,7,8,7,4,8,8,6,6,7,6,4,7,9,6,8,6,4,4,9,9,11,9,7,5,2,8,14,9,4,5,6,4,3,10,8,10,6,6,5,8,6,7,9,6,5,6,9,14,10,5,6,7,7,5,11,8,6,7,7,5,8,9,15,8,5,8,7,11,15,11,7,6,6,5,10,10,11,8,5,4,4,7,11,8,8,6,6,6,11,8,14,6,5,6,10,10,12,11,6,7,6,8,8,10,7,8,7,5,6,9,13,12,8,5,5,8,9,15,11,9,8,5,6,6,10,11,6,8,4,7,7,8,7,7,4,6,7,8,8,11,8,10,8,6,10,11,10,10,4,8,6,8,10,11,8,6,6,4,7,10,11,11,6,5,5,9,13,12,9,8,6,9,8,11,13,9,4,7,7,6,13,11,10,6,8,6,12,18,14,9,11,8,5,9,13,12,6,6,6,7,10,12,9,11,6,9,7,11,10,10,8,7,7,9,7,10,9,8,7,8,7,10,13,11,9,7,9,10,10,12,12,6,8,6,7,8,11,7,6,8,6,8,7,13,9,9,5,6,5,11,13,8,8,6,9,8,7,14,9,8,8,10,5,11,9,8,9,8,3,8,5,12,14,13,7,5,9,11,11,10,7,7,8,6,9,14,8,8,5,7,4,11,9,7,8,11,8,4,7,11,17,7,6,10,7,12,11,11,11,8,9,8,8,13,14,10,8,4,4,7,11,11,6,10,5,5,10,15,17,10,11,6,10,6,11,13,6,6,6,7,13,13
HOBBIES_2_005_CA_1_validation,HOBBIES_2_005,HOBBIES_2,HOBBIES,CA_1,CA,85,63,48,60,46,36,38,74,74,43,47,39,38,27,66,77,43,45,35,42,52,56,82,59,39,46,44,62,46,78,44,42,65,42,51,39,84,37,36,40,52,64,69,70,45,47,44,48,67,79,62,59,45,34,37,57,85,64,39,47,45,43,67,87,59,45,37,50,53,53,69,88,57,51,34,47,47,57,63,46,45,32,50,71,45,82,44,56,44,42,56,92,52,60,58,52,62,52,89,68,67,48,42,54,53,54,63,60,62,47,54,43,69,66,53,49,52,39,61,76,58,53,48,45,44,61,70,90,42,42,73,35,44,89,42,52,71,32,26,42,92,89,50,57,60,60,58,42,61,51,48,46,55,77,76,89,60,51,56,46,88,56,66,55,55,60,45,45,93,85,35,51,33,39,51,93,76,42,61,35,49,53,75,82,64,66,48,49,58,84,82,57,33,52,50,55,60,98,64,50,38,39,81,84,68,65,44,65,60,59,72,36,41,39,51,44,47,78,85,66,33,49,34,77,97,64,50,49,28,51,62,100,61,52,38,41,36,79,73,80,56,40,49,54,50,99,65,55,60,45,49,63,88,41,38,62,63,40,64,91,91,36,45,49,56,102,82,57,67,70,54,40,81,98,64,67,67,65,49,64,109,61,68,41,64,47,86,96,61,81,74,63,42,65,91,70,84,58,24,54,65,87,76,74,70,57,47,69,90,70,71,63,71,64,61,105,67,73,52,43,54,33,58,81,65,54,37,43,77,101,84,80,63,47,49,51,89,104,74,75,52,66,69,119,85,75,76,53,55,91,90,63,94,54,58,65,64,74,90,42,56,59,50,50,123
HOBBIES_2_006_CA_1_validation,HOBBIES_2_006,HOBBIES_2,HOBBIES,CA_1,CA,60,46,41,52,34,39,67,37,51,42,24,32,27,54,38,76,48,30,43,38,46,51,61,44,33,26,28,42,74,65,39,35,44,36,50,52,55,43,38,42,40,39,55,49,56,57,33,34,56,52,67,43,25,27,33,60,51,51,46,26,40,24,54,52,47,47,46,40,37,51,67,63,41,45,32,44,57,90,64,53,28,45,44,65,65,55,35,32,38,23,42,65,60,37,31,30,35,72,78,62,51,50,44,34,42,63,72,43,32,25,36,40,59,78,46,35,42,51,50,34,69,50,43,38,31,67,41,57,44,49,50,36,54,70,74,57,38,44,41,51,72,62,49,31,33,44,40,73,61,58,49,37,36,32,66,47,46,38,34,48,39,55,54,44,36,38,41,61,77,39,52,48,36,52,66,66,56,65,44,42,40,79,66,64,41,41,33,33,35,82,67,52,44,43,53,46,74,68,61,49,47,30,46,54,33,54,43,46,40,58,90,66,57,43,50,30,35,101,90,31,45,44,46,76,56,53,51,37,20,39,66,72,75,56,37,44,28,51,73,67,38,36,46,48,55,69,80,44,63,32,50,64,109,53,28,59,31,47,71,79,71,57,55,50,32,79,75,76,60,59,54,43,59,80,84,41,54,37,58,63,69,75,53,46,29,34,57,50,62,48,41,53,35,60,70,69,71,50,49,36,67,85,78,41,43,59,37,79,68,73,52,41,39,37,62,91,73,54,61,47,39,48,97,67,49,43,58,39,73,74,55,52,50,46,43,57,66,73,62,35,60,11,62,86,64,32,49,49,34,51,94,75,39,55,39,38,65,81,68,51,48,41,55,43,76
HOBBIES_2_007_CA_1_validation,HOBBIES_2_007,HOBBIES_2,HOBBIES,CA_1,CA,47,26,22,17,19,16,40,34,41,28,25,21,26,32,40,32,26,28,25,23,26,55,33,28,24,33,21,29,41,32,29,38,26,24,27,54,52,33,29,23,25,26,31,26,31,19,22,23,38,36,46,34,20,30,22,29,39,38,27,22,21,24,31,46,39,30,30,32,30,41,49,55,32,28,37,10,31,52,46,45,27,23,22,35,56,52,30,28,22,21,40,56,34,32,26,30,22,20,51,37,29,30,28,26,22,48,24,35,34,19,26,41,39,45,13,34,26,23,41,59,44,41,19,30,24,29,27,46,37,36,33,21,43,56,39,31,23,35,17,38,39,32,19,27,20,25,47,46,58,25,21,21,25,54,30,47,27,27,20,30,35,55,43,19,35,16,16,29,37,54,31,36,24,27,39,52,38,30,27,18,25,33,51,43,42,30,25,26,41,30,37,28,32,31,27,18,31,41,30,30,25,35,20,50,51,38,35,34,23,29,28,40,28,37,27,21,28,66,44,28,31,40,25,42,59,27,29,37,25,29,32,43,39,38,32,29,41,51,29,41,51,27,41,25,36,57,44,38,41,34,28,51,57,38,49,35,28,16,28,66,61,35,20,23,19,26,69,65,27,31,22,28,52,60,53,34,40,34,30,38,53,49,32,27,24,23,38,46,41,31,34,39,28,39,41,45,44,39,36,34,43,55,49,33,33,32,32,41,72,36,42,32,31,24,48,58,55,38,31,30,32,24,60,71,40,31,30,33,38,61,46,50,44,29,29,40,52,39,29,42,38,36,40,72,48,44,24,30,29,41,38,56,45,29,24,25,45,46,48,29,47,32,37,46,53
HOBBIES_2_008_CA_1_validation,HOBBIES_2_008,HOBBIES_2,HOBBIES,CA_1,CA,12,11,9,9,6,6,11,12,12,9,9,8,7,12,16,17,8,12,6,10,8,12,12,7,8,6,5,10,17,11,11,6,5,8,13,13,14,12,8,7,8,11,9,12,9,7,7,5,7,13,14,8,6,6,8,13,15,15,7,8,9,5,9,15,13,7,5,10,4,11,12,15,7,13,8,8,9,13,12,13,9,9,8,12,9,17,8,8,10,10,12,12,13,10,9,6,9,11,11,11,10,6,9,8,14,14,10,7,8,8,7,11,12,13,8,10,8,10,12,14,12,7,11,7,8,11,13,16,7,12,9,7,10,7,11,9,9,10,11,11,14,12,6,8,8,9,12,15,11,6,5,5,7,13,17,15,9,11,7,9,7,11,18,10,8,10,10,10,15,14,4,6,10,7,12,15,17,7,10,8,7,9,15,15,10,9,8,7,9,13,15,12,7,7,7,11,9,11,7,10,9,7,9,13,12,14,11,7,8,14,13,10,6,12,8,9,10,11,11,8,11,12,8,8,16,17,13,9,8,8,15,17,13,10,9,7,11,10,17,12,10,9,10,8,9,15,12,14,9,8,12,14,12,12,12,10,11,7,14,8,14,9,9,9,11,9,8,11,13,6,8,10,12,19,8,10,13,7,11,12,17,18,12,9,10,8,13,12,15,14,9,12,15,12,18,16,12,12,9,8,8,15,17,9,11,9,8,8,20,16,18,12,12,6,8,16,11,10,16,12,7,6,13,13,11,7,12,8,14,16,18,11,8,8,8,18,17,15,14,10,12,8,12,13,21,11,8,10,8,12,18,20,12,9,9,11,8,13,16,8,10,9,11,12,21
HOBBIES_2_009_CA_1_validation,HOBBIES_2_009,HOBBIES_2,HOBBIES,CA_1,CA,33,18,21,21,20,12,19,33,22,18,23,17,13,18,30,19,19,19,21,18,19,35,24,15,17,22,16,22,38,19,15,12,18,17,29,30,24,20,19,11,25,25,30,30,23,18,15,18,24,24,35,22,21,22,16,24,34,23,21,19,14,24,16,22,34,24,15,20,22,23,45,18,24,23,21,16,22,32,32,24,23,14,16,19,28,33,22,29,19,17,24,26,28,26,20,15,14,21,31,35,16,18,19,11,20,26,24,22,19,16,19,32,41,17,24,19,19,16,25,32,25,18,18,19,20,28,28,30,26,25,18,17,25,24,28,26,23,18,19,20,36,29,21,19,19,16,28,29,39,29,17,19,16,23,45,28,24,23,15,15,19,26,12,25,29,20,13,22,29,24,27,24,15,21,33,45,48,19,33,18,16,27,29,33,17,20,25,18,26,36,38,15,23,19,19,31,25,24,14,19,25,18,19,30,21,18,23,15,23,26,34,29,27,25,22,21,25,37,29,24,20,18,16,29,43,39,18,27,19,22,22,35,34,17,24,26,19,34,33,37,13,33,27,18,16,36,23,27,24,17,24,31,41,32,17,27,20,14,35,50,32,36,23,19,17,36,29,37,22,20,26,18,25,43,43,28,19,19,20,29,28,38,26,15,17,18,27,49,35,21,24,20,22,31,44,33,34,27,18,29,30,30,45,36,23,19,20,32,45,37,26,30,20,25,27,39,33,26,21,28,18,24,52,41,13,21,14,17,10,36,26,26,16,23,19,38,47,40,25,33,15,15,29,54,33,25,17,27,25,34,33,30,20,24,18,16,27,34,31,29,24,21,22,24,38
HOBBIES_2_010_CA_1_validation,HOBBIES_2_010,HOBBIES_2,HOBBIES,CA_1,CA,60,40,42,30,43,27,39,53,79,50,50,23,25,59,38,47,60,31,23,34,30,74,45,33,38,33,36,52,57,43,49,33,30,35,29,65,58,53,35,46,38,47,83,58,39,40,33,37,61,61,58,51,49,34,36,56,66,36,53,44,42,27,50,73,47,39,47,33,34,39,85,64,42,36,28,35,56,53,60,41,52,33,42,63,58,52,54,26,42,25,62,60,58,39,28,48,35,83,54,52,37,40,51,44,35,80,68,50,36,34,38,45,82,53,28,31,29,35,53,66,66,44,40,54,46,56,78,37,39,38,33,26,56,85,61,53,42,37,45,37,42,44,56,43,43,51,40,83,57,42,44,43,37,59,69,60,44,45,30,30,49,75,90,47,28,35,44,43,50,72,53,31,34,49,63,52,38,52,41,43,44,44,63,52,41,49,43,27,62,65,74,39,36,44,31,52,53,60,49,45,39,43,57,69,57,61,49,34,45,65,69,65,29,38,50,34,54,59,69,55,49,33,41,74,82,68,31,44,58,52,62,61,67,59,55,46,48,56,71,61,56,56,50,31,44,89,70,54,48,60,38,70,77,46,43,41,54,52,62,66,56,65,35,44,62,52,55,44,78,51,37,41,50,46,80,53,55,45,44,32,88,54,44,43,26,38,51,69,46,64,52,38,38,69,72,53,53,38,39,43,72,107,90,53,71,51,35,61,66,53,42,48,53,53,45,72,78,56,56,42,55,60,89,66,56,34,39,42,62,120,67,40,67,57,34,67,91,75,59,44,52,40,29,82,48,67,39,24,29,61,82,52,44,51,57,34,67,52,78,65,56,58,54,86,81
HOUSEHOLD_3_001_CA_1_validation,HOUSEHOLD_3_001,HOUSEHOLD_3,HOUSEHOLD,CA_1,CA,50,32,27,24,28,26,26,47,38,19,25,35,23,21,51,33,32,27,36,24,26,40,31,30,38,33,35,38,45,33,33,28,31,19,35,30,44,36,19,20,19,34,32,53,35,32,18,32,40,39,29,32,26,25,22,41,21,54,39,30,27,32,35,43,52,46,23,30,20,40,39,53,32,30,37,22,41,40,53,45,28,15,23,54,41,59,29,26,33,30,43,47,53,40,37,25,32,33,46,42,27,20,36,23,35,40,42,30,38,25,36,46,43,47,38,36,34,28,30,54,43,15,33,25,25,38,33,46,32,25,30,18,39,53,48,40,39,29,34,38,42,42,37,38,30,24,50,35,40,41,43,33,29,37,55,47,30,30,25,28,40,66,41,34,40,41,31,37,45,29,29,33,29,32,38,43,50,54,30,31,34,35,64,32,33,31,32,17,51,55,58,48,28,15,36,38,40,53,55,32,37,23,27,61,53,33,45,20,22,36,48,63,37,32,23,36,32,39,45,39,29,36,28,50,58,67,34,40,20,48,48,50,47,36,47,38,27,31,66,58,43,34,30,41,57,60,59,40,25,26,38,53,65,53,47,34,37,29,33,64,63,58,37,26,29,41,56,55,42,40,34,17,45,56,56,36,37,37,30,49,56,53,16,27,26,33,55,54,60,45,36,37,33,42,60,67,43,37,28,41,31,37,56,33,44,22,38,51,58,30,26,38,32,37,44,55,27,47,31,31,25,31,74,61,47,35,22,46,49,59,49,24,45,27,36,52,61,58,52,31,36,31,28,61,67,53,51,22,44,47,77,50,37,28,41,37,35,33,59,46,30,27,38,63,53
HOUSEHOLD_3_002_CA_1_validation,HOUSEHOLD_3_002,HOUSEHOLD_3,HOUSEHOLD,CA_1,CA,40,34,45,29,31,26,36,51,39,33,30,27,30,35,65,51,25,35,26,29,33,28,46,25,34,31,25,53,37,40,27,45,39,20,33,42,41,28,28,37,40,27,40,49,24,34,34,33,44,45,46,28,36,41,32,34,62,70,38,37,35,20,37,46,56,42,32,28,19,41,42,38,44,39,28,20,34,63,53,34,34,18,17,58,58,49,34,22,38,23,47,54,49,28,25,35,31,42,56,30,46,32,40,18,47,60,35,33,27,38,33,56,56,58,48,39,30,27,42,63,43,44,37,25,35,44,49,52,35,37,32,21,42,50,58,46,32,28,21,36,52,38,47,37,33,31,46,63,60,37,35,35,31,52,70,56,33,40,37,26,48,50,60,44,38,34,18,34,55,69,45,50,35,32,58,55,42,43,45,29,36,44,63,57,38,36,32,34,37,51,49,44,26,34,28,42,50,56,40,43,38,23,37,56,54,34,47,42,22,49,58,68,29,53,30,36,41,55,36,52,36,34,50,56,51,48,45,44,49,23,54,71,47,40,26,33,36,62,81,44,56,23,32,32,50,62,60,42,46,42,32,56,86,49,58,34,47,31,55,63,36,61,32,28,30,73,46,59,34,32,25,37,47,48,68,53,43,46,33,52,58,40,46,41,37,38,63,60,47,42,39,45,36,38,73,66,46,48,47,33,41,63,65,44,32,40,21,47,75,70,11,39,43,28,46,79,54,60,35,50,37,41,83,45,38,45,40,39,47,49,52,58,30,52,39,45,39,38,43,38,40,50,57,64,76,48,55,34,29,31,64,46,35,51,26,38,51,67,78,39,54,26,43,67,12
HOUSEHOLD_3_003_CA_1_validation,HOUSEHOLD_3_003,HOUSEHOLD_3,HOUSEHOLD,CA_1,CA,44,43,38,33,22,23,37,51,46,29,20,20,25,35,33,39,34,21,31,22,42,38,31,27,27,24,23,36,41,39,20,30,25,32,27,27,45,33,22,18,32,44,21,36,41,25,24,23,26,29,49,19,29,31,17,28,55,45,27,35,33,26,28,40,43,30,34,18,17,36,40,36,20,29,27,29,35,44,51,23,32,18,21,27,52,41,32,22,26,22,38,36,53,21,24,37,24,26,48,38,27,23,43,25,22,60,48,28,24,32,25,22,63,39,43,37,22,32,32,29,39,36,27,26,33,37,39,50,35,15,31,29,37,56,38,36,21,31,37,30,40,38,35,24,31,32,41,31,53,40,36,31,28,45,67,36,42,30,28,19,36,39,41,27,28,27,28,26,34,48,29,38,31,31,49,46,40,41,35,28,36,37,49,46,28,32,38,31,39,48,49,41,36,28,30,43,40,48,20,35,34,33,36,53,60,46,32,31,35,27,47,59,43,35,21,28,35,54,39,29,19,38,26,41,51,37,27,26,26,31,34,69,57,42,32,41,28,40,53,55,41,30,28,33,46,48,33,35,37,43,22,37,48,62,37,27,35,27,31,43,66,40,34,30,32,44,56,50,44,34,26,26,25,75,58,31,32,28,40,30,54,48,44,33,21,29,34,54,64,25,29,29,28,48,52,54,34,36,38,26,49,55,61,37,37,33,30,45,60,38,50,22,28,30,46,72,32,35,20,33,33,57,56,62,44,32,24,33,30,70,50,49,32,35,33,43,51,56,32,27,42,36,44,75,49,51,37,27,44,53,55,60,37,42,18,25,53,54,55,29,50,42,31,41,69
HOUSEHOLD_3_004_CA_1_validation,HOUSEHOLD_3_004,HOUSEHOLD_3,HOUSEHOLD,CA_1,CA,27,21,11,15,13,13,12,18,21,16,11,11,10,15,16,14,17,12,14,12,16,17,14,13,16,14,10,14,16,12,14,17,16,12,14,14,22,15,12,11,13,13,21,14,21,11,14,8,15,24,23,16,12,10,9,21,21,20,18,14,12,13,14,14,24,13,12,12,10,20,22,18,11,14,6,12,21,21,24,11,19,15,13,14,17,19,18,10,12,13,19,24,14,18,13,10,12,10,24,19,11,13,11,10,9,14,19,14,16,11,11,15,20,20,14,15,19,10,18,22,24,16,12,10,14,13,27,22,16,10,15,16,15,18,20,17,12,15,17,18,20,22,19,14,14,14,14,24,15,13,17,16,12,23,16,20,17,6,13,10,13,21,13,13,9,14,13,16,27,20,16,12,7,12,17,30,24,15,15,16,14,24,19,25,15,15,12,12,19,26,21,8,14,18,13,23,22,14,15,13,13,10,18,22,27,12,15,15,15,17,24,23,11,14,14,13,18,25,30,15,16,18,8,19,15,32,18,16,9,12,17,32,25,11,17,10,9,20,27,24,23,16,15,10,22,16,31,20,24,16,16,18,24,18,12,16,14,11,15,24,17,18,12,15,10,15,13,22,22,20,16,8,22,26,21,22,18,21,10,14,19,21,23,14,13,15,23,13,28,15,15,19,13,13,17,23,16,16,14,18,20,16,27,25,16,16,12,19,28,29,19,22,15,11,15,32,28,12,15,15,12,14,21,19,13,19,16,13,11,24,26,15,12,15,15,12,33,18,17,20,16,18,27,18,28,23,15,15,9,24,13,29,13,21,17,18,17,19,15,23,19,18,16,23,25
HOUSEHOLD_3_005_CA_1_validation,HOUSEHOLD_3_005,HOUSEHOLD_3,HOUSEHOLD,CA_1,CA,58,55,44,30,33,33,25,69,56,44,34,40,28,40,67,59,31,50,30,33,63,35,36,46,19,21,42,43,86,44,40,43,40,32,41,63,72,50,34,29,30,35,63,66,43,53,50,37,55,50,53,55,35,48,43,56,47,54,50,32,36,41,43,51,37,41,46,31,36,47,54,68,59,48,33,50,59,57,49,55,42,32,35,45,53,71,52,47,45,29,44,82,60,32,43,44,40,41,88,41,47,56,43,43,40,69,59,35,49,33,32,55,63,62,44,54,32,34,56,52,48,48,49,48,38,44,69,68,49,53,32,32,63,46,55,40,29,39,43,54,77,77,44,66,38,36,45,74,59,47,41,39,39,48,62,76,45,47,33,35,40,93,80,54,62,47,37,57,87,52,37,47,36,21,40,64,64,50,62,40,41,36,69,68,36,36,46,35,53,77,91,47,61,25,41,51,62,73,48,26,29,46,37,81,67,48,44,47,31,56,54,68,57,47,48,35,55,68,62,42,42,33,27,48,80,70,38,42,49,37,40,105,65,39,48,43,28,58,87,64,30,50,49,36,50,106,59,40,47,49,46,29,63,84,56,35,55,50,54,87,96,41,53,62,48,49,77,88,42,47,43,37,61,73,78,65,35,46,42,61,75,56,69,66,50,48,60,90,35,54,43,47,52,59,70,50,53,55,38,26,87,81,67,69,50,58,54,44,83,96,44,39,39,51,64,47,76,52,48,39,47,73,67,47,52,57,43,31,70,100,72,37,47,49,37,68,64,73,53,56,47,43,52,79,69,46,52,51,42,73,83,54,71,58,58,49,33,97,75,61,56,67,40,56,66
HOUSEHOLD_3_006_CA_1_validation,HOUSEHOLD_3_006,HOUSEHOLD_3,HOUSEHOLD,CA_1,CA,5,4,4,3,3,3,6,6,8,6,6,4,4,5,6,7,4,2,4,3,4,5,8,5,3,3,3,6,6,6,5,4,2,4,3,6,6,4,5,3,3,6,6,5,4,5,5,3,4,6,7,4,5,3,2,6,8,8,3,4,4,5,5,5,7,6,5,5,4,3,7,7,5,5,4,3,7,6,7,6,3,3,5,5,8,4,2,5,4,4,8,5,7,7,3,4,2,8,4,8,4,3,5,3,6,9,7,6,5,4,3,8,8,7,6,4,5,5,4,8,7,5,3,5,4,5,8,7,4,5,4,2,5,5,4,6,4,5,2,5,6,5,5,3,5,5,6,8,9,5,4,4,4,5,9,8,3,4,3,4,7,8,6,5,3,3,5,8,7,7,6,3,3,6,5,7,6,3,5,4,4,6,7,6,5,4,4,3,7,8,7,8,4,6,4,6,9,7,4,4,2,5,7,11,8,6,5,5,5,6,7,7,6,4,6,6,7,9,8,5,4,4,5,6,8,8,5,4,5,4,6,6,7,8,5,4,5,7,9,5,4,3,5,5,7,12,7,5,5,5,5,6,6,5,6,5,4,4,9,6,9,6,7,5,3,8,8,10,7,6,7,5,9,8,9,5,6,5,3,6,9,4,6,6,6,4,9,11,4,6,6,7,5,9,7,5,5,7,6,7,5,11,9,6,6,5,5,8,10,8,8,5,7,4,5,7,10,5,7,5,5,8,7,6,6,5,6,3,6,8,4,7,5,7,4,6,7,10,7,7,5,5,4,8,9,7,8,3,5,6,9,8,6,4,4,5,5,9,8,3,8,5,2,7,9
HOUSEHOLD_3_007_CA_1_validation,HOUSEHOLD_3_007,HOUSEHOLD_3,HOUSEHOLD,CA_1,CA,37,27,18,20,26,18,22,21,27,23,18,12,14,31,40,23,25,15,24,18,29,20,33,22,23,22,18,21,36,29,18,16,13,16,30,33,26,26,17,19,17,29,21,24,15,19,24,16,22,37,36,22,23,15,23,36,35,17,20,23,18,23,28,28,30,19,20,17,23,36,23,18,22,14,20,21,33,34,29,14,21,20,21,22,30,21,12,16,13,20,23,29,25,8,28,16,17,18,40,32,20,20,27,19,25,27,19,23,23,25,10,20,30,31,23,21,22,16,32,37,29,32,29,24,7,35,40,45,30,29,24,25,38,36,22,23,24,21,15,18,29,37,33,26,25,19,18,32,31,22,23,23,23,26,22,29,25,28,19,22,29,36,39,22,20,21,17,31,30,34,25,24,19,19,28,37,33,34,18,21,14,30,28,31,24,24,19,18,37,38,30,24,31,21,18,24,32,30,19,18,18,23,26,35,43,33,22,19,17,33,35,31,22,20,24,15,35,33,33,19,24,21,21,38,39,29,23,27,28,22,33,42,45,16,27,27,15,24,31,30,24,25,27,26,25,31,45,30,25,25,21,33,35,37,19,21,20,20,24,34,25,30,24,15,18,32,34,31,27,26,16,24,25,39,36,25,20,22,29,22,52,34,28,19,20,20,24,37,33,38,19,24,23,24,45,34,14,29,18,18,35,37,44,35,22,28,19,45,34,45,33,27,21,22,18,42,40,29,10,18,19,33,43,36,32,20,27,25,34,39,51,32,21,26,27,28,50,41,15,28,23,26,38,42,51,28,29,29,23,37,36,35,21,28,26,29,38,39,29,32,32,29,29,31,38
HOUSEHOLD_3_008_CA_1_validation,HOUSEHOLD_3_008,HOUSEHOLD_3,HOUSEHOLD,CA_1,CA,17,24,11,13,13,12,15,18,20,16,11,10,15,17,11,24,13,13,13,8,15,27,24,14,15,15,14,13,28,18,15,12,13,10,16,22,25,18,17,15,17,16,21,19,15,10,14,13,16,14,20,11,15,13,13,13,27,21,12,15,13,17,15,16,21,19,21,22,8,17,16,19,24,12,13,11,14,30,14,15,14,13,12,23,13,23,17,15,11,16,22,18,16,11,15,14,12,25,20,22,15,20,8,12,20,22,15,17,10,16,12,16,28,17,11,12,20,10,19,27,17,13,15,14,17,15,21,34,10,9,10,16,17,21,17,20,11,12,11,8,21,21,14,14,13,13,14,18,22,12,14,19,13,12,25,26,14,14,12,12,16,26,30,17,10,22,15,22,24,23,16,18,13,15,23,30,27,14,20,17,15,21,24,20,16,20,15,15,19,21,13,20,18,15,11,26,23,24,15,11,17,10,20,26,18,13,13,13,10,15,25,33,21,16,18,17,18,26,28,22,20,12,18,27,33,18,13,18,20,15,19,25,28,17,18,15,12,16,28,11,20,16,18,16,20,20,19,16,19,21,15,18,23,22,22,15,15,19,18,29,28,19,23,21,15,17,22,25,14,18,21,15,20,31,27,14,15,22,16,16,25,16,12,20,16,17,26,28,28,20,21,22,16,22,28,24,17,21,15,14,25,32,37,24,20,19,15,23,30,22,19,21,16,17,25,32,34,17,23,18,18,24,31,22,23,12,23,17,26,31,26,17,15,19,18,24,27,28,18,15,16,15,28,20,26,22,25,15,12,25,29,25,22,21,19,17,28,29,26,23,13,19,15,16,31
HOUSEHOLD_3_009_CA_1_validation,HOUSEHOLD_3_009,HOUSEHOLD_3,HOUSEHOLD,CA_1,CA,26,21,20,8,13,15,18,15,25,17,14,13,16,18,20,16,17,16,13,10,21,17,27,13,10,10,9,16,19,24,18,13,21,11,16,16,19,16,10,11,13,15,18,23,11,11,13,14,18,21,19,18,16,13,11,17,18,19,14,14,12,14,20,20,17,18,14,12,16,15,13,17,21,13,12,12,21,22,23,15,16,14,11,18,20,15,16,10,15,12,23,21,21,11,11,9,15,16,29,9,21,14,15,10,20,21,16,12,11,15,11,12,25,12,21,21,10,16,19,21,19,19,15,6,19,20,23,18,16,19,15,14,14,22,22,19,14,17,10,19,23,15,16,13,18,12,20,18,23,15,13,22,12,18,28,19,18,17,15,20,16,31,24,20,16,20,13,21,30,20,21,15,11,9,19,29,13,18,18,11,12,21,29,30,15,13,20,12,21,35,26,20,20,16,16,18,30,25,12,16,8,16,18,34,25,21,12,17,12,24,19,24,13,16,21,16,19,12,21,20,14,20,14,24,26,22,16,13,19,13,22,23,18,20,14,14,11,18,26,22,21,17,25,16,13,25,23,16,17,13,15,12,32,16,17,14,16,14,21,32,28,19,18,22,17,19,33,26,15,16,11,8,17,27,25,13,9,21,15,27,34,28,19,15,18,14,18,15,24,23,21,16,12,25,27,23,13,24,18,18,17,27,24,22,22,11,12,24,24,29,18,13,10,17,23,32,27,4,19,11,9,13,16,27,16,12,16,12,26,36,24,25,22,17,21,19,17,17,17,20,13,13,16,24,33,21,16,21,16,22,34,24,23,21,16,11,22,34,30,27,16,20,13,23,34
HOUSEHOLD_3_010_CA_1_validation,HOUSEHOLD_3_010,HOUSEHOLD_3,HOUSEHOLD,CA_1,CA,79,64,50,52,34,38,48,61,58,46,45,38,48,35,82,58,46,43,47,32,46,75,42,48,37,33,26,62,71,55,47,34,37,38,55,75,41,53,29,46,38,66,60,75,38,46,25,47,74,60,67,54,31,36,33,82,85,63,58,47,48,32,71,60,56,57,49,43,47,43,98,60,50,63,37,49,54,60,62,57,56,46,28,64,70,52,55,57,44,49,62,80,63,61,55,51,39,69,79,55,48,42,27,50,94,92,71,47,39,46,50,50,113,50,55,48,45,38,60,68,87,71,44,30,45,62,77,77,69,56,51,49,62,61,91,55,39,35,35,45,86,68,63,60,55,49,63,74,69,61,40,46,37,75,88,102,47,43,47,38,67,77,65,67,31,52,39,71,95,39,53,51,25,47,55,59,63,47,45,49,54,61,96,58,58,72,32,30,78,83,65,44,51,49,47,48,74,66,64,40,49,70,48,68,73,23,37,52,44,77,77,70,49,48,37,45,51,61,66,63,54,56,38,64,110,97,43,42,67,51,62,77,80,62,47,48,42,67,70,57,77,52,67,29,46,91,76,45,66,42,59,65,66,67,76,50,61,61,65,80,72,64,70,38,50,69,54,65,52,63,61,30,75,94,88,63,65,64,33,66,81,70,55,57,38,55,62,101,70,53,45,46,41,74,105,87,61,61,52,50,64,102,39,35,67,51,59,60,117,79,68,51,43,32,80,95,83,48,73,54,57,69,69,98,69,55,58,59,79,58,58,73,49,42,55,55,81,97,44,42,37,42,72,79,109,70,57,68,37,83,86,76,72,53,57,50,75,81,100,38,66,34,44,79,54
FOODS_1_001_CA_2_validation,FOODS_1_001,FOODS_1,FOODS,CA_2,CA,58,47,42,45,37,36,45,38,40,42,35,36,42,49,69,52,33,35,28,41,50,61,64,23,40,25,31,41,63,54,50,31,39,33,29,46,50,49,39,26,31,62,58,49,44,42,31,35,42,65,55,44,31,29,39,44,60,50,48,32,34,38,56,51,75,44,29,37,30,49,57,55,34,45,27,26,49,77,50,47,46,41,31,36,33,52,52,29,41,27,47,68,48,44,35,41,35,47,78,63,36,37,35,34,71,64,33,38,23,34,20,39,42,60,43,41,36,25,52,84,61,39,28,30,38,58,64,66,50,43,32,36,40,62,61,59,29,41,46,56,72,64,56,31,27,35,27,78,72,40,37,37,36,50,70,56,53,44,33,45,36,62,70,38,43,42,30,49,61,52,66,34,46,33,39,65,67,54,54,62,38,43,70,56,54,30,57,43,33,55,70,57,31,45,22,50,79,53,32,43,34,42,42,55,36,48,40,30,39,62,63,64,49,32,56,34,59,76,60,53,44,29,35,46,60,45,58,56,48,48,49,58,52,54,45,40,48,57,56,54,54,52,45,53,70,73,52,35,40,47,53,58,84,60,54,51,25,35,64,72,48,25,41,41,32,55,76,72,26,32,39,44,59,76,59,46,38,48,32,64,72,64,43,32,37,37,29,67,77,55,40,43,35,57,92,78,55,41,49,26,52,79,75,57,48,41,45,45,59,67,52,29,47,47,55,105,57,47,42,43,38,40,64,65,64,66,55,34,49,70,91,50,34,39,47,65,70,77,28,47,52,34,47,45,89,44,49,50,54,56,65,70,66,45,36,29,43,86,64,46,40,45,40,55,94
FOODS_1_002_CA_2_validation,FOODS_1_002,FOODS_1,FOODS,CA_2,CA,16,9,8,8,8,6,9,13,8,9,9,8,6,8,16,9,11,7,9,8,9,8,12,9,8,8,5,10,14,13,6,10,8,8,8,15,7,7,10,9,7,12,15,14,8,6,6,9,7,14,13,12,9,7,6,10,16,14,7,9,9,7,5,12,8,6,10,12,9,5,13,11,6,9,7,5,6,11,12,9,10,8,7,8,8,9,12,10,8,7,13,10,10,9,4,6,7,9,11,18,12,11,8,7,14,14,10,7,8,8,8,10,20,9,11,8,8,9,7,11,12,13,11,10,4,8,11,13,6,11,5,9,13,11,16,9,8,7,7,10,13,10,8,8,11,7,9,18,12,8,7,6,9,7,18,13,9,8,9,7,11,17,14,7,8,5,9,13,11,19,15,9,7,8,9,17,14,11,12,7,7,13,13,18,12,8,5,6,10,16,16,10,7,8,8,14,18,11,11,8,7,10,11,17,15,10,10,9,6,13,13,11,12,8,11,10,10,18,13,10,10,13,10,11,15,9,13,11,9,10,7,12,19,10,11,8,8,16,15,16,11,10,9,5,13,14,19,9,9,14,10,9,16,11,11,8,13,9,13,18,17,9,10,8,12,6,14,14,11,10,9,8,13,17,20,15,10,8,8,9,19,14,12,11,8,7,11,17,14,7,8,9,9,14,16,14,10,10,10,8,10,16,13,12,13,7,11,14,20,13,8,11,12,7,10,18,13,15,12,8,8,11,16,16,12,8,11,9,10,15,18,12,11,7,9,15,10,14,13,11,8,10,10,13,13,15,7,7,10,13,15,15,9,11,10,12,18,16,11,13,10,10,6,13,18
FOODS_1_003_CA_2_validation,FOODS_1_003,FOODS_1,FOODS,CA_2,CA,70,43,33,38,35,38,46,79,37,49,39,25,19,36,74,67,41,35,30,32,42,80,42,46,52,42,26,32,63,57,53,43,33,30,35,62,40,51,43,41,25,46,56,58,48,35,33,39,37,52,57,52,32,51,25,63,76,41,29,45,34,28,66,47,49,39,17,38,29,57,74,61,47,41,32,31,62,72,61,50,40,40,40,29,75,69,38,51,21,39,50,60,59,51,26,46,33,60,72,54,45,41,51,28,46,44,61,40,37,51,31,49,59,55,72,27,44,55,62,66,46,59,50,27,35,39,28,46,48,47,37,48,63,64,58,51,42,29,35,59,84,74,51,55,44,37,68,77,79,36,35,34,40,72,52,74,36,62,28,44,63,76,52,38,55,50,47,66,47,43,42,40,36,41,66,65,53,57,42,42,37,58,55,73,49,37,46,33,46,53,42,55,55,38,33,35,39,74,30,34,45,41,59,70,61,39,39,40,25,47,65,57,47,51,50,53,39,65,82,33,35,38,57,45,87,66,39,72,45,44,62,78,96,70,37,61,35,60,51,81,48,36,54,53,74,50,89,49,66,50,44,57,73,59,41,43,55,30,73,76,79,61,56,45,42,68,58,52,48,50,62,43,82,82,63,65,45,47,31,41,83,85,74,40,59,54,53,96,83,66,69,56,24,63,52,72,55,43,36,39,56,74,72,61,46,58,43,71,72,110,60,65,40,40,57,115,68,46,62,47,42,53,85,87,64,45,37,8,49,72,71,52,78,52,33,69,84,57,59,55,57,29,70,101,101,42,49,47,51,60,68,76,52,56,40,36,79,116,101,56,62,41,50,55,100
FOODS_1_004_CA_2_validation,FOODS_1_004,FOODS_1,FOODS,CA_2,CA,10,7,6,4,4,6,2,9,5,5,7,5,7,7,7,8,7,6,4,3,6,11,6,5,6,5,3,6,11,8,7,7,4,4,7,6,7,6,4,5,4,6,10,10,5,4,5,5,5,11,7,5,7,6,4,8,7,9,8,4,4,4,7,9,8,4,4,4,5,5,7,6,6,7,5,7,7,8,7,6,4,4,4,6,8,12,6,6,4,8,5,8,10,6,4,5,5,7,10,12,6,6,2,7,7,7,8,7,7,5,5,6,10,9,7,5,6,4,7,8,6,5,5,5,5,7,11,8,7,8,5,5,9,7,11,6,5,6,5,10,9,9,6,5,5,6,8,10,9,6,6,7,4,8,12,7,8,7,4,6,6,10,10,8,4,8,7,9,10,8,5,4,6,6,7,8,9,6,6,5,6,9,10,9,8,6,7,4,7,8,8,8,5,3,5,6,9,13,5,7,6,6,7,12,10,7,6,7,6,8,11,6,7,6,7,5,8,14,9,5,9,5,4,6,11,12,9,6,5,5,8,10,12,5,5,5,6,7,9,11,8,5,5,6,6,11,9,8,6,4,5,10,15,6,9,7,9,5,9,9,12,11,7,4,7,9,11,13,5,5,7,5,7,13,10,5,7,8,6,9,9,10,5,7,7,4,11,12,8,8,5,5,4,6,11,10,8,3,6,5,8,10,10,7,6,6,6,9,11,8,6,7,7,7,7,6,11,6,6,6,7,10,13,13,8,4,5,8,9,16,9,11,7,6,5,9,8,9,7,3,6,8,9,9,9,8,6,7,5,7,14,12,5,6,8,6,7,10,10,7,7,6,5,7,8
FOODS_1_005_CA_2_validation,FOODS_1_005,FOODS_1,FOODS,CA_2,CA,27,30,9,24,18,24,29,43,25,30,32,24,23,28,31,38,17,20,13,17,31,39,33,26,14,20,17,24,40,27,22,13,20,16,28,29,34,25,31,24,13,21,36,27,10,29,25,23,25,39,29,27,19,29,14,36,37,30,27,27,28,22,24,37,47,33,28,26,24,36,34,25,27,20,18,18,44,38,37,20,15,19,27,31,42,40,23,31,20,27,32,24,30,17,30,23,12,32,34,25,36,25,22,20,21,28,45,25,25,13,16,34,41,48,35,23,25,20,43,48,37,29,32,26,29,17,43,32,38,33,24,29,42,40,55,28,24,28,21,31,51,37,18,27,20,26,35,51,44,34,22,28,32,27,54,33,23,27,28,27,25,44,32,20,21,21,25,39,28,40,22,29,21,18,37,36,35,16,31,29,23,22,51,33,26,38,21,27,36,44,40,32,28,25,31,24,50,45,34,33,25,15,32,33,33,22,24,22,12,37,61,44,29,26,23,24,33,35,52,21,31,25,33,35,39,37,30,21,22,15,27,43,42,18,27,29,23,29,39,35,27,28,38,21,32,43,34,38,14,23,29,32,36,44,37,29,22,27,31,50,53,15,29,17,37,31,50,40,26,23,35,30,48,45,43,30,27,21,25,29,48,43,33,38,27,29,49,56,51,30,30,20,28,37,45,50,24,38,32,25,34,49,55,33,30,27,35,33,45,54,33,36,22,25,46,39,41,34,23,25,26,36,58,56,27,30,31,34,41,49,48,37,24,29,34,35,47,41,17,30,30,24,28,38,50,46,38,20,31,32,41,39,38,36,28,26,40,52,54,25,30,22,26,35,47
FOODS_1_006_CA_2_validation,FOODS_1_006,FOODS_1,FOODS,CA_2,CA,18,28,19,18,11,11,17,27,22,13,12,17,14,18,22,24,12,14,14,9,17,33,17,16,8,13,10,16,24,16,17,12,10,15,14,21,19,17,15,13,11,17,24,22,20,17,17,17,19,27,23,21,9,13,14,20,23,14,16,17,13,13,25,22,21,17,16,14,14,14,23,16,17,17,14,11,17,32,28,15,13,14,17,12,21,24,18,14,14,14,17,19,21,18,9,16,16,17,22,19,17,14,19,14,11,27,30,19,19,17,17,23,29,24,11,12,11,7,17,32,16,20,17,15,17,19,32,22,19,15,12,10,22,32,24,20,11,16,8,15,32,23,18,18,18,13,21,25,16,17,17,14,13,23,26,25,12,18,12,14,16,30,33,18,16,19,16,20,28,34,16,14,18,21,21,17,26,16,18,11,10,19,35,17,17,12,17,15,14,33,15,25,21,17,18,20,18,26,13,17,12,18,22,30,26,26,20,22,12,18,13,23,19,18,14,17,24,24,20,19,17,14,14,15,31,29,19,20,17,20,16,28,30,25,20,13,10,21,29,30,15,20,7,13,25,21,20,17,18,13,15,20,34,23,20,18,15,18,26,25,27,16,20,17,15,23,31,32,21,21,23,12,27,23,22,20,16,14,16,21,24,21,26,14,16,20,26,30,23,20,14,16,15,21,24,17,25,22,20,17,23,25,23,26,25,17,16,26,29,28,20,15,16,16,11,29,40,19,19,14,13,21,33,26,19,20,18,17,28,36,35,16,22,24,11,23,26,27,26,13,19,15,29,32,27,18,29,19,12,19,32,23,19,23,21,15,29,26,37,24,20,17,15,12,28
FOODS_1_007_CA_2_validation,FOODS_1_007,FOODS_1,FOODS,CA_2,CA,54,47,33,39,21,24,32,46,46,38,29,24,37,57,51,39,46,22,28,24,30,47,38,35,32,26,26,37,58,45,41,36,34,36,30,45,63,34,14,29,29,19,64,40,38,31,23,23,32,62,46,32,26,38,38,50,56,50,28,31,27,18,49,44,59,43,37,35,26,56,52,51,32,27,35,31,34,37,36,46,29,29,39,32,45,41,50,47,37,35,37,74,52,44,33,30,40,46,69,52,31,30,33,27,33,67,44,39,36,29,40,33,57,53,38,26,38,35,37,62,54,29,29,41,33,38,45,45,35,29,21,38,52,41,53,32,33,31,29,61,50,43,33,43,22,27,56,58,54,57,38,29,30,34,70,58,49,45,31,26,44,46,54,49,35,35,32,52,49,29,44,44,37,28,34,63,55,40,50,28,44,45,36,51,49,34,24,32,37,63,62,32,32,40,27,36,44,58,44,32,35,43,37,35,59,41,32,40,39,25,51,80,47,43,44,34,54,68,61,39,39,32,34,36,50,52,34,34,35,37,56,54,71,51,42,37,36,58,75,71,43,43,46,30,44,61,66,51,37,25,36,39,43,42,46,50,37,36,59,42,63,44,44,33,29,50,82,67,39,29,25,44,39,58,73,30,52,36,27,46,53,63,39,24,36,26,51,48,52,46,38,40,41,38,62,19,47,38,31,38,61,57,48,47,30,33,45,50,40,38,47,48,26,40,64,88,63,50,23,55,32,41,61,78,66,42,47,37,40,84,52,60,52,44,51,74,63,50,29,61,36,46,44,86,52,35,40,35,42,51,74,57,41,37,56,39,31,59,62,65,51,33,56,52,83
FOODS_1_008_CA_2_validation,FOODS_1_008,FOODS_1,FOODS,CA_2,CA,11,13,11,9,8,10,9,14,12,11,11,10,8,14,18,14,14,10,10,6,8,15,17,11,12,8,9,12,10,19,14,12,12,8,14,14,15,7,9,6,6,12,13,15,15,9,9,10,10,13,13,13,6,8,12,4,15,19,16,12,12,7,10,21,14,7,11,9,9,6,7,16,11,9,10,7,12,15,18,7,9,12,7,13,22,16,17,13,8,7,11,18,16,13,8,8,10,18,13,15,11,11,7,9,16,11,18,9,11,11,10,12,19,11,14,10,11,9,17,18,18,14,10,11,10,15,15,13,15,12,8,13,12,17,20,15,9,11,9,14,17,15,10,13,9,13,13,19,21,11,12,11,8,14,20,22,11,12,10,10,12,17,21,13,11,9,12,16,18,23,11,9,10,8,14,18,20,11,12,11,12,11,14,14,10,13,12,12,13,16,13,16,11,9,12,13,14,14,13,9,11,8,11,16,17,14,14,9,13,22,17,11,8,10,9,10,16,13,16,12,16,8,9,14,16,21,10,9,14,8,17,17,15,12,9,13,11,17,23,19,9,9,13,11,17,18,16,15,8,10,11,15,14,13,12,12,15,9,13,25,21,10,14,13,11,11,17,15,15,11,11,9,10,29,19,18,9,15,10,17,23,23,13,10,11,12,13,18,12,11,13,14,13,22,25,17,11,12,10,11,18,21,24,15,9,10,12,16,25,18,13,8,10,12,16,22,20,14,10,12,11,20,25,17,12,9,11,10,24,15,19,12,13,11,13,17,23,16,17,11,9,11,16,15,22,12,11,12,13,12,24,10,15,10,10,16,13,20,15,17,14,14,14,15,25
FOODS_1_009_CA_2_validation,FOODS_1_009,FOODS_1,FOODS,CA_2,CA,63,60,45,42,36,42,45,62,77,58,43,34,25,49,71,51,46,39,26,38,56,67,80,44,38,57,28,45,70,75,56,33,53,41,43,56,62,68,44,58,44,39,85,50,42,45,40,45,58,65,84,43,34,44,38,56,78,60,66,46,37,43,52,70,49,39,53,31,38,57,88,57,56,43,23,39,53,75,56,44,55,39,24,60,81,75,43,45,47,47,60,81,55,27,54,34,38,64,71,74,75,50,36,28,63,72,47,62,52,43,58,67,57,82,53,63,51,45,61,54,60,53,33,48,35,52,82,59,56,48,34,48,67,87,93,47,28,38,49,56,52,45,67,53,40,58,88,89,79,58,55,62,34,54,73,77,69,51,50,48,58,68,70,46,42,48,38,80,77,88,40,36,44,51,53,74,84,49,41,52,32,55,77,78,63,58,43,52,66,87,62,62,47,47,45,86,62,88,70,57,41,59,56,88,73,51,55,64,46,85,75,73,42,44,45,41,49,66,68,69,35,27,29,51,88,68,52,46,29,53,78,73,74,58,40,44,61,62,83,63,52,58,40,60,42,70,52,72,51,46,49,81,84,92,54,41,51,39,72,74,74,32,50,46,57,75,81,51,53,64,47,36,79,55,74,65,54,37,38,55,95,79,54,57,42,54,70,79,74,55,64,52,45,52,93,85,53,49,49,36,66,56,57,53,47,55,50,84,85,81,46,41,51,49,70,106,61,81,38,55,36,76,59,35,62,53,63,49,57,76,130,50,60,56,54,73,81,51,63,55,53,54,62,75,94,57,50,46,55,65,125,81,47,51,59,43,68,104,99,55,53,54,63,53,94
FOODS_1_010_CA_2_validation,FOODS_1_010,FOODS_1,FOODS,CA_2,CA,24,20,16,18,12,15,24,21,25,16,18,10,9,17,19,20,16,17,13,11,17,20,18,11,15,13,16,13,21,30,14,15,11,10,25,25,23,11,17,18,17,22,19,24,20,10,11,16,23,17,26,18,18,13,16,23,23,23,15,21,14,11,17,25,27,13,22,16,15,19,25,22,21,16,17,13,20,21,29,15,15,14,13,23,24,30,15,17,13,16,20,25,29,16,18,13,15,15,22,23,25,17,21,15,19,34,26,16,18,15,9,24,32,33,20,16,18,17,27,26,23,16,19,11,17,23,29,25,25,20,14,13,17,29,20,23,21,13,14,21,31,33,12,16,15,11,19,29,23,13,27,17,16,16,28,24,12,13,19,21,23,33,24,19,21,22,19,17,27,27,18,19,19,19,29,26,18,21,24,15,18,25,29,26,16,9,13,14,27,27,23,16,20,21,19,25,20,24,28,22,12,16,24,24,14,20,15,14,15,22,28,22,19,12,18,7,21,34,21,23,22,5,16,9,28,27,10,26,18,13,29,18,20,11,25,19,19,24,32,27,22,19,15,16,24,30,19,15,23,16,18,18,21,23,20,16,22,17,32,32,14,25,13,19,14,33,38,23,21,20,21,17,18,25,28,27,21,15,19,22,35,42,20,22,15,17,24,29,42,20,22,11,19,29,27,14,21,19,21,24,22,25,22,23,21,16,20,26,31,23,20,10,19,17,25,34,31,21,20,13,15,24,26,34,19,21,19,20,29,36,17,28,26,17,19,20,19,25,20,19,15,15,25,27,32,25,30,23,19,22,34,31,20,23,14,17,28,30,28,22,17,24,14,27,35
HOBBIES_2_001_CA_2_validation,HOBBIES_2_001,HOBBIES_2,HOBBIES,CA_2,CA,9,8,6,5,2,6,7,9,6,9,8,4,5,9,9,8,6,6,9,6,6,8,8,5,5,7,5,8,13,8,7,5,6,7,9,10,8,7,6,6,5,7,9,10,8,6,4,6,9,10,8,6,8,6,7,6,12,11,7,7,7,4,7,11,9,8,7,6,5,7,13,9,9,8,5,6,6,13,10,7,5,5,6,8,9,11,7,5,7,4,5,10,7,7,8,7,6,6,9,10,7,5,5,7,9,10,12,5,8,7,7,9,9,11,7,7,5,5,8,11,11,10,7,5,7,9,10,9,6,6,5,7,9,11,9,9,5,6,7,5,11,9,8,6,7,7,13,10,11,8,7,8,5,8,10,8,8,8,8,6,10,6,15,9,6,7,6,5,11,12,9,7,8,7,9,9,9,7,7,8,5,6,14,8,9,7,6,7,6,15,16,10,6,3,7,6,10,14,11,10,7,7,5,8,10,9,6,8,5,9,13,12,7,7,4,6,11,11,9,9,11,10,7,10,15,11,9,7,10,7,8,10,7,5,6,8,7,7,9,11,11,6,8,6,8,9,12,7,7,8,8,8,12,13,8,8,6,6,7,16,10,7,6,7,5,8,14,12,6,9,7,8,12,8,13,11,8,8,7,11,13,6,8,7,8,8,9,9,12,7,7,11,6,6,14,13,10,9,7,7,11,16,8,8,9,8,4,8,13,11,8,12,7,7,10,13,12,5,6,7,8,9,10,14,11,5,8,3,9,17,12,6,6,6,6,6,13,13,8,11,7,9,7,13,13,8,8,6,7,9,9,13,10,7,8,6,7,12,14,9,7,8,6,7,12
HOBBIES_2_002_CA_2_validation,HOBBIES_2_002,HOBBIES_2,HOBBIES,CA_2,CA,8,11,6,3,3,7,9,9,10,7,7,4,4,9,6,9,7,7,6,5,7,8,8,8,6,7,6,8,9,8,9,7,5,7,8,7,8,8,8,9,5,9,8,7,4,7,7,6,8,12,15,6,3,6,7,5,12,8,7,5,5,4,9,9,10,7,5,6,6,9,13,7,8,3,7,7,3,9,8,7,6,6,7,7,8,9,7,6,5,6,10,7,10,9,6,8,6,6,8,11,8,9,7,6,9,10,9,6,4,5,6,3,9,11,9,6,5,5,7,13,13,5,5,4,6,7,11,11,8,4,6,4,11,10,7,7,7,7,8,8,10,11,9,7,7,5,8,6,13,7,9,5,6,8,9,11,10,9,7,4,6,13,8,9,7,8,7,8,16,12,9,6,5,6,6,10,12,9,6,11,8,9,14,9,8,6,5,7,9,11,10,6,9,7,6,6,15,12,8,5,9,6,8,11,11,8,2,7,8,7,15,12,9,6,7,7,9,14,10,8,6,6,6,9,11,13,11,5,9,7,7,11,11,5,7,8,5,6,12,16,7,6,7,9,6,14,10,8,6,7,5,8,6,7,9,9,12,8,8,7,12,6,6,8,7,7,8,12,9,10,3,7,11,11,7,7,8,6,7,12,11,14,8,8,7,7,10,14,11,3,9,4,6,5,16,12,8,10,8,7,10,11,8,10,8,5,8,10,17,12,7,5,9,7,8,11,15,10,10,8,6,13,11,13,11,8,6,6,11,14,15,11,6,10,5,11,19,12,6,7,11,7,13,10,11,9,11,7,4,15,13,13,6,8,8,6,11,8,9,11,7,7,7,9,15
HOBBIES_2_003_CA_2_validation,HOBBIES_2_003,HOBBIES_2,HOBBIES,CA_2,CA,16,13,10,7,8,8,14,11,15,9,10,8,10,9,14,14,8,9,10,8,12,12,10,11,8,5,6,14,17,10,7,8,10,7,10,12,12,12,9,8,9,11,17,11,11,11,11,6,11,10,11,10,5,9,9,11,12,13,15,8,7,4,14,11,14,15,10,9,7,12,15,15,5,10,9,12,11,15,15,11,7,10,7,12,12,13,9,9,9,9,11,17,12,11,8,12,9,10,20,15,9,9,7,6,15,12,10,12,13,11,12,18,12,13,7,7,11,9,15,12,12,12,12,6,8,13,18,17,11,7,5,8,11,13,17,8,8,11,7,13,15,15,13,10,7,6,13,13,17,12,6,13,8,12,17,14,13,8,12,10,10,17,18,12,10,11,10,11,16,17,12,9,10,8,14,21,17,9,11,4,9,15,17,15,16,7,7,10,15,19,13,9,8,10,7,16,16,13,10,7,8,8,14,16,12,9,10,6,9,16,16,16,12,7,13,8,13,14,19,8,13,9,8,11,23,10,10,8,6,12,13,13,18,11,9,11,9,10,19,15,14,10,12,9,16,21,20,12,12,10,8,19,14,19,14,11,10,9,12,17,12,14,10,8,7,13,17,14,13,12,10,8,11,12,15,14,8,9,10,15,12,24,14,10,8,10,15,14,13,10,11,11,14,8,15,15,14,12,10,13,11,15,12,12,10,12,14,18,13,17,15,13,16,10,14,26,18,11,9,11,12,17,15,17,12,11,13,10,16,21,15,16,9,8,9,11,20,26,16,10,9,12,11,15,18,11,12,10,10,17,21,20,15,13,11,7,14,20,17,14,17,10,10,18,19
HOBBIES_2_004_CA_2_validation,HOBBIES_2_004,HOBBIES_2,HOBBIES,CA_2,CA,61,59,30,51,34,32,38,61,40,57,45,41,23,46,70,59,32,31,31,28,58,35,60,30,29,20,29,58,60,40,49,46,35,46,52,65,45,46,38,38,28,46,48,30,50,26,36,35,49,55,57,45,43,48,35,47,48,59,47,36,39,31,52,70,65,43,30,31,38,70,55,60,38,31,31,20,60,33,53,32,32,46,36,38,53,47,43,40,51,21,47,57,67,46,44,39,28,59,71,67,55,42,48,37,46,61,57,39,52,39,36,52,99,44,37,29,36,37,44,55,59,40,42,46,40,58,76,61,43,34,35,32,57,67,67,34,52,35,28,45,95,54,42,39,37,30,51,78,63,35,38,34,37,64,62,59,62,48,43,51,56,39,70,31,45,26,33,47,55,56,56,36,44,30,49,70,48,34,46,49,37,47,68,62,49,21,31,31,53,69,69,50,31,52,47,39,71,54,49,52,58,44,56,62,64,61,43,33,26,58,71,54,58,39,40,38,49,71,77,37,48,42,40,63,69,69,56,39,44,37,52,64,70,50,47,41,26,54,70,67,43,33,47,37,56,65,64,45,36,46,35,56,75,57,38,67,38,45,76,81,61,49,37,50,45,49,56,48,60,46,45,33,39,85,66,60,42,41,46,64,83,62,57,56,42,36,71,62,75,50,29,53,18,34,80,74,45,48,21,47,60,72,67,57,46,27,60,71,54,63,49,57,25,37,37,69,61,53,41,38,47,63,82,66,46,46,49,23,63,79,70,51,23,41,57,58,70,69,57,54,43,46,78,90,102,46,64,38,46,68,67,71,63,41,61,31,82,91,69,49,43,45,43,75,106
HOBBIES_2_005_CA_2_validation,HOBBIES_2_005,HOBBIES_2,HOBBIES,CA_2,CA,7,9,5,5,5,2,8,9,6,4,4,3,3,4,4,7,5,6,6,4,6,10,7,6,4,5,5,6,10,6,6,7,5,4,7,12,8,7,5,5,4,5,9,6,5,7,5,4,7,7,8,4,6,5,4,7,12,6,7,6,5,6,6,9,8,5,6,5,7,6,6,10,5,4,5,6,8,8,8,6,7,5,5,7,6,8,6,7,5,4,6,9,8,7,7,4,6,8,9,6,6,5,6,5,9,7,12,7,6,7,5,8,9,10,8,7,3,4,9,10,8,7,4,6,5,7,9,9,6,5,7,3,5,11,6,4,7,7,4,4,7,7,9,5,6,6,9,8,8,6,6,7,7,7,9,10,7,8,5,5,9,10,10,6,7,4,5,3,8,10,7,5,7,5,10,11,9,9,5,4,7,8,12,10,9,5,5,5,7,6,9,8,5,4,5,9,7,13,5,5,7,6,9,8,8,5,6,6,4,5,12,9,8,6,6,8,6,8,7,10,6,7,2,8,9,12,8,6,8,7,10,11,9,7,6,6,5,7,14,10,6,5,6,6,8,10,10,8,7,7,5,8,10,10,9,6,6,5,5,7,7,6,7,5,6,9,8,8,5,5,8,6,12,9,12,6,6,10,5,11,10,7,5,7,5,5,5,11,6,7,5,8,3,8,12,10,5,4,7,6,6,12,9,6,5,5,5,9,14,7,7,6,7,7,8,9,11,5,4,10,5,7,12,11,9,8,4,7,9,12,11,4,6,5,4,7,13,11,8,6,7,6,10,12,10,6,7,7,6,8,9,11,6,6,7,7,6,12,14,9,6,8,9,10,7
HOBBIES_2_006_CA_2_validation,HOBBIES_2_006,HOBBIES_2,HOBBIES,CA_2,CA,20,17,13,13,12,6,13,19,20,12,15,12,11,14,18,18,12,14,13,13,11,14,18,13,12,8,7,15,15,19,11,9,6,13,16,13,10,11,14,10,10,17,15,15,14,11,9,12,16,22,17,8,12,8,6,14,19,23,10,14,7,13,13,18,16,15,8,11,9,22,15,8,18,13,9,11,12,11,17,13,13,9,9,14,15,22,16,11,13,8,14,25,20,15,11,11,8,14,21,18,14,11,9,9,14,23,15,14,13,14,11,11,28,22,15,11,11,8,14,21,18,19,14,14,12,16,22,11,13,9,9,14,12,15,20,14,14,16,13,11,24,18,15,8,13,8,18,17,22,11,9,11,12,12,21,22,11,14,14,11,16,15,21,15,14,18,11,17,26,19,13,14,11,15,18,17,14,15,14,9,14,19,22,23,12,11,12,10,18,25,17,12,16,10,11,13,19,14,19,16,11,13,12,24,16,19,15,12,11,17,17,25,16,16,6,12,18,22,20,14,20,14,13,20,19,15,18,13,17,16,9,22,25,10,15,15,12,17,27,14,18,15,17,10,23,16,19,12,16,11,15,11,20,28,13,17,15,9,18,29,19,14,15,13,9,17,20,20,8,15,9,15,22,13,27,16,18,16,9,15,30,16,17,12,11,13,26,27,17,17,9,7,13,21,30,23,16,14,15,10,16,18,19,14,12,12,14,23,25,19,18,15,14,13,25,24,19,14,18,11,17,11,29,25,15,13,18,18,16,26,26,19,15,13,14,11,30,14,14,14,11,10,24,33,29,20,23,14,13,19,31,25,23,16,10,12,23,22,23,18,21,17,16,20,20
HOBBIES_2_007_CA_2_validation,HOBBIES_2_007,HOBBIES_2,HOBBIES,CA_2,CA,33,43,21,24,27,22,33,40,62,34,33,28,28,21,62,37,41,37,18,27,40,48,43,30,26,34,29,38,32,41,33,35,18,21,51,40,27,29,25,32,30,30,44,49,38,24,23,39,36,62,47,42,35,30,28,28,47,40,32,29,30,31,37,58,41,35,47,22,25,24,51,46,36,26,25,28,28,58,33,34,29,27,19,38,37,47,30,31,19,33,48,44,73,41,30,27,24,35,49,46,26,41,35,39,43,61,35,40,21,25,43,37,51,54,36,26,25,34,43,60,53,37,33,32,27,37,57,62,24,49,36,32,32,44,54,39,25,26,25,34,55,38,43,23,38,48,48,47,44,29,41,33,19,29,34,57,30,40,28,35,39,63,41,32,31,38,24,37,51,54,35,38,27,37,49,48,57,30,36,27,33,41,46,34,37,43,35,21,41,67,47,31,47,26,30,38,62,56,32,30,34,33,41,52,38,54,40,33,38,42,46,55,41,48,29,25,62,69,58,34,39,25,28,34,48,40,46,49,41,37,41,59,41,30,26,26,37,52,46,56,50,35,29,30,58,56,76,35,33,25,40,46,47,49,45,31,37,39,41,36,51,37,28,39,37,47,53,55,36,42,32,31,44,97,43,38,25,37,45,44,51,54,51,48,28,38,45,76,80,58,30,30,45,45,50,40,43,35,39,35,35,50,66,51,35,37,27,46,73,74,42,36,26,30,47,58,50,53,42,35,39,47,80,47,46,22,34,36,45,47,49,35,38,43,32,65,64,33,47,39,47,35,46,87,33,41,42,34,20,52,56,56,55,42,33,38,45,58,67,39,44,36,32,44,55
HOBBIES_2_008_CA_2_validation,HOBBIES_2_008,HOBBIES_2,HOBBIES,CA_2,CA,27,33,16,18,12,19,23,28,24,12,23,19,14,23,19,15,19,14,14,15,16,26,19,23,17,18,10,23,35,26,21,16,17,20,31,29,20,22,13,14,14,30,35,32,23,14,17,21,23,33,17,22,14,16,20,23,32,25,12,14,19,17,29,28,21,20,21,11,17,16,29,30,22,23,18,18,24,23,25,10,19,7,19,30,31,30,25,16,13,16,19,29,28,18,16,10,16,20,27,31,29,17,19,17,28,24,22,17,10,17,13,24,15,27,20,16,21,14,24,26,36,20,21,20,20,24,22,30,22,7,12,19,30,29,32,22,19,17,17,25,27,35,17,26,17,17,20,33,26,19,22,22,13,28,38,18,18,24,20,23,23,27,36,18,18,20,20,20,32,27,14,18,12,15,18,36,30,29,16,19,13,21,28,40,24,19,23,20,24,35,27,36,25,17,20,27,33,32,19,18,25,19,21,31,26,27,18,19,15,36,36,33,26,19,25,18,34,30,34,23,21,13,14,33,24,35,35,23,28,21,27,35,29,22,18,21,27,33,34,34,23,27,13,26,23,30,23,24,18,24,21,22,27,26,19,20,16,23,23,37,34,15,24,13,16,29,34,29,15,25,22,16,21,40,33,17,18,28,23,26,34,17,30,19,17,22,23,21,34,17,21,22,18,25,45,42,20,19,18,19,26,46,30,19,19,22,18,29,33,37,24,16,19,28,34,26,44,25,20,20,20,33,36,34,31,20,22,21,28,38,28,30,20,23,21,24,47,44,20,26,21,17,30,41,34,23,29,27,17,28,24,38,32,24,17,27,39,32,36,30,26,22,28,19,25
HOBBIES_2_009_CA_2_validation,HOBBIES_2_009,HOBBIES_2,HOBBIES,CA_2,CA,35,38,35,30,27,36,41,54,41,34,27,32,26,38,48,43,53,26,24,30,32,44,34,37,33,26,30,23,40,42,26,19,27,31,47,42,50,38,38,27,17,38,38,38,32,28,30,31,35,52,45,41,30,29,25,37,41,37,40,24,27,33,35,57,40,27,21,37,21,44,39,58,50,21,23,32,43,57,40,49,32,22,27,29,66,40,39,29,26,17,44,63,38,24,37,20,35,32,39,49,28,28,33,14,53,51,35,29,39,34,37,34,54,51,41,40,26,28,35,51,54,24,40,24,27,50,55,51,28,26,37,26,37,62,38,39,34,31,26,36,41,53,32,40,30,23,39,48,59,35,32,41,33,55,66,40,45,44,42,36,50,50,41,35,23,41,29,53,40,61,34,25,43,37,44,54,54,40,29,30,43,65,71,55,36,29,28,27,61,74,58,31,41,31,17,45,45,43,37,32,33,31,27,72,41,32,33,33,41,46,62,54,41,38,20,30,54,100,39,43,32,48,23,49,40,49,40,44,27,36,44,59,62,30,42,30,39,47,54,46,47,46,31,25,51,40,39,32,33,25,20,35,65,40,38,51,34,35,37,83,48,39,47,34,33,43,55,58,46,32,30,29,33,40,57,49,44,18,32,36,60,50,47,37,22,27,46,60,39,29,38,26,22,42,53,45,36,38,31,34,43,62,65,50,48,42,36,43,55,46,43,44,31,34,41,63,50,37,33,40,34,43,64,52,53,31,35,25,44,40,65,50,45,37,29,40,80,73,45,35,47,30,50,78,48,51,44,37,28,41,65,41,45,44,45,25,62,83,63,35,37,37,37,49,66
HOBBIES_2_010_CA_2_validation,HOBBIES_2_010,HOBBIES_2,HOBBIES,CA_2,CA,37,34,23,22,24,21,34,45,34,28,14,24,26,24,44,32,24,31,23,25,18,33,40,28,23,26,18,37,37,30,23,24,21,24,30,36,38,25,27,25,23,28,34,42,31,20,21,28,37,30,36,30,30,24,24,37,48,35,28,21,22,21,30,39,43,30,19,27,20,24,31,38,35,24,29,23,18,45,33,24,29,25,23,32,34,51,30,27,24,15,28,31,28,20,23,25,16,37,43,36,42,25,29,24,42,50,36,28,19,26,27,32,53,40,37,26,19,21,32,35,26,18,32,27,25,34,37,45,19,15,24,25,27,29,44,28,31,32,16,35,45,46,27,28,30,26,44,35,41,30,26,29,25,26,51,45,40,32,25,24,41,37,33,32,19,28,27,32,56,50,26,32,32,25,31,34,36,24,33,25,28,43,46,51,29,31,28,22,33,57,38,21,26,23,28,39,48,38,32,27,19,25,54,36,26,41,31,29,24,37,46,53,38,33,24,27,31,57,36,32,23,25,23,35,37,53,31,26,32,38,33,44,36,37,35,28,24,40,53,57,29,35,29,17,48,49,49,40,33,23,30,40,31,58,31,36,26,24,36,67,62,30,38,29,38,46,50,45,38,33,22,28,32,43,54,35,28,22,23,37,64,35,36,33,36,28,41,60,38,40,22,30,26,32,58,54,42,33,22,26,46,58,56,37,30,18,33,38,37,52,45,37,34,33,17,66,38,30,29,28,37,43,43,41,53,34,27,19,26,39,47,43,36,37,32,29,54,51,35,30,29,20,29,76,35,23,27,33,32,31,52,42,37,30,26,25,22,49,46,26,30,29,18,34,43
HOUSEHOLD_3_001_CA_2_validation,HOUSEHOLD_3_001,HOUSEHOLD_3,HOUSEHOLD,CA_2,CA,32,42,30,26,22,24,30,53,40,26,28,25,24,39,41,36,22,28,33,24,31,37,26,39,31,31,26,29,41,37,29,26,33,35,29,43,43,25,29,29,25,39,45,17,26,37,30,11,24,52,37,14,35,31,21,44,38,37,29,18,30,29,32,52,29,37,31,24,28,30,56,47,35,27,32,33,48,41,50,42,28,36,27,29,40,31,33,29,29,34,37,44,42,21,34,27,27,35,48,32,34,27,29,21,41,48,33,40,27,27,31,46,43,45,39,38,29,30,31,33,50,29,25,33,27,40,36,37,46,27,28,29,30,62,45,33,38,35,39,35,71,51,47,38,26,23,24,29,40,44,28,26,32,32,68,44,42,30,30,35,41,65,39,26,21,38,34,37,53,57,34,21,20,22,40,41,57,27,28,19,26,40,62,48,42,39,33,24,43,66,44,41,36,29,35,37,56,45,37,39,19,33,46,46,48,30,28,33,45,46,43,56,41,22,29,29,42,52,50,30,31,30,37,35,50,45,50,38,26,32,33,56,63,23,27,33,28,43,52,33,43,25,34,28,62,52,53,42,37,32,24,41,34,55,61,36,35,21,35,64,36,33,39,38,30,44,56,38,38,37,32,19,56,43,52,42,32,35,26,62,52,60,31,40,28,22,34,46,53,62,55,31,38,33,32,52,44,41,41,30,44,65,64,33,37,38,33,39,56,58,34,27,48,33,53,59,64,41,41,27,21,40,41,30,43,23,41,42,32,61,73,37,41,51,21,36,64,77,35,55,36,20,60,52,59,27,31,24,22,46,65,48,29,28,38,34,49,77,61,45,55,33,49,59,55
HOUSEHOLD_3_002_CA_2_validation,HOUSEHOLD_3_002,HOUSEHOLD_3,HOUSEHOLD,CA_2,CA,11,9,7,8,5,5,6,9,8,8,7,4,5,11,7,8,8,6,5,5,6,9,11,5,6,7,5,7,11,7,7,6,6,7,9,13,7,5,7,6,3,8,14,13,6,7,5,5,6,7,11,7,7,7,6,6,10,9,7,5,4,5,9,10,13,7,6,6,4,8,8,9,4,6,6,6,5,11,11,6,8,6,5,9,14,9,6,9,6,6,8,7,9,9,5,8,7,6,8,7,7,5,8,4,6,14,9,8,7,4,7,9,12,8,8,6,6,5,8,13,6,7,7,5,6,9,10,10,10,6,4,5,6,11,9,8,7,5,5,6,13,11,7,8,5,5,7,11,9,5,7,7,6,10,13,12,9,7,5,6,8,9,9,5,8,5,7,11,9,9,9,6,5,7,7,16,11,9,7,9,5,10,8,15,9,6,7,8,7,10,8,9,7,7,5,8,10,11,6,6,8,6,12,12,6,6,6,8,7,8,14,11,7,9,6,7,10,13,10,10,10,7,6,11,11,10,6,5,5,8,7,13,14,8,6,7,7,10,12,12,10,7,9,7,5,11,10,10,6,7,5,8,14,8,10,9,9,9,11,13,12,8,7,8,7,11,11,11,9,7,11,9,9,12,12,8,7,7,6,10,13,4,5,6,8,6,14,14,16,10,5,5,6,7,15,11,9,10,10,6,7,9,14,9,6,8,5,6,7,8,11,7,7,7,8,11,11,7,7,7,7,11,11,15,7,7,8,8,7,12,14,6,8,5,6,10,12,9,11,7,8,9,8,14,13,6,10,8,6,7,9,12,6,9,7,5,9,10,9,5,8,6,10,12,17
HOUSEHOLD_3_003_CA_2_validation,HOUSEHOLD_3_003,HOUSEHOLD_3,HOUSEHOLD,CA_2,CA,13,12,13,6,10,6,18,15,22,16,10,8,10,14,19,14,15,12,10,9,14,15,17,13,12,15,10,17,19,16,13,11,12,8,10,21,20,15,12,13,12,17,15,13,12,12,10,6,20,18,18,17,6,10,10,14,18,23,15,14,11,7,8,13,19,13,11,10,15,12,23,18,13,15,15,10,17,21,18,14,10,11,9,18,19,13,12,4,10,11,15,27,20,15,8,11,10,13,16,11,10,15,11,10,15,24,18,15,10,10,12,21,26,21,14,16,14,6,12,21,12,11,11,11,11,15,23,18,13,9,15,10,12,21,16,13,13,11,17,16,23,11,12,10,10,12,19,22,18,13,16,17,12,19,22,22,11,12,13,14,13,12,17,18,9,9,12,16,23,14,14,16,9,15,13,25,18,11,12,14,12,20,27,15,11,10,10,15,18,19,20,19,19,13,5,18,25,21,17,15,9,10,16,26,17,17,14,17,12,11,24,29,18,11,10,10,24,20,17,15,13,17,10,21,22,25,20,14,12,12,17,14,27,16,11,8,6,20,19,19,17,13,15,13,17,15,17,18,12,17,19,20,29,24,14,15,19,11,14,17,20,13,19,14,15,17,17,15,13,15,15,14,12,23,17,17,16,10,15,26,27,20,15,14,12,14,14,14,22,16,13,10,14,14,22,29,19,11,10,13,13,14,24,18,16,15,13,16,26,28,15,12,11,11,19,13,24,19,9,11,13,18,26,21,21,14,11,10,21,24,25,19,9,11,11,15,22,27,21,14,14,11,19,25,26,20,8,14,17,17,30,21,18,12,11,16,22,24,17,17,19,20,13,13,28
HOUSEHOLD_3_004_CA_2_validation,HOUSEHOLD_3_004,HOUSEHOLD_3,HOUSEHOLD,CA_2,CA,19,17,19,14,14,8,18,19,17,16,13,9,14,20,18,22,18,8,11,6,18,23,17,14,12,7,15,17,20,19,17,9,10,12,20,11,24,13,13,13,9,12,22,28,12,11,10,11,13,17,21,11,18,10,15,24,27,25,18,14,16,12,20,27,22,15,15,12,11,20,23,24,16,15,17,12,16,24,10,18,12,18,15,21,27,19,15,9,18,9,17,28,27,15,9,14,14,19,21,20,14,15,16,13,18,28,22,16,15,10,10,17,19,21,19,17,15,15,22,28,26,12,9,12,12,22,23,19,17,16,16,12,15,20,22,13,18,11,9,19,22,24,15,16,17,12,20,32,25,14,16,10,10,24,26,29,18,13,14,14,27,27,19,16,17,11,13,18,26,22,12,15,17,18,23,16,16,13,20,16,21,24,25,20,19,18,18,13,28,24,28,19,14,9,10,24,28,26,23,13,13,13,14,21,18,12,13,15,19,15,30,24,19,16,9,11,22,25,15,17,18,11,13,26,28,31,17,20,12,17,17,28,26,21,13,16,14,25,22,17,12,15,14,14,19,33,23,22,18,13,15,27,31,30,20,15,21,16,24,27,19,20,22,18,16,17,34,31,12,20,15,16,17,27,19,16,19,13,16,21,39,21,17,14,21,15,20,31,20,14,18,16,13,22,37,27,11,22,23,17,22,18,20,18,15,14,16,18,35,25,21,19,18,15,26,34,15,14,15,13,13,19,26,18,18,22,16,17,21,28,25,22,15,17,14,24,21,29,20,13,23,17,17,29,17,13,22,13,18,27,22,37,20,18,13,13,12,24,32,16,14,12,11,26,21
HOUSEHOLD_3_005_CA_2_validation,HOUSEHOLD_3_005,HOUSEHOLD_3,HOUSEHOLD,CA_2,CA,9,5,6,6,4,5,7,5,6,3,5,7,4,6,10,8,4,7,5,4,6,9,6,8,6,5,4,5,7,6,5,5,3,5,5,9,9,7,6,7,5,7,7,7,8,5,5,6,6,7,10,5,6,5,5,3,10,8,7,6,5,4,6,8,8,5,6,5,4,7,12,6,6,7,6,5,7,4,8,6,7,4,6,6,8,7,7,4,6,4,7,6,9,6,6,5,5,7,10,9,6,4,5,4,9,10,8,5,5,5,7,7,11,9,7,5,5,4,7,8,9,5,6,5,5,8,9,15,7,6,6,4,6,11,10,8,4,5,5,8,10,7,7,6,6,4,6,13,10,6,6,8,5,7,8,8,4,6,7,6,6,5,9,8,4,5,5,6,6,7,6,3,7,7,7,11,6,6,5,6,2,7,11,9,8,5,2,6,9,13,9,7,9,3,6,9,10,9,5,8,7,7,7,9,9,9,6,7,5,6,5,10,8,5,8,4,9,11,11,4,7,6,5,9,12,5,5,8,6,6,6,11,11,10,6,7,8,5,14,10,7,5,5,5,6,11,11,5,5,6,4,8,9,6,8,6,7,5,7,10,12,10,7,5,6,8,10,9,6,8,7,6,10,11,7,7,8,6,5,9,10,11,7,5,5,4,6,12,12,6,5,8,7,9,7,11,8,8,6,5,7,13,10,5,9,8,8,10,8,10,8,5,5,7,10,16,9,5,6,7,5,8,9,12,9,5,6,5,5,9,6,9,8,6,6,10,12,14,8,9,6,6,10,12,9,6,7,4,6,7,10,8,9,7,6,6,10,13,10,10,7,7,5,8,10
HOUSEHOLD_3_006_CA_2_validation,HOUSEHOLD_3_006,HOUSEHOLD_3,HOUSEHOLD,CA_2,CA,68,67,49,28,34,39,44,60,64,52,31,41,38,38,56,58,55,36,40,43,66,64,32,52,41,31,40,66,64,38,57,40,43,35,53,70,67,45,34,39,41,41,48,73,60,40,42,38,27,65,75,34,30,32,32,56,80,74,51,27,26,41,34,71,62,41,20,40,40,44,50,63,32,46,47,22,45,64,60,38,30,35,42,57,72,75,36,38,38,15,53,65,47,55,49,43,24,41,70,54,45,33,41,49,55,79,72,44,41,52,43,62,69,57,45,55,40,48,67,79,72,64,36,37,28,37,67,66,53,37,37,45,37,68,79,46,40,51,28,45,58,72,33,55,41,47,67,58,64,47,43,37,48,52,64,79,58,47,39,51,43,84,73,37,45,31,37,58,56,34,49,47,39,40,53,56,91,53,41,35,37,51,71,81,42,47,50,35,48,49,88,56,40,38,32,58,67,54,43,53,40,31,57,62,76,67,28,37,42,56,91,67,54,50,38,46,62,74,41,44,48,43,48,66,78,78,57,42,44,32,75,55,40,75,46,53,48,70,83,77,28,38,21,35,52,73,56,49,43,48,49,61,84,72,66,66,23,53,44,78,74,60,48,46,46,55,47,70,46,40,37,26,55,76,82,48,64,52,34,54,108,82,49,58,35,39,32,86,55,54,34,49,43,43,70,74,60,66,58,38,52,55,58,65,34,46,42,52,58,45,41,49,53,59,66,88,97,60,61,44,51,65,75,96,43,42,59,54,62,85,82,61,54,40,57,60,64,76,61,55,58,42,62,67,78,47,45,58,47,81,100,78,62,49,59,49,75,71,55,64,60,50,52,53,97
HOUSEHOLD_3_007_CA_2_validation,HOUSEHOLD_3_007,HOUSEHOLD_3,HOUSEHOLD,CA_2,CA,7,8,5,4,4,3,5,4,5,5,5,5,3,5,8,4,5,3,4,3,6,7,7,5,4,5,2,7,6,7,4,3,4,4,6,6,11,6,5,4,3,5,8,5,4,5,4,3,4,9,7,3,3,4,4,6,9,4,5,6,5,4,8,8,8,5,4,3,4,5,4,5,5,5,4,4,4,7,8,5,3,3,4,5,7,6,5,4,4,3,7,7,7,4,6,5,2,5,8,5,5,5,4,4,5,4,8,6,7,2,5,3,10,7,4,5,4,4,6,10,9,4,6,5,3,5,11,7,6,4,4,4,5,5,5,6,4,4,4,6,9,5,6,5,5,3,6,10,7,6,5,3,6,6,8,5,6,5,6,4,5,7,6,4,6,6,4,5,5,8,7,4,4,5,8,8,7,6,3,3,3,7,7,6,5,5,6,4,5,8,10,5,4,4,4,7,10,6,4,5,5,3,5,7,9,6,6,6,4,5,6,4,5,5,5,4,6,8,6,7,4,4,5,7,5,9,5,5,5,5,7,8,7,6,5,7,5,5,7,8,7,7,4,4,5,9,11,6,3,4,4,5,8,8,7,6,5,3,5,8,8,7,5,5,5,6,9,10,6,5,5,6,5,12,6,5,6,6,3,5,9,12,8,5,2,5,7,8,6,6,4,7,6,8,9,7,6,7,6,5,8,10,9,7,6,6,5,6,8,7,4,4,4,4,9,8,8,6,7,4,5,7,11,10,7,7,5,5,9,10,7,7,5,5,6,7,10,9,5,6,7,4,8,7,10,8,5,8,6,8,10,10,5,6,6,4,8,11,8,6,5,3,6,7,9
HOUSEHOLD_3_008_CA_2_validation,HOUSEHOLD_3_008,HOUSEHOLD_3,HOUSEHOLD,CA_2,CA,40,45,29,33,32,37,35,46,34,33,25,37,32,31,41,42,46,28,30,38,43,36,30,37,48,39,31,47,60,32,38,42,44,32,29,58,53,43,36,43,31,41,49,49,39,34,37,17,40,58,51,28,37,32,34,46,56,49,40,36,41,48,33,25,44,31,40,42,35,39,61,62,43,38,32,23,51,72,36,44,29,36,22,49,59,59,44,36,38,28,48,48,57,37,38,31,29,41,40,60,39,26,30,27,47,53,61,30,39,36,29,46,55,64,40,44,39,24,43,65,54,41,37,38,29,41,66,54,39,36,38,32,46,37,55,39,43,34,42,50,48,40,40,37,23,32,42,60,75,27,44,38,29,45,68,55,25,40,40,30,53,69,68,50,56,43,34,53,60,51,33,37,42,28,50,55,55,42,40,52,30,46,57,39,50,32,46,29,51,81,61,38,32,20,32,34,60,51,44,30,33,38,50,38,65,34,27,35,51,44,62,64,36,41,31,38,52,65,58,61,41,41,37,38,52,44,37,35,36,33,54,78,70,46,33,45,31,53,65,45,39,44,36,56,44,50,59,41,26,44,43,57,67,57,46,39,33,47,62,71,53,50,38,36,36,54,58,57,57,27,46,35,45,60,59,54,42,35,41,49,71,63,36,46,26,36,40,39,63,54,41,49,37,53,54,67,51,38,29,26,61,50,79,39,39,62,34,41,61,42,44,43,48,41,53,94,68,61,50,51,46,61,74,80,42,36,27,42,64,53,53,61,49,46,41,50,46,69,68,45,31,37,63,82,82,58,26,43,27,60,78,52,45,38,48,38,46,79,71,56,30,36,44,36,46
HOUSEHOLD_3_009_CA_2_validation,HOUSEHOLD_3_009,HOUSEHOLD_3,HOUSEHOLD,CA_2,CA,25,23,19,17,18,18,25,30,28,31,16,17,10,21,24,23,16,14,18,19,19,17,28,23,21,14,15,18,25,23,19,18,18,14,23,24,18,24,17,12,19,22,33,30,17,23,11,16,21,26,35,23,14,14,25,22,26,35,14,25,15,19,22,21,30,26,10,14,22,26,34,34,24,20,23,16,24,36,24,29,21,14,17,18,32,27,18,13,16,17,23,22,29,18,24,23,17,33,31,22,28,27,23,15,19,30,45,17,24,19,22,19,31,24,19,24,15,19,26,26,26,25,21,20,18,24,32,39,26,20,15,17,21,28,19,23,30,21,21,31,31,29,17,22,20,15,32,28,49,26,21,28,10,25,30,30,25,20,26,21,29,37,23,25,23,16,23,15,51,31,20,24,23,27,36,25,30,20,25,27,14,26,30,37,26,27,19,19,29,33,34,31,32,19,28,24,41,29,19,28,21,25,31,38,36,30,27,19,22,36,35,29,22,26,20,21,26,44,34,32,29,21,26,26,37,28,28,24,24,15,17,27,36,29,28,20,21,24,46,29,32,22,29,21,29,31,48,31,26,23,18,32,36,34,31,25,22,27,24,24,28,27,27,19,36,30,38,25,18,15,28,26,29,28,32,34,21,18,19,27,43,19,27,20,20,24,21,39,38,30,27,25,24,24,48,26,29,21,15,19,29,48,48,26,17,17,25,34,33,27,32,18,21,24,18,46,53,28,24,23,23,26,30,33,28,20,17,20,22,44,11,21,32,22,23,30,34,44,24,21,27,13,29,35,34,25,27,29,24,29,44,42,30,30,12,22,33,28,38,33,24,27,27,39,49
HOUSEHOLD_3_010_CA_2_validation,HOUSEHOLD_3_010,HOUSEHOLD_3,HOUSEHOLD,CA_2,CA,49,34,24,16,30,17,33,42,24,26,18,26,22,30,33,45,26,18,19,13,27,32,42,31,26,29,17,33,28,33,30,23,32,21,36,38,38,26,27,33,30,28,38,38,32,36,31,22,34,42,33,35,13,30,25,20,32,22,39,21,29,28,31,36,42,31,31,19,28,41,39,31,27,23,24,20,36,47,36,18,29,18,25,33,39,44,32,29,30,22,30,51,44,27,16,28,26,25,35,36,33,41,32,17,31,42,44,25,31,23,27,34,61,48,39,22,23,26,25,53,41,38,31,26,24,29,36,48,35,35,23,31,33,49,51,44,34,28,28,43,51,38,35,36,37,25,27,28,48,22,30,33,24,24,33,34,31,36,27,37,43,48,41,29,30,30,27,32,36,58,36,31,30,32,32,44,36,32,25,22,17,48,43,47,33,32,16,24,45,64,40,31,36,30,26,36,41,38,34,32,30,23,46,31,48,30,25,26,18,39,62,38,49,25,26,34,28,45,59,26,34,32,16,33,70,46,36,32,41,22,32,47,49,35,32,26,31,23,43,37,27,20,30,30,41,57,55,20,35,30,28,37,43,50,28,38,26,16,39,37,34,40,37,29,16,43,46,58,49,22,45,19,34,60,39,29,21,22,23,45,67,39,33,25,21,20,29,49,40,33,35,30,22,47,30,39,48,34,19,19,37,46,54,44,29,30,23,38,40,47,32,37,37,37,40,57,43,30,24,33,17,47,48,45,42,21,30,39,38,38,45,47,28,21,27,29,28,56,45,36,37,27,52,46,48,31,24,27,43,54,61,44,34,45,32,35,37,50,57,32,36,27,33,35,72
FOODS_1_001_TX_1_validation,FOODS_1_001,FOODS_1,FOODS,TX_1,TX,9,6,5,6,6,4,2,8,7,5,5,4,5,5,10,10,4,4,5,3,6,10,9,8,5,4,4,6,8,7,5,5,3,4,6,4,9,3,6,3,4,7,12,8,3,6,5,5,7,4,8,5,7,6,3,8,9,5,6,6,4,6,4,7,6,8,5,4,5,7,10,7,6,5,7,6,8,10,9,4,6,5,6,8,10,5,6,5,5,4,6,10,7,6,4,4,5,5,11,10,6,9,7,4,8,9,7,5,7,4,5,5,7,8,7,2,5,4,9,14,8,4,6,5,7,9,11,7,7,6,6,3,9,9,8,5,5,6,3,8,7,5,9,5,4,6,10,6,7,5,7,7,4,9,8,9,5,6,5,5,8,7,7,7,7,5,6,8,11,7,5,5,8,6,8,10,6,9,6,6,3,9,9,6,5,4,4,5,7,10,12,6,3,5,7,7,13,10,4,6,6,7,10,11,10,8,6,4,5,8,7,11,8,4,7,5,6,12,9,10,5,4,5,9,8,7,7,4,6,5,8,7,12,7,7,7,4,9,7,7,10,8,8,5,8,11,9,6,5,6,4,6,11,9,8,6,5,6,6,9,8,7,9,4,7,9,13,16,9,8,4,4,8,7,11,4,8,6,6,7,6,12,9,6,7,5,8,12,11,9,7,6,5,7,12,7,9,6,5,4,9,10,13,5,6,6,5,8,11,11,10,5,7,5,9,11,8,6,7,6,6,9,12,9,6,5,6,4,8,13,9,7,10,8,5,9,11,10,10,7,7,7,10,13,11,5,6,7,6,10,15,8,9,6,8,6,12,11,9,8,7,8,7,13,11
FOODS_1_002_TX_1_validation,FOODS_1_002,FOODS_1,FOODS,TX_1,TX,63,66,51,42,39,27,37,69,50,39,44,55,34,72,64,67,55,50,42,35,60,71,55,60,46,34,31,72,59,70,50,48,55,45,61,64,53,70,42,39,40,54,88,69,35,37,40,46,36,74,71,56,42,49,32,63,67,63,48,49,32,45,63,64,63,40,33,43,40,50,51,69,45,37,52,31,60,48,45,54,41,32,47,58,40,77,39,29,35,39,56,47,46,42,38,49,36,63,86,73,19,42,41,40,32,60,48,41,43,36,33,53,64,69,46,31,34,38,51,51,76,54,40,42,32,66,102,58,64,38,39,53,55,82,64,33,69,42,43,49,84,77,36,48,52,52,65,84,61,39,44,33,36,49,60,76,42,65,54,52,50,77,54,55,31,55,37,62,82,62,45,47,53,41,66,87,67,52,50,56,40,73,80,60,54,38,33,48,69,76,71,48,51,65,52,59,74,66,39,44,53,35,57,60,83,41,55,56,41,52,85,95,70,49,39,42,40,69,79,51,44,47,42,71,57,80,55,55,34,53,68,105,61,50,32,40,58,66,68,76,56,31,31,55,72,56,72,49,62,53,35,64,79,74,51,52,40,35,47,64,81,63,67,47,53,64,86,88,65,53,43,49,81,84,70,68,38,46,37,63,102,86,36,46,35,57,57,84,78,61,22,54,42,76,86,87,50,41,59,53,68,87,84,44,65,49,46,60,42,87,48,55,42,44,61,70,75,54,43,63,40,74,96,93,54,52,50,53,63,93,75,74,55,50,52,89,75,96,51,55,44,45,58,98,72,68,49,52,64,58,74,76,61,62,53,52,52,92,86,70,52,53,57,54,56
FOODS_1_003_TX_1_validation,FOODS_1_003,FOODS_1,FOODS,TX_1,TX,36,41,21,23,15,16,24,27,37,26,18,10,15,32,31,36,31,23,24,16,31,31,25,33,21,17,20,20,24,29,16,19,14,22,34,24,44,27,22,14,12,26,32,29,24,18,19,19,40,18,33,24,21,22,27,28,23,33,23,19,21,19,25,33,24,28,21,21,16,20,31,31,22,22,11,27,23,26,39,19,23,16,18,25,29,38,32,19,21,14,28,40,33,22,21,19,19,24,36,24,11,27,21,20,23,32,26,31,20,14,23,34,34,43,27,22,21,22,34,39,35,26,26,19,14,29,28,23,34,7,24,16,24,39,49,29,18,22,19,16,37,29,30,22,29,22,30,51,36,35,18,13,22,36,28,31,17,23,22,23,26,35,39,27,26,26,24,41,40,38,25,24,17,18,36,26,44,25,19,21,24,30,52,38,30,27,23,20,30,40,35,34,30,17,26,30,36,40,29,20,27,21,35,38,41,32,30,20,30,29,29,37,26,22,23,25,32,49,35,30,26,32,17,27,55,35,19,35,19,23,37,46,30,41,28,23,18,34,51,34,18,22,22,15,34,45,31,33,21,17,18,26,46,41,23,22,33,26,22,51,54,28,24,22,21,36,35,43,29,23,26,22,28,40,37,26,22,25,24,34,44,48,23,34,18,29,35,37,19,20,23,27,21,32,38,40,21,25,28,35,38,40,33,32,22,26,25,31,50,38,27,24,19,17,37,54,56,37,30,27,30,30,57,39,32,27,31,24,36,32,38,37,22,25,24,29,51,43,36,33,26,32,25,41,41,20,35,21,25,39,63,26,34,26,29,29,37,44,32,25,32,22,27,43,32
FOODS_1_004_TX_1_validation,FOODS_1_004,FOODS_1,FOODS,TX_1,TX,45,40,34,17,24,19,20,37,28,17,19,17,18,21,33,29,28,26,23,20,27,30,28,30,15,22,19,32,26,34,28,14,17,21,32,39,38,21,16,23,16,24,45,36,24,21,25,22,22,23,48,20,27,30,22,26,27,25,29,31,21,19,34,33,37,27,22,23,30,34,47,29,33,28,16,24,27,27,37,31,26,23,21,46,30,43,28,21,23,16,27,39,25,31,20,17,17,45,24,40,24,23,27,25,27,29,42,31,24,26,21,26,40,41,30,28,20,30,29,39,27,28,29,28,30,35,43,34,25,31,29,18,37,46,29,32,21,12,22,34,40,60,31,27,27,21,38,44,41,26,18,22,25,30,44,37,32,21,26,21,22,40,51,21,27,29,35,30,37,30,37,22,23,15,39,52,46,20,30,17,24,35,45,44,30,16,29,25,27,29,52,38,31,22,12,39,46,37,38,32,27,25,34,49,33,33,23,33,27,29,44,33,40,37,30,33,35,51,51,31,28,32,28,29,25,39,18,23,22,22,40,54,45,36,32,13,25,22,49,24,31,32,21,30,39,48,47,30,30,27,25,30,34,39,30,25,32,20,34,56,50,40,26,32,20,34,44,37,30,26,22,30,35,48,44,33,30,26,34,42,46,39,32,32,36,19,41,57,30,32,23,30,24,36,43,50,35,31,29,30,35,63,33,22,19,16,30,41,59,34,39,31,29,30,31,72,56,30,24,28,28,45,36,47,23,33,28,38,26,61,29,25,20,30,21,27,50,49,35,30,40,28,44,50,35,38,27,29,29,23,33,53,30,27,30,26,42,48,47,30,33,36,25,46,49
FOODS_1_005_TX_1_validation,FOODS_1_005,FOODS_1,FOODS,TX_1,TX,29,35,23,14,20,17,31,37,37,21,17,19,21,20,34,32,29,16,21,16,21,45,33,30,18,26,17,30,26,24,23,27,25,19,24,35,24,24,21,20,20,30,17,26,20,20,20,21,28,41,29,20,21,20,19,25,41,37,29,17,23,25,32,30,29,16,27,16,17,30,35,34,21,16,21,16,30,28,31,33,23,17,21,26,29,32,31,25,20,15,31,38,22,17,29,22,14,34,43,28,20,23,22,19,21,33,30,17,27,17,25,28,31,35,24,29,31,22,27,47,32,23,28,25,18,30,33,37,28,17,22,14,20,32,29,17,17,15,17,31,47,41,28,25,21,20,37,41,35,17,27,25,18,30,36,30,28,18,31,23,28,44,40,22,21,12,16,33,38,31,28,21,16,17,43,36,34,29,29,22,26,28,37,31,31,17,24,24,36,42,29,30,28,26,20,29,46,35,22,22,30,16,38,38,26,32,21,24,14,38,36,31,28,29,22,26,30,39,30,33,28,26,27,24,39,44,28,26,24,24,19,40,39,30,33,21,30,29,29,48,34,26,21,21,33,51,27,27,24,22,20,41,33,38,22,30,22,12,38,36,47,35,25,26,23,23,52,35,29,26,23,26,31,36,34,39,26,33,19,28,37,37,25,25,26,28,23,49,44,23,22,27,20,41,41,29,23,18,24,23,36,52,39,37,23,18,27,37,44,44,16,24,31,22,37,64,47,28,17,29,14,28,36,38,32,22,31,31,31,51,34,24,33,27,26,46,48,59,31,36,25,18,39,42,56,34,33,18,28,33,36,51,23,29,23,26,32,42,41,25,33,30,20,44,50
FOODS_1_006_TX_1_validation,FOODS_1_006,FOODS_1,FOODS,TX_1,TX,14,13,9,9,10,8,11,16,15,10,6,6,9,10,12,14,10,8,9,6,7,18,10,7,8,8,7,10,10,15,7,9,9,9,11,11,12,8,6,9,7,11,14,10,7,8,6,10,14,16,14,10,7,10,10,10,14,11,9,7,8,9,12,15,7,10,10,9,10,11,16,11,11,11,7,6,10,12,15,9,11,6,7,10,16,8,10,9,9,8,9,8,12,8,7,7,10,9,9,12,10,9,8,8,12,12,17,10,11,9,6,7,18,11,10,8,12,8,8,14,17,9,6,10,7,8,12,15,12,10,7,10,14,17,11,9,10,10,7,16,15,17,8,10,7,9,13,17,12,7,10,8,8,10,15,14,13,6,7,10,7,13,22,10,11,6,10,11,17,16,10,11,7,9,14,14,12,10,12,11,10,16,16,15,7,8,11,11,9,16,22,11,13,10,10,10,11,17,12,10,7,8,11,15,16,13,11,10,9,12,14,15,13,10,8,7,10,13,24,10,10,10,12,14,18,16,12,11,9,8,13,15,16,9,7,7,9,9,24,22,14,10,9,10,15,18,11,11,12,5,7,15,16,15,15,11,9,9,13,14,15,9,10,9,10,18,18,16,13,9,12,10,13,19,17,13,13,9,12,9,20,17,10,13,6,13,20,17,13,11,13,10,4,15,21,18,14,15,10,13,13,22,16,18,13,10,7,14,15,18,14,14,12,10,18,23,13,17,14,9,6,18,19,15,14,14,6,10,14,24,20,15,10,12,9,14,20,17,14,15,10,8,12,14,23,15,14,13,10,19,16,24,13,16,9,9,10,22,18,19,11,14,11,14,17
FOODS_1_007_TX_1_validation,FOODS_1_007,FOODS_1,FOODS,TX_1,TX,54,49,47,38,35,21,54,56,56,36,31,46,21,36,77,62,39,48,39,35,49,65,61,61,37,35,25,46,82,67,38,39,27,27,49,54,44,47,38,25,20,42,41,35,53,38,35,33,37,66,55,37,34,28,32,46,56,58,43,41,44,39,58,51,52,50,45,32,40,40,68,58,32,37,55,37,72,45,67,22,40,43,42,42,76,52,44,37,30,48,50,78,72,37,51,43,29,55,51,79,53,41,49,25,43,61,87,36,27,28,44,45,63,70,45,43,44,34,49,68,71,39,16,45,44,54,69,54,52,49,40,56,35,68,47,56,29,29,33,55,59,55,46,41,52,43,49,95,68,38,45,45,33,42,69,58,62,50,36,42,67,49,50,48,44,41,36,50,73,78,44,65,58,49,60,96,60,41,39,33,40,57,72,64,51,60,47,47,56,47,41,70,40,37,42,61,79,88,65,37,51,37,54,55,43,50,36,51,38,59,90,46,43,47,46,49,65,72,70,54,32,42,43,61,58,49,49,64,36,50,74,73,58,57,48,36,36,62,86,63,51,53,42,39,48,61,104,50,60,59,40,62,75,46,36,47,41,58,55,102,62,73,52,50,38,65,99,67,49,45,60,50,75,79,70,58,58,43,54,63,39,82,40,56,54,46,65,92,63,62,60,62,33,64,61,56,58,49,56,40,58,79,58,46,60,41,54,67,53,79,60,53,45,35,77,75,59,60,42,38,41,52,63,83,54,62,39,29,63,107,80,91,53,49,25,66,81,67,54,49,46,63,57,81,67,65,52,45,27,65,74,72,43,65,56,58,77,89,57,78,41,45,52,72,89
FOODS_1_008_TX_1_validation,FOODS_1_008,FOODS_1,FOODS,TX_1,TX,51,50,35,33,41,31,40,59,54,46,42,37,38,38,55,54,41,59,42,39,42,56,61,53,30,31,31,47,66,61,44,31,33,24,54,58,41,61,18,34,42,41,60,59,22,29,35,32,33,58,60,52,39,29,37,52,57,50,38,42,35,36,39,60,43,37,38,30,31,54,56,51,35,34,36,38,32,70,51,42,44,53,38,42,62,61,31,30,39,38,51,69,52,53,53,32,26,47,72,64,45,21,32,43,31,62,50,50,26,35,36,45,69,40,34,37,40,39,50,51,51,54,56,42,38,38,65,38,56,45,37,27,51,44,55,49,35,38,53,32,53,56,40,44,43,36,51,41,65,47,35,51,36,53,64,40,36,39,47,33,53,70,50,37,36,33,29,60,73,47,48,39,38,37,36,39,61,43,40,34,37,34,66,30,40,38,25,47,51,56,85,49,45,38,33,54,28,38,33,22,44,32,64,63,50,45,51,37,47,63,57,54,41,31,27,33,25,50,67,33,53,44,52,73,76,53,30,29,56,26,49,82,50,60,42,42,35,42,76,69,54,51,36,42,62,72,56,51,25,44,29,53,61,63,32,49,48,30,38,55,72,47,41,40,33,57,89,51,55,43,41,50,64,68,76,31,24,35,31,51,85,61,58,52,26,45,67,87,63,50,46,41,31,46,79,63,51,55,43,30,80,66,61,53,44,42,35,67,87,91,71,27,48,30,71,76,56,39,40,36,52,57,57,72,55,45,55,46,63,45,63,59,50,45,47,63,85,73,60,54,44,42,59,56,48,59,53,45,46,67,82,78,40,64,49,51,66,60,60,48,60,37,32,65,103
FOODS_1_009_TX_1_validation,FOODS_1_009,FOODS_1,FOODS,TX_1,TX,69,38,52,50,25,33,47,37,50,52,30,48,35,38,58,38,45,36,32,23,45,61,39,51,39,29,33,54,75,72,57,27,30,24,56,57,69,30,33,30,42,53,35,50,51,47,39,35,38,73,42,29,40,33,39,52,81,60,52,32,42,32,43,50,74,43,33,42,31,40,97,43,60,33,42,34,55,44,40,51,25,28,34,36,47,53,25,28,48,42,71,70,73,41,38,41,22,54,55,53,54,28,38,39,44,63,59,53,39,28,32,46,53,61,46,41,31,37,63,68,72,46,36,45,26,45,62,67,58,48,45,43,61,50,87,56,40,42,27,48,60,55,54,43,30,28,31,77,58,54,69,32,40,67,59,57,52,64,45,31,44,60,39,46,43,40,27,56,53,59,40,53,35,48,54,73,63,40,46,37,41,59,93,68,57,49,39,44,52,62,49,55,38,46,39,50,56,80,45,58,34,51,55,80,47,36,46,33,50,58,60,52,46,39,46,39,67,78,53,45,37,35,25,65,88,52,39,50,35,50,47,40,63,44,46,40,45,60,75,68,50,32,46,46,60,68,74,53,52,42,29,54,58,60,52,55,49,42,70,72,69,47,36,48,28,46,75,56,52,48,39,42,57,56,75,31,64,49,50,65,72,57,52,55,37,43,37,61,56,70,34,48,55,70,96,92,53,52,46,46,63,100,73,43,53,52,35,48,89,62,49,43,47,52,67,68,88,63,58,54,38,48,70,84,41,36,29,32,50,78,54,61,49,27,43,61,106,74,35,51,48,49,92,68,62,60,67,53,41,72,105,60,44,50,50,56,55,84,94,58,46,52,41,65,75
FOODS_1_010_TX_1_validation,FOODS_1_010,FOODS_1,FOODS,TX_1,TX,57,59,29,36,42,25,48,51,50,56,25,41,30,41,46,63,41,36,37,33,28,54,65,30,30,33,29,47,47,51,42,44,46,32,65,58,65,60,40,26,35,42,57,79,33,41,30,33,55,65,54,38,42,50,29,67,76,73,47,49,30,30,56,66,56,22,36,29,39,47,55,89,54,49,55,41,42,52,70,26,40,21,37,58,67,70,63,39,60,38,59,56,78,55,53,39,27,55,42,55,47,61,41,38,50,47,61,47,33,30,33,51,59,47,49,46,40,33,57,63,46,56,45,39,25,44,92,42,44,42,42,26,54,44,63,41,35,47,36,57,73,78,36,51,40,35,40,75,51,53,60,49,49,45,78,48,46,58,36,47,64,82,47,53,42,50,26,57,71,38,40,28,35,43,56,71,50,60,44,42,47,43,72,70,44,50,46,39,53,77,75,50,55,48,25,39,86,62,51,55,42,40,45,75,73,44,37,65,39,48,81,65,39,50,35,53,61,67,67,60,47,62,50,62,58,64,56,38,55,33,49,64,77,43,29,53,37,44,61,90,45,45,40,31,48,54,81,53,70,38,34,75,89,73,40,63,44,38,71,73,52,53,40,17,34,52,57,77,44,52,34,50,43,39,86,44,65,50,49,71,76,71,67,49,39,48,34,95,89,67,60,45,42,45,102,63,58,51,33,28,60,69,69,66,51,53,47,56,61,75,55,58,45,41,57,63,92,67,37,54,27,73,66,77,34,38,51,38,51,99,104,66,39,64,30,57,79,101,66,45,38,54,55,82,53,62,55,36,54,69,91,68,58,51,46,47,78,96,56,68,63,47,50,69,66
HOBBIES_2_001_TX_1_validation,HOBBIES_2_001,HOBBIES_2,HOBBIES,TX_1,TX,11,8,8,5,6,4,7,13,10,7,8,2,5,7,8,6,6,7,5,6,7,12,8,4,4,5,4,6,12,6,9,5,4,5,10,8,8,6,8,5,6,8,9,8,10,10,5,4,8,5,9,10,5,7,7,6,10,10,8,7,7,5,8,13,12,7,6,7,6,9,12,7,8,6,7,6,9,11,8,6,7,5,5,7,11,11,5,5,5,5,5,13,10,7,7,7,6,8,10,11,8,9,6,6,8,11,10,7,6,7,6,11,10,8,7,8,3,6,9,11,9,5,7,5,7,8,14,6,7,8,8,7,7,10,5,8,8,6,7,9,10,5,10,7,5,6,9,14,11,8,7,5,7,8,9,9,6,8,9,7,9,11,9,6,10,5,5,8,11,11,7,4,6,6,8,10,9,6,9,8,8,6,12,9,7,6,10,6,7,11,12,8,7,8,5,9,10,9,11,7,5,6,7,11,9,9,10,6,5,9,15,12,8,4,7,7,11,15,9,7,7,8,6,10,11,9,10,8,8,6,10,9,9,10,7,6,5,11,16,12,7,9,7,6,12,11,8,8,8,6,4,12,19,10,7,5,6,4,7,12,7,6,8,6,7,9,11,13,7,9,6,5,7,8,8,5,6,8,7,9,10,11,9,6,8,6,10,12,8,11,8,7,8,7,8,13,11,8,8,5,9,11,14,10,9,6,5,12,12,14,9,11,9,7,10,12,9,8,7,8,6,9,12,12,11,10,5,7,9,11,17,8,7,10,8,9,15,11,9,7,4,5,8,14,12,11,6,10,10,10,11,10,9,11,7,5,14,12,15,10,8,9,6,9,11
HOBBIES_2_002_TX_1_validation,HOBBIES_2_002,HOBBIES_2,HOBBIES,TX_1,TX,6,6,2,3,2,3,5,6,5,3,3,3,4,6,8,7,5,3,5,4,5,8,8,5,5,3,5,5,7,6,4,3,5,4,7,9,8,5,5,4,4,5,3,7,5,3,4,4,7,7,4,4,4,4,4,5,7,5,5,4,4,2,6,6,7,4,4,3,4,6,5,7,5,5,3,4,5,7,10,3,5,4,4,6,7,7,8,4,4,3,5,7,7,5,5,4,6,6,8,7,4,4,3,2,7,6,7,7,6,4,4,5,11,7,8,3,4,5,7,8,6,4,4,5,6,6,7,7,5,6,4,4,6,6,6,7,5,5,5,4,6,7,5,5,5,5,6,8,5,5,4,4,4,7,10,5,5,4,3,4,5,8,7,5,5,3,3,6,6,4,7,5,5,4,4,8,5,7,5,5,4,9,9,7,6,4,4,5,6,9,6,6,5,5,4,6,8,9,4,5,4,3,9,6,4,7,4,6,2,9,10,7,3,4,4,5,5,5,8,7,7,4,3,2,5,6,5,4,5,5,6,8,5,5,4,4,6,7,7,8,5,7,5,3,8,9,8,7,6,5,4,8,8,10,6,5,6,5,8,10,8,2,6,5,7,5,8,5,5,7,3,3,7,9,7,3,7,5,4,7,11,7,5,5,5,5,6,11,6,6,5,3,5,7,8,9,6,7,6,5,6,5,9,4,5,6,4,6,6,6,5,5,5,5,9,8,9,5,7,5,5,6,10,8,6,4,4,3,6,8,6,6,5,4,4,7,7,11,6,7,4,5,5,10,8,9,5,3,5,7,8,7,5,6,6,8,7,9,8,10,6,5,7,7,16
HOBBIES_2_003_TX_1_validation,HOBBIES_2_003,HOBBIES_2,HOBBIES,TX_1,TX,30,26,19,18,19,15,16,27,20,11,17,18,16,23,32,20,17,12,17,19,18,31,21,21,9,21,12,22,35,19,26,25,18,15,20,30,29,11,16,14,13,18,20,33,17,17,15,14,23,26,29,26,14,18,16,16,31,24,26,21,17,15,29,24,27,19,22,21,17,19,27,19,21,15,25,14,27,37,31,18,16,27,22,24,26,22,18,21,25,16,28,34,25,24,22,20,15,26,36,32,25,18,21,21,20,21,36,19,16,18,15,14,34,32,16,18,14,14,20,32,38,19,22,21,9,16,42,25,23,20,10,14,27,24,25,16,16,16,10,29,21,27,18,23,13,14,17,15,31,21,20,21,17,21,32,25,26,18,18,19,35,24,21,21,16,21,18,18,35,39,18,21,10,16,26,30,29,18,25,17,13,24,37,32,20,27,18,11,27,30,28,26,19,18,13,22,33,26,15,23,22,20,20,31,31,25,23,13,24,19,21,12,26,26,17,11,29,23,33,18,19,20,19,26,42,40,31,20,20,23,22,29,30,23,19,16,21,23,33,30,26,23,19,17,25,25,25,26,22,16,18,17,34,28,33,23,16,15,29,39,42,29,23,26,19,26,25,40,24,21,17,24,31,27,34,28,16,23,21,30,47,50,30,23,23,21,39,35,29,27,31,16,16,23,26,25,29,23,15,22,29,41,28,18,25,24,15,28,30,38,28,27,17,17,25,31,34,19,29,28,24,30,34,33,21,23,22,16,36,34,26,24,20,17,26,27,42,35,27,22,19,25,31,34,39,33,24,28,18,23,33,33,33,21,23,25,30,32,24,32,18,20,20,35,43
HOBBIES_2_004_TX_1_validation,HOBBIES_2_004,HOBBIES_2,HOBBIES,TX_1,TX,61,55,37,53,45,28,53,49,47,39,34,25,44,49,80,54,30,47,39,33,59,44,68,50,41,26,41,55,65,56,34,30,31,24,33,56,42,42,40,26,41,59,35,74,49,41,49,36,41,44,57,44,26,35,47,54,46,62,51,49,43,44,57,60,63,43,44,44,36,53,58,56,45,36,49,41,58,72,62,35,51,55,42,43,73,50,42,21,50,39,57,76,66,56,53,39,25,43,74,48,46,63,48,22,76,84,70,48,31,37,23,62,69,52,57,46,54,35,67,70,52,53,44,44,31,28,61,70,53,39,43,35,52,85,46,67,45,58,53,29,71,51,47,48,53,30,81,61,46,60,45,60,31,56,87,53,62,48,33,49,52,86,55,35,41,41,41,61,97,63,68,54,42,42,59,85,81,36,54,46,43,54,81,77,52,55,37,40,60,67,62,41,50,60,46,54,90,66,59,51,30,42,81,64,88,62,42,45,33,68,59,74,72,41,48,30,59,59,72,47,38,44,20,46,110,66,48,51,55,57,58,72,75,54,47,51,48,60,112,97,60,60,40,44,68,97,56,47,50,60,44,74,74,81,43,42,44,33,45,70,50,53,52,38,40,55,100,73,79,45,42,53,29,88,69,56,46,52,27,51,107,72,42,50,53,45,59,68,53,34,41,59,40,59,54,72,51,46,41,39,58,77,39,37,45,56,32,68,104,69,51,56,48,39,65,68,93,54,55,64,43,53,70,73,55,49,51,46,57,80,64,51,27,40,53,71,92,81,51,38,45,17,77,84,87,51,35,51,47,62,85,68,60,57,66,53,48,75,62,74,47,47,45,69,62
HOBBIES_2_005_TX_1_validation,HOBBIES_2_005,HOBBIES_2,HOBBIES,TX_1,TX,84,44,28,53,37,34,51,67,60,31,27,32,31,45,65,54,38,43,43,30,35,65,53,52,32,29,31,54,58,57,40,49,42,25,59,71,72,40,33,38,37,62,72,61,44,41,36,41,35,64,72,35,57,30,33,61,83,64,49,56,28,24,31,54,52,50,50,47,44,41,70,52,52,42,47,55,51,51,41,38,51,44,39,56,76,42,57,46,28,40,39,74,63,38,46,47,34,61,63,73,47,53,33,31,45,69,61,51,33,35,49,57,77,60,51,39,26,47,56,58,64,44,57,47,30,40,72,66,54,43,36,43,61,87,74,41,47,40,32,35,101,57,48,47,43,19,53,95,62,67,45,40,41,56,71,58,36,50,44,54,55,49,70,51,42,48,45,42,65,81,41,44,45,31,55,70,62,35,46,38,50,61,61,62,53,43,30,44,63,84,80,43,54,34,45,49,79,47,58,40,49,45,62,74,52,68,46,43,54,48,73,71,50,50,40,42,60,95,92,55,59,39,62,56,74,77,63,46,27,48,48,87,81,56,57,41,55,61,73,87,47,28,34,56,63,79,84,58,46,42,33,47,79,69,60,48,36,46,63,77,74,77,38,38,29,62,47,75,55,44,51,47,81,88,71,30,59,56,56,33,82,82,69,56,48,36,60,85,85,38,54,34,47,48,56,100,41,44,48,26,72,68,59,67,37,53,46,63,79,76,31,42,40,56,65,81,103,34,66,49,39,57,73,98,61,59,42,47,75,100,55,68,51,53,41,84,86,67,53,62,57,47,59,98,68,52,80,54,46,59,79,96,69,46,47,35,69,17,53,60,25,74,39,72,105
HOBBIES_2_006_TX_1_validation,HOBBIES_2_006,HOBBIES_2,HOBBIES,TX_1,TX,67,78,46,39,31,35,46,51,65,48,42,36,44,33,43,63,58,43,40,29,29,52,68,32,35,27,30,63,58,72,41,54,43,34,50,47,55,61,46,23,36,54,77,57,46,52,38,32,61,79,35,50,34,44,46,59,77,54,44,49,42,26,63,48,67,51,54,39,23,55,73,77,44,50,49,33,57,48,71,51,33,38,48,56,60,54,59,40,44,36,30,61,80,71,38,45,59,68,53,62,53,57,32,46,63,66,94,41,49,45,43,69,52,68,71,53,37,34,62,65,65,43,65,46,41,38,60,66,51,62,45,50,59,85,45,39,55,57,27,57,51,59,32,46,43,40,54,83,92,40,39,46,40,54,54,62,48,49,37,50,43,98,58,68,40,53,39,60,84,65,33,42,41,58,58,78,68,56,36,39,49,57,74,70,61,42,47,24,40,72,55,65,38,45,50,66,68,65,60,57,60,51,69,82,73,51,54,44,50,70,85,63,54,61,31,46,70,85,102,37,38,49,53,62,99,64,53,58,44,53,70,72,78,51,41,44,43,63,77,48,68,33,50,38,64,76,79,63,62,56,46,75,72,100,50,47,31,40,60,76,100,64,62,49,39,91,79,85,47,40,64,50,61,78,60,52,57,50,54,29,85,88,32,42,35,59,66,85,94,57,46,52,51,50,109,48,63,71,51,28,85,75,90,64,53,30,51,75,57,104,55,73,58,48,67,101,102,48,48,68,40,67,73,90,30,62,63,55,56,24,68,69,54,61,46,63,113,68,69,64,77,65,75,98,100,53,75,52,56,73,73,74,52,58,36,40,62,84,104,74,54,72,53,78,54
HOBBIES_2_007_TX_1_validation,HOBBIES_2_007,HOBBIES_2,HOBBIES,TX_1,TX,17,17,11,8,10,10,7,15,13,13,10,10,8,12,18,14,11,6,9,5,11,15,16,9,10,12,7,8,16,11,9,12,13,7,10,14,13,15,9,8,12,14,19,12,10,8,11,11,11,14,14,7,9,11,7,13,12,14,10,7,11,10,10,15,15,7,7,12,7,16,12,17,11,10,13,7,14,18,25,9,9,11,9,11,19,14,9,12,10,8,12,13,17,11,9,7,10,11,10,11,11,10,9,8,9,14,19,14,12,11,11,10,17,12,9,11,12,9,17,17,13,9,13,10,11,6,18,14,8,11,12,14,14,14,13,14,9,11,10,14,12,15,8,9,12,12,14,15,21,11,8,12,11,12,18,17,13,12,9,11,14,16,15,12,8,9,10,10,15,24,9,10,9,10,11,17,14,15,11,8,12,11,12,16,17,7,8,12,12,20,14,13,15,8,12,16,12,19,13,12,11,9,14,19,19,9,15,8,12,14,13,19,10,14,9,7,19,19,20,11,7,15,10,16,21,16,14,16,11,12,8,23,12,16,13,11,10,14,15,16,19,15,9,11,15,18,14,14,14,9,15,19,21,13,14,13,12,14,14,27,19,13,18,13,10,15,21,17,14,10,7,11,15,21,16,10,10,14,9,14,18,16,12,10,15,12,19,25,9,15,11,14,9,12,14,17,16,13,9,16,17,23,23,9,10,14,9,14,19,13,13,15,14,14,19,21,20,15,11,9,10,14,17,20,15,13,13,14,16,24,20,17,17,13,11,16,18,17,17,10,16,11,25,17,20,13,11,15,9,14,23,22,10,14,12,9,13,12,26,17,9,14,10,19,18
HOBBIES_2_008_TX_1_validation,HOBBIES_2_008,HOBBIES_2,HOBBIES,TX_1,TX,23,26,13,22,14,13,27,22,22,12,16,15,13,20,21,30,18,13,11,14,23,27,33,25,12,11,12,23,27,28,14,10,13,16,21,32,20,22,14,18,17,27,19,31,20,17,15,14,20,17,25,19,14,16,18,18,20,21,11,23,13,19,15,23,25,21,17,11,15,26,28,36,19,20,18,13,21,33,23,20,15,19,15,25,34,28,18,17,9,17,26,20,24,18,19,17,12,28,18,22,14,19,18,15,16,22,30,19,16,14,15,24,26,28,13,22,16,12,24,29,20,19,16,12,14,17,21,28,21,17,9,16,25,35,31,15,15,16,16,22,35,27,25,15,16,15,22,21,37,21,14,13,16,25,34,27,23,20,17,15,23,28,27,22,24,14,17,24,27,33,19,21,22,18,22,32,25,18,20,20,17,25,43,34,18,19,19,14,26,25,31,29,18,19,18,19,25,30,22,18,21,18,34,24,25,27,26,15,16,23,39,27,21,18,18,18,33,39,22,21,19,17,21,30,27,28,26,24,16,19,20,37,24,22,18,15,15,22,38,26,22,17,22,21,28,29,25,18,23,17,21,20,30,26,19,13,14,22,20,35,29,21,18,19,20,18,31,31,26,24,18,13,27,31,36,23,25,17,22,26,34,19,28,20,21,17,31,33,31,31,10,18,18,21,34,22,17,22,16,20,22,27,24,18,19,16,18,16,27,38,17,18,25,18,17,37,38,23,18,13,17,19,33,36,19,24,13,18,15,34,38,21,22,18,20,30,33,27,25,29,21,14,36,28,26,29,19,22,21,29,43,29,24,17,23,20,33,36,42,23,23,21,16,16,35
HOBBIES_2_009_TX_1_validation,HOBBIES_2_009,HOBBIES_2,HOBBIES,TX_1,TX,17,16,13,11,11,11,8,16,16,13,10,10,8,8,20,12,11,9,13,9,12,19,22,13,10,11,6,13,24,16,12,11,9,10,15,16,8,13,15,9,7,15,23,17,16,13,12,9,14,17,16,11,11,7,11,11,16,17,10,6,9,7,16,13,21,12,11,6,10,13,13,16,11,11,11,9,14,17,18,11,9,9,13,17,22,21,11,12,11,11,13,18,17,14,13,11,10,15,24,11,10,13,11,11,16,19,15,14,12,10,12,16,19,23,16,14,17,10,13,22,16,13,9,12,7,14,18,16,8,7,9,12,15,18,14,14,7,6,10,13,23,18,18,10,12,10,19,18,20,10,11,11,13,8,18,16,8,11,8,5,14,18,17,14,10,16,11,19,13,15,15,12,9,7,17,22,19,12,9,11,8,13,24,11,16,16,14,12,14,17,10,14,11,10,11,15,17,24,16,15,11,12,13,22,18,11,12,11,16,17,26,23,14,11,8,9,18,19,20,8,14,15,7,17,26,25,13,15,16,12,20,20,20,12,12,13,10,15,23,27,8,18,12,14,20,27,16,14,13,11,15,16,14,17,10,12,14,10,15,19,20,16,15,18,12,19,14,18,14,10,11,11,15,32,21,21,17,11,12,15,20,16,14,14,13,12,16,25,19,19,8,14,13,14,20,22,18,9,14,11,21,13,30,12,18,13,10,18,26,14,17,14,14,12,15,17,23,17,16,14,15,22,13,10,21,10,10,12,11,20,16,15,15,12,11,18,27,27,15,19,16,9,13,19,27,14,9,13,7,14,20,21,19,16,10,12,18,21,20,10,11,12,4,20,16
HOBBIES_2_010_TX_1_validation,HOBBIES_2_010,HOBBIES_2,HOBBIES,TX_1,TX,44,40,33,23,25,24,22,38,32,19,26,28,22,15,36,30,38,23,16,22,35,40,31,26,29,24,32,32,27,35,25,17,25,21,32,55,36,34,25,26,23,33,39,48,32,26,29,24,39,31,54,30,20,28,29,25,37,46,32,24,23,17,26,27,36,33,25,31,20,23,51,41,37,25,33,18,31,45,35,31,34,27,23,41,46,39,29,25,30,28,42,46,35,32,24,26,31,41,50,39,36,24,18,26,31,58,53,26,31,15,26,36,34,41,25,32,27,32,23,36,36,34,29,29,21,21,37,52,27,29,27,26,25,51,40,46,26,32,23,48,51,30,40,33,24,17,43,60,51,37,32,33,24,22,52,45,23,16,28,25,34,50,35,37,33,12,25,37,52,47,21,30,26,31,27,46,50,37,28,34,22,41,54,31,41,20,30,24,43,49,58,40,30,35,26,28,42,42,12,38,28,32,38,32,44,32,26,26,27,18,50,49,37,28,40,29,34,35,32,36,35,29,27,35,52,37,34,31,32,23,30,48,46,34,14,31,41,45,29,41,33,29,22,22,45,56,44,41,27,27,25,26,46,60,45,32,28,38,36,44,54,23,31,29,31,34,47,46,33,30,35,31,43,33,50,29,44,30,27,51,62,44,27,20,24,30,38,40,43,48,39,41,24,46,57,60,36,27,25,29,40,53,34,45,23,39,27,55,33,58,29,25,41,33,28,53,61,40,33,38,31,27,52,52,38,30,34,30,24,38,51,42,28,36,32,39,56,52,44,39,25,25,53,61,55,43,41,32,27,46,52,64,49,40,23,23,30,55,58,35,29,33,25,44,50
HOUSEHOLD_3_001_TX_1_validation,HOUSEHOLD_3_001,HOUSEHOLD_3,HOUSEHOLD,TX_1,TX,23,22,17,14,15,11,25,23,26,15,14,17,15,18,15,20,16,13,10,16,18,33,21,18,13,19,13,18,19,24,16,12,14,16,25,25,20,19,15,15,14,21,27,22,30,18,8,13,19,28,31,15,19,15,15,24,16,25,23,12,15,16,12,26,22,23,13,15,12,19,21,21,14,14,13,13,19,10,24,22,19,12,17,16,27,12,20,16,16,14,27,30,27,20,23,15,10,27,23,26,20,14,11,18,25,29,26,13,15,19,12,21,28,27,15,16,18,20,20,28,19,18,15,22,17,21,16,26,20,16,16,20,25,22,34,16,22,14,15,12,29,15,20,15,15,16,24,34,19,18,17,18,17,17,34,27,26,18,10,13,20,22,21,27,13,15,16,16,26,13,17,13,15,15,27,24,37,20,14,17,20,17,39,28,15,16,15,19,16,37,32,26,18,21,15,26,28,35,21,15,22,17,20,25,21,14,16,18,15,5,19,31,20,12,16,16,27,24,30,20,17,20,13,27,22,23,19,18,8,17,14,30,28,25,13,18,16,20,23,27,26,18,22,20,13,24,24,26,19,22,16,29,32,27,26,17,25,12,21,30,23,23,18,19,14,18,29,32,29,12,17,18,25,22,24,21,30,21,18,11,22,21,23,19,16,18,16,25,28,30,23,20,16,24,38,39,20,21,22,19,17,26,33,19,27,17,13,29,28,27,26,16,19,13,24,21,24,26,25,15,14,25,26,34,16,17,26,19,27,30,20,29,21,22,17,24,29,30,20,16,18,20,30,23,34,19,16,15,27,28,24,26,16,15,14,14,29,39,24,21,24,19,19,22,42
HOUSEHOLD_3_002_TX_1_validation,HOUSEHOLD_3_002,HOUSEHOLD_3,HOUSEHOLD,TX_1,TX,43,34,18,19,26,19,26,39,27,23,24,24,9,21,26,29,19,23,20,22,30,37,28,24,19,14,22,25,23,34,22,12,14,16,27,38,35,26,21,27,21,27,37,28,23,12,18,26,27,34,37,25,18,20,14,27,28,37,21,18,20,20,20,30,32,31,10,23,18,24,29,29,27,19,27,22,28,33,39,31,17,18,22,32,32,27,25,29,21,14,28,40,31,31,26,21,20,17,43,30,23,20,23,15,22,35,28,27,20,28,23,31,31,49,23,19,24,21,23,51,40,25,34,25,20,41,41,37,23,23,20,26,19,46,27,25,22,19,23,28,31,35,22,21,15,19,31,37,46,40,21,18,25,31,45,37,25,23,24,20,36,27,43,16,24,21,14,17,29,35,23,19,29,16,33,31,27,23,27,16,22,24,32,38,39,20,26,20,27,46,29,21,26,30,25,21,33,42,36,25,20,29,29,34,30,21,39,30,19,41,43,39,23,22,23,13,27,39,45,24,29,14,27,25,40,39,29,24,18,18,37,34,36,19,29,17,26,24,47,37,25,33,23,21,37,28,18,35,21,28,23,24,45,34,22,20,16,24,25,40,36,23,18,37,23,43,50,35,30,27,33,27,26,43,44,22,29,31,19,27,50,35,23,31,27,24,39,51,37,41,35,15,18,17,38,29,24,32,16,24,33,41,39,16,22,33,18,44,30,27,24,33,22,25,33,41,49,34,21,24,32,35,29,28,35,31,21,28,44,55,52,34,26,23,24,27,39,50,20,19,30,22,20,42,38,28,31,19,24,32,43,26,27,28,29,34,39,47,50,29,36,32,22,47,47
HOUSEHOLD_3_003_TX_1_validation,HOUSEHOLD_3_003,HOUSEHOLD_3,HOUSEHOLD,TX_1,TX,46,30,18,26,26,14,28,29,25,19,22,25,19,28,30,30,20,14,18,23,13,41,33,23,19,22,25,28,33,49,25,14,22,17,25,43,37,16,14,21,23,15,41,48,31,18,24,21,37,43,26,28,18,25,19,27,36,29,25,24,20,21,23,26,32,30,27,25,24,29,32,31,25,20,24,18,17,43,37,16,20,21,20,40,29,26,32,22,27,19,35,34,33,20,31,18,15,38,41,45,22,26,28,16,31,33,31,22,25,21,17,37,37,23,23,16,19,22,33,43,30,24,26,26,20,33,33,20,31,27,22,22,36,38,14,16,31,25,26,39,49,25,26,20,24,16,30,25,33,35,21,20,22,31,41,30,24,25,28,19,29,23,33,29,29,20,23,32,25,27,30,25,24,18,22,43,37,17,24,32,25,25,41,35,37,19,30,17,33,45,45,32,17,24,25,38,31,30,20,25,25,24,30,39,36,27,16,19,25,29,36,47,35,22,32,22,37,40,33,33,21,24,23,29,29,42,34,27,21,33,30,39,15,22,32,41,29,25,45,35,27,19,27,17,17,38,18,25,30,31,27,31,37,31,39,20,26,26,20,21,43,21,28,21,25,36,51,43,31,36,20,24,39,20,51,29,29,23,26,35,33,36,33,35,24,18,36,40,46,26,20,34,22,27,37,51,45,23,25,26,21,39,55,29,35,26,14,41,40,52,32,28,29,27,22,53,40,31,30,31,30,39,28,40,25,29,25,35,25,44,42,28,28,38,27,45,40,48,26,23,17,20,35,59,40,33,35,25,20,29,55,43,33,24,35,35,37,53,36,40,32,20,28,39,47
HOUSEHOLD_3_004_TX_1_validation,HOUSEHOLD_3_004,HOUSEHOLD_3,HOUSEHOLD,TX_1,TX,18,8,10,8,11,9,5,19,19,16,11,11,7,8,21,17,15,10,15,10,11,16,10,9,10,13,9,16,16,12,13,9,9,13,15,14,18,10,7,12,10,13,11,15,13,8,10,13,14,19,14,9,10,13,9,13,15,12,16,10,9,10,12,18,14,13,11,14,14,16,17,19,14,10,7,6,13,16,14,10,9,12,4,15,17,21,13,7,6,8,15,12,17,14,10,9,5,18,25,21,12,11,12,10,5,21,21,16,13,13,7,14,16,22,13,11,9,8,11,21,19,14,14,9,6,16,18,20,14,12,11,13,14,21,18,9,9,11,9,12,23,12,13,10,15,16,14,22,22,16,14,7,13,16,18,17,14,11,10,8,16,18,15,14,12,13,11,17,18,17,14,13,14,13,15,14,20,15,13,13,10,10,16,7,15,12,14,13,14,16,15,19,12,11,12,10,18,15,11,12,12,8,14,20,20,13,13,11,14,17,17,17,15,11,7,12,14,23,19,16,19,15,10,17,21,20,10,16,6,11,10,17,20,17,16,12,14,16,17,20,12,13,11,8,17,21,23,9,11,15,13,18,27,16,12,15,14,11,16,17,25,21,16,14,13,17,13,17,17,11,13,15,20,25,21,17,13,17,8,17,19,22,14,20,15,9,7,16,22,14,12,11,14,15,19,24,20,10,16,12,20,24,20,15,15,10,9,24,27,24,15,9,11,13,21,23,22,15,16,11,12,16,28,8,15,15,8,14,17,18,24,13,16,14,11,14,19,24,19,16,13,14,18,19,17,15,12,14,17,18,29,21,15,10,15,11,14,18,22,14,19,16,11,9,23
HOUSEHOLD_3_005_TX_1_validation,HOUSEHOLD_3_005,HOUSEHOLD_3,HOUSEHOLD,TX_1,TX,24,33,24,15,17,6,16,32,34,23,18,13,18,13,31,21,23,21,15,19,14,27,30,23,16,20,19,17,28,27,21,21,16,21,20,22,25,21,14,16,12,26,28,14,25,14,27,14,20,30,14,22,21,21,17,23,20,30,20,17,14,18,21,18,26,18,22,17,16,24,39,30,18,13,23,8,23,44,18,16,20,15,16,25,33,34,14,24,23,20,18,23,30,24,24,16,19,26,26,26,14,15,16,19,35,33,21,20,24,15,23,27,29,17,26,22,20,27,19,40,28,23,21,22,15,36,24,27,30,25,17,20,19,26,27,29,11,22,16,28,35,29,19,17,18,12,25,27,27,22,23,24,23,27,29,22,34,28,23,20,23,33,35,14,18,19,11,18,28,30,30,19,27,16,25,23,27,14,35,15,20,23,31,30,28,23,21,21,28,24,29,27,18,21,23,22,40,30,24,25,22,8,16,37,30,16,18,13,18,33,29,33,23,28,25,13,25,28,27,28,22,23,10,31,37,42,21,26,22,20,24,33,25,22,19,19,19,26,34,32,25,22,19,21,34,32,28,26,22,17,16,24,27,35,28,18,15,20,27,51,37,19,18,22,20,27,35,38,34,28,17,18,14,37,29,25,19,18,14,26,39,28,28,19,21,26,25,37,35,27,25,23,16,26,40,38,22,27,19,22,29,29,31,15,21,27,12,23,33,19,15,33,24,25,30,41,32,31,30,19,20,25,36,39,25,15,26,17,31,40,31,21,21,29,17,22,38,33,24,19,22,20,37,30,31,33,21,19,23,30,35,35,29,25,25,20,23,42,33,25,28,30,14,28,37
HOUSEHOLD_3_006_TX_1_validation,HOUSEHOLD_3_006,HOUSEHOLD_3,HOUSEHOLD,TX_1,TX,48,47,32,25,36,30,47,38,38,42,30,25,24,37,57,43,40,34,24,22,34,35,40,45,31,25,38,31,39,56,39,30,34,29,29,25,40,42,29,32,29,25,45,49,29,29,32,28,47,53,37,32,32,38,25,25,54,39,26,32,36,25,43,57,54,30,25,24,33,45,41,67,28,39,40,29,34,43,45,44,25,19,31,45,71,34,35,40,32,28,47,45,56,27,23,29,14,41,34,51,38,33,34,31,38,71,52,43,41,36,42,42,52,42,35,29,36,24,42,59,50,31,39,31,13,33,68,64,42,39,27,29,52,58,50,37,42,40,34,43,50,57,30,28,23,38,36,59,49,61,38,20,38,39,52,44,40,36,29,28,44,29,36,52,37,30,20,43,66,78,54,29,30,22,36,53,48,56,26,33,18,47,41,63,37,26,19,25,46,61,47,47,28,14,34,56,71,39,36,42,30,33,38,44,43,48,37,43,36,59,67,61,40,59,35,20,47,46,64,47,35,29,34,39,67,60,66,34,33,32,44,70,51,58,42,32,28,55,59,54,37,37,31,43,53,57,52,43,38,29,21,39,58,47,49,36,49,30,48,56,60,52,43,21,37,37,56,63,33,47,34,49,48,81,69,38,28,37,30,62,57,53,31,42,28,38,53,52,67,41,27,48,28,53,66,61,47,31,50,42,53,45,46,50,23,40,26,40,44,60,54,42,41,36,55,68,26,52,46,35,21,51,67,53,46,49,56,37,52,52,52,44,50,44,50,35,46,72,58,41,4,31,53,52,61,63,52,45,36,45,73,60,46,28,33,42,39,68,64,50,46,44,32,36,53
HOUSEHOLD_3_007_TX_1_validation,HOUSEHOLD_3_007,HOUSEHOLD_3,HOUSEHOLD,TX_1,TX,33,26,28,19,16,23,15,38,33,36,24,22,16,25,35,40,20,13,21,13,31,44,38,22,29,17,15,34,32,33,29,17,18,17,26,29,34,26,22,22,17,27,23,38,22,20,17,20,24,39,25,25,24,24,22,22,35,32,20,22,15,21,34,42,35,26,22,31,19,20,41,36,20,21,22,18,33,30,31,23,25,24,22,18,37,37,29,22,22,18,36,26,37,21,21,22,12,20,25,37,31,16,21,22,30,52,35,21,27,29,15,32,37,28,23,31,26,23,20,42,42,19,24,27,25,33,38,42,27,27,24,17,24,27,32,31,26,23,27,28,42,33,19,20,19,15,29,32,46,26,20,18,17,35,46,21,39,25,28,18,24,37,38,29,31,15,26,33,41,26,23,28,12,13,33,43,31,24,30,28,21,23,51,27,32,31,24,20,21,40,26,30,15,16,23,36,37,45,25,37,17,19,40,38,44,21,21,27,16,24,39,47,31,25,25,15,28,44,39,32,30,26,11,34,37,35,27,28,17,15,24,48,35,32,29,27,26,29,47,41,20,27,24,26,33,39,50,33,27,19,24,27,28,35,28,32,30,27,32,41,43,34,29,28,23,31,23,36,26,27,22,25,21,34,34,24,44,15,27,40,39,42,34,28,16,26,40,61,29,29,27,25,16,41,52,43,28,26,24,18,39,43,46,32,22,21,31,38,40,45,25,34,19,26,33,44,46,37,26,16,16,32,44,44,32,33,36,25,37,37,41,33,29,23,26,35,47,38,32,41,27,31,45,32,40,31,40,37,18,28,56,37,36,27,21,32,30,44,32,25,29,22,34,40,53
HOUSEHOLD_3_008_TX_1_validation,HOUSEHOLD_3_008,HOUSEHOLD_3,HOUSEHOLD,TX_1,TX,51,40,27,37,32,34,37,70,38,37,32,40,30,38,56,43,39,34,53,28,42,58,54,48,49,28,34,42,59,63,53,42,36,38,36,48,54,49,34,33,19,65,54,23,42,40,33,26,53,66,58,34,32,32,30,50,53,43,44,54,29,28,44,66,60,40,34,50,40,61,66,53,45,51,39,22,59,76,68,30,40,43,33,50,65,45,46,30,35,30,54,67,61,45,41,50,43,38,53,53,40,32,40,33,49,39,38,38,43,40,41,40,69,73,51,29,45,37,52,91,59,49,40,35,37,44,63,53,25,35,44,38,46,63,48,38,39,36,30,48,48,76,52,22,44,33,43,72,56,41,29,45,43,51,48,62,50,40,45,37,52,82,53,31,39,34,26,56,63,37,59,35,34,43,54,78,33,43,42,49,30,47,66,69,35,48,34,39,48,68,62,58,39,37,45,65,60,69,38,47,47,35,63,62,61,50,34,29,39,44,49,70,61,49,30,39,48,55,62,46,40,48,48,49,64,59,52,45,34,37,36,46,47,45,48,34,37,55,88,63,49,38,56,44,41,88,72,50,49,50,33,49,67,47,56,41,38,34,53,70,76,59,34,45,49,51,66,59,54,47,50,38,68,77,79,43,58,37,35,50,62,89,55,49,26,50,43,69,56,52,59,34,34,57,92,60,43,47,43,32,51,43,65,38,68,48,42,61,64,64,56,37,49,58,39,79,55,58,49,60,55,40,83,77,63,50,49,32,61,69,76,50,50,49,46,48,108,71,58,47,34,48,60,86,59,48,49,45,39,60,94,74,65,45,45,44,53,77,90,71,60,47,36,87,66
HOUSEHOLD_3_009_TX_1_validation,HOUSEHOLD_3_009,HOUSEHOLD_3,HOUSEHOLD,TX_1,TX,21,20,15,12,9,13,18,28,22,15,17,12,11,15,17,26,11,8,10,12,14,18,11,10,9,14,8,13,19,14,15,14,15,11,9,17,17,18,12,13,10,17,17,12,6,14,13,12,16,12,16,14,11,13,11,18,25,20,15,9,12,8,12,22,14,21,15,12,5,10,30,17,18,12,10,9,11,23,21,13,7,12,13,24,25,20,12,17,13,12,20,20,23,11,11,14,12,16,16,23,10,16,13,12,16,17,19,16,15,12,12,16,20,13,13,11,12,10,18,27,19,16,12,13,16,11,19,20,15,13,10,13,17,25,24,15,18,16,11,22,25,26,10,16,14,10,12,21,21,14,12,12,11,21,18,14,18,17,13,10,10,22,23,13,17,9,13,10,18,13,18,15,20,13,16,18,25,25,17,14,13,12,27,18,12,14,11,10,16,14,20,17,12,18,11,14,27,22,21,19,10,19,9,17,16,21,16,15,7,18,35,24,15,18,14,12,16,26,20,17,8,14,10,22,18,18,12,18,16,10,15,27,31,18,19,13,10,18,29,19,16,22,19,14,23,18,25,17,17,10,9,17,17,18,26,19,15,15,20,23,24,20,15,19,13,15,26,22,16,18,14,11,18,21,19,21,12,15,13,19,14,26,16,19,16,14,19,36,19,19,17,10,14,13,25,15,19,12,15,9,21,25,22,18,18,12,14,18,32,21,15,11,14,12,21,26,26,13,7,15,17,18,35,23,15,18,20,14,23,23,22,22,10,12,16,19,27,26,13,12,19,13,17,28,29,21,18,19,16,18,27,28,15,15,16,17,20,27,12,25,19,18,17,24,34
HOUSEHOLD_3_010_TX_1_validation,HOUSEHOLD_3_010,HOUSEHOLD_3,HOUSEHOLD,TX_1,TX,66,29,42,41,43,34,40,56,44,23,33,36,38,39,71,49,43,41,34,31,57,36,52,25,23,33,28,62,53,64,40,27,22,23,47,74,42,47,35,27,34,58,56,61,43,38,29,35,31,61,67,55,29,37,28,46,79,62,35,31,35,33,46,40,75,58,41,29,29,37,46,47,45,38,46,23,38,35,56,55,34,45,38,54,66,74,40,43,49,27,44,66,45,34,53,30,31,49,65,49,41,30,32,39,55,72,56,41,28,34,35,58,37,52,23,26,46,25,48,73,51,33,40,48,42,45,54,70,31,47,33,24,31,82,55,36,39,33,31,44,62,66,30,50,30,37,48,52,71,37,51,43,30,37,76,45,43,46,41,34,42,72,36,47,30,31,39,42,78,67,39,39,30,40,66,48,61,48,31,31,23,56,59,51,65,26,49,21,45,42,50,41,35,41,43,50,69,79,40,49,59,51,68,75,75,42,41,38,32,53,59,62,34,38,50,39,66,58,58,49,41,29,42,42,66,35,41,41,45,28,43,90,87,53,54,37,43,59,54,65,45,46,36,27,53,79,73,31,45,47,40,62,49,48,54,40,51,41,44,55,39,55,43,49,41,55,80,62,46,44,49,32,64,70,59,51,55,52,43,61,70,57,54,40,33,36,37,52,91,61,43,47,32,62,74,56,47,41,50,39,38,64,55,35,38,24,33,58,77,73,60,56,34,29,56,79,55,54,63,32,41,68,69,72,61,43,34,40,44,64,73,53,56,46,35,45,82,71,50,50,38,21,69,82,66,43,45,29,43,35,75,58,51,36,58,45,50,71,90,42,37,34,36,75,66
FOODS_1_001_TX_2_validation,FOODS_1_001,FOODS_1,FOODS,TX_2,TX,12,3,7,4,8,5,8,9,4,6,5,5,6,6,9,6,3,4,4,3,5,6,7,4,8,3,5,6,9,7,7,5,5,2,4,5,10,7,5,6,3,8,8,7,7,6,3,5,6,9,7,4,4,4,5,7,9,9,6,7,5,4,5,9,7,4,5,4,4,8,10,10,8,5,5,5,8,10,7,4,4,5,3,7,5,11,4,5,4,6,7,7,8,6,6,4,6,7,11,8,6,5,7,6,6,14,7,5,7,5,4,9,13,6,8,5,3,6,4,8,8,6,7,5,6,7,7,9,9,5,4,4,4,10,6,7,5,6,5,8,7,9,5,6,5,6,7,8,9,10,7,4,5,6,8,9,6,4,5,5,6,9,7,7,5,6,5,4,9,10,6,6,6,7,9,10,10,7,4,7,7,5,9,12,7,5,7,5,9,10,5,9,5,5,7,11,9,10,5,6,7,6,10,7,6,6,5,7,5,6,10,7,5,7,7,6,6,9,10,8,6,7,3,7,14,9,6,7,5,3,12,8,10,7,7,5,2,7,10,9,9,6,6,5,7,14,8,6,8,8,6,9,7,10,7,7,6,5,5,10,10,4,5,6,6,7,11,10,8,6,6,6,6,10,11,6,7,6,7,8,11,9,6,7,5,7,10,10,9,8,5,5,4,7,9,7,7,6,7,6,11,12,14,6,8,4,7,9,10,10,7,6,7,4,9,10,9,7,7,8,9,10,12,8,6,7,7,5,10,9,7,9,7,6,4,10,16,11,7,7,7,7,7,10,8,8,7,8,6,10,10,6,10,7,7,7,9,7,9,7,6,6,6,12,12
FOODS_1_002_TX_2_validation,FOODS_1_002,FOODS_1,FOODS,TX_2,TX,25,18,13,12,20,12,14,31,24,18,12,17,15,18,14,21,21,15,12,12,17,19,21,21,18,11,16,20,25,23,13,13,16,10,14,24,18,19,12,14,14,16,22,18,16,12,13,15,14,21,24,9,20,17,9,10,23,17,20,16,14,12,24,27,24,21,12,18,12,20,23,13,20,9,11,12,11,18,23,16,14,12,13,17,16,21,13,18,13,20,22,23,25,10,18,12,14,16,21,22,17,15,14,9,28,25,25,16,13,15,15,24,35,29,11,14,16,13,19,14,27,11,11,12,14,13,19,28,17,17,11,14,19,21,23,11,17,14,13,23,27,22,14,20,11,16,13,30,28,11,18,16,16,21,20,22,24,12,16,18,16,18,18,20,12,15,19,20,22,24,18,18,21,16,29,28,20,27,16,12,22,17,22,21,19,20,7,18,18,24,33,19,18,16,17,27,13,30,25,18,14,11,31,22,32,20,24,15,10,21,19,38,21,20,19,13,20,27,35,14,15,15,13,15,12,16,23,17,19,13,21,36,33,23,18,18,16,21,25,31,14,23,15,11,19,23,22,17,15,15,15,25,26,27,20,20,17,14,18,29,32,19,15,16,14,19,20,25,21,14,14,13,16,23,25,14,17,14,13,24,25,24,25,15,22,15,17,25,27,25,21,17,20,14,30,28,22,12,14,16,27,40,23,15,21,27,20,19,46,30,17,26,14,14,26,29,27,21,23,9,17,21,25,23,10,16,22,19,22,21,32,26,23,14,14,31,22,30,13,18,20,17,26,22,23,23,22,19,20,15,27,38,27,21,17,20,25,21,33,17,22,12,23,22,23
FOODS_1_003_TX_2_validation,FOODS_1_003,FOODS_1,FOODS,TX_2,TX,35,18,18,18,20,20,20,33,22,16,25,23,15,16,23,33,23,15,18,14,16,23,33,14,18,14,21,22,36,24,22,16,13,14,21,22,32,18,23,15,16,20,30,23,17,25,23,24,23,19,28,18,18,18,23,24,43,24,28,20,11,18,27,21,27,20,24,17,16,20,25,23,17,15,24,23,30,32,26,25,26,20,16,27,53,24,18,25,23,14,26,29,22,17,18,20,21,23,30,33,21,19,24,17,22,28,29,29,22,19,18,29,31,29,24,18,27,25,26,32,25,23,17,19,21,31,42,33,19,27,24,17,20,34,39,21,22,22,13,23,44,19,29,26,22,19,17,37,28,29,23,14,16,18,24,36,23,18,20,17,27,48,31,29,13,19,14,28,39,37,23,27,22,21,24,30,30,31,20,14,19,24,42,33,27,27,22,16,29,43,32,25,20,22,21,34,47,36,32,24,24,30,27,27,47,28,17,20,22,23,26,38,16,20,19,16,26,34,13,27,26,28,20,16,42,33,29,23,24,16,21,35,33,21,19,18,25,23,40,28,28,29,27,19,30,33,40,25,30,18,17,32,40,46,24,21,19,19,31,24,25,27,25,21,23,20,31,29,21,27,26,11,17,38,30,26,25,30,21,34,34,38,30,21,19,19,34,43,17,24,26,30,21,32,38,31,19,18,26,22,25,27,41,21,27,22,21,40,22,29,36,29,22,30,36,34,28,35,20,24,28,31,38,24,33,15,30,14,25,48,46,28,23,24,13,37,34,34,28,26,26,28,38,39,42,33,16,21,18,31,49,42,33,23,22,20,25,44,33,21,27,24,24,40,40
FOODS_1_004_TX_2_validation,FOODS_1_004,FOODS_1,FOODS,TX_2,TX,8,6,6,6,5,6,5,7,10,4,7,6,6,7,10,7,6,6,4,5,6,10,12,5,6,4,4,9,9,10,7,6,4,6,8,7,7,3,4,5,4,6,13,11,6,7,7,6,8,12,11,5,6,5,7,7,8,11,7,9,5,5,10,7,12,5,7,4,6,5,14,7,6,7,5,6,7,8,9,5,7,7,6,9,6,8,7,8,5,3,6,9,5,9,4,7,4,10,10,9,8,5,7,5,7,10,7,7,7,3,7,9,6,6,9,8,7,4,11,9,10,8,9,6,6,8,8,5,7,5,7,6,8,8,12,8,5,9,6,6,9,7,10,8,7,7,11,10,11,6,7,7,2,7,11,10,7,8,5,4,11,13,9,8,8,6,7,9,10,11,6,7,6,6,6,11,10,6,5,4,6,9,15,10,5,7,8,5,11,12,12,11,4,8,6,7,11,14,10,4,6,7,9,11,7,7,5,4,5,7,10,9,10,6,9,6,10,13,9,7,6,7,6,8,12,11,11,7,7,7,7,7,10,10,9,4,7,5,13,12,5,9,9,6,9,15,8,6,6,7,7,8,11,10,7,6,6,4,9,7,13,7,7,6,6,12,9,7,9,7,8,8,7,13,9,9,6,7,7,7,9,13,8,9,6,9,8,16,12,9,6,8,8,9,7,9,7,8,7,6,8,16,11,9,7,7,5,10,9,13,7,9,10,7,12,14,8,9,9,8,7,10,12,12,6,7,5,6,9,11,9,9,7,7,5,9,16,14,10,7,8,6,9,11,14,10,8,10,8,11,13,9,7,8,7,8,9,13,12,9,8,5,4,8,11
FOODS_1_005_TX_2_validation,FOODS_1_005,FOODS_1,FOODS,TX_2,TX,46,43,37,32,20,32,33,40,47,38,27,28,31,29,20,48,39,20,28,24,37,27,32,36,29,37,30,30,54,59,33,33,33,26,21,53,51,44,24,23,23,36,53,34,40,36,34,25,21,63,39,39,32,36,27,38,50,49,26,43,29,31,50,49,36,27,28,31,30,47,34,47,39,35,15,26,45,41,35,39,33,31,24,28,59,77,24,38,29,30,39,72,39,31,32,34,36,43,53,42,40,28,32,27,32,66,38,33,22,30,31,33,32,44,35,31,41,31,42,55,51,33,27,47,28,41,52,41,38,24,36,28,50,57,52,31,34,36,30,30,63,56,26,34,37,26,30,41,48,44,26,25,28,47,72,50,32,28,41,22,43,67,48,30,38,33,33,47,59,53,43,44,27,29,49,53,37,41,31,47,37,52,55,53,36,29,27,44,46,40,60,59,24,37,24,53,31,52,43,25,36,28,58,39,61,38,45,42,30,43,66,57,39,30,36,24,49,68,43,36,31,41,32,41,63,47,38,28,40,25,57,59,51,40,49,25,24,53,46,45,37,45,40,31,48,61,42,33,21,45,28,45,64,43,34,30,14,32,67,52,48,38,39,41,27,50,57,57,45,30,31,36,44,68,52,50,23,38,25,56,57,51,35,43,40,32,52,62,56,49,52,38,36,55,48,53,39,40,37,46,61,41,59,49,39,32,43,50,47,67,47,33,31,29,58,67,67,45,33,31,42,52,57,56,52,43,36,34,42,61,53,43,35,27,41,54,58,53,31,48,47,34,51,49,58,38,34,35,32,47,75,33,39,45,39,30,69,96,58,35,38,29,38,55,75
FOODS_1_006_TX_2_validation,FOODS_1_006,FOODS_1,FOODS,TX_2,TX,57,31,48,40,31,25,42,57,57,44,41,21,28,50,43,62,52,43,37,28,45,39,42,33,35,30,32,50,46,52,35,36,37,37,49,59,36,30,29,35,23,46,58,31,31,43,38,26,34,28,67,40,49,32,33,51,74,57,40,36,27,29,44,72,48,49,35,43,36,50,68,61,49,52,45,35,41,61,32,47,29,42,45,32,57,42,27,36,39,38,46,38,55,29,26,28,40,50,62,44,38,27,45,48,51,67,52,28,31,32,31,40,59,45,60,27,42,32,51,65,57,32,35,37,34,37,75,27,40,31,37,41,34,88,58,46,27,36,41,49,62,55,31,28,45,40,57,50,54,54,29,45,30,39,61,44,27,40,41,43,54,86,73,50,43,46,19,44,39,65,37,64,33,36,45,56,43,33,22,42,32,68,47,75,59,50,40,33,62,53,61,44,33,40,41,40,69,32,35,37,41,42,51,71,57,49,44,35,34,56,87,74,35,32,35,37,51,80,75,46,39,43,45,56,59,53,36,43,44,42,63,84,44,50,45,39,31,66,58,34,47,40,55,41,48,63,58,68,48,28,36,52,51,39,53,36,50,38,47,34,77,50,39,33,50,41,62,69,62,41,34,37,62,83,45,49,31,48,42,43,88,67,50,42,41,36,45,85,57,43,42,53,48,49,85,65,40,40,53,55,57,61,62,41,39,36,39,55,67,61,57,42,40,38,71,63,72,42,48,47,48,50,54,55,60,64,49,30,64,57,61,52,48,43,35,67,63,82,37,47,32,33,50,93,83,60,46,45,51,64,72,86,59,48,39,36,52,78,78,36,28,35,38,70,68
FOODS_1_007_TX_2_validation,FOODS_1_007,FOODS_1,FOODS,TX_2,TX,7,5,6,3,4,3,5,7,7,3,4,3,3,5,8,8,4,1,4,2,6,5,7,4,3,3,4,4,7,9,6,3,3,4,4,8,4,5,5,3,4,5,8,5,3,2,5,4,5,7,7,6,2,2,2,5,7,8,2,3,4,4,5,5,5,5,3,3,3,6,6,5,4,5,4,5,7,6,7,6,4,4,3,5,7,7,5,5,4,3,5,8,9,4,5,5,4,4,7,5,4,5,4,4,4,6,8,3,3,4,3,7,4,7,7,5,3,6,5,4,8,4,6,5,6,4,9,6,6,5,6,5,5,9,7,6,5,4,3,6,6,5,6,4,3,4,6,7,7,4,4,5,5,5,9,7,5,6,4,4,4,8,6,5,4,2,3,7,8,9,4,6,5,5,6,8,6,5,4,3,4,7,10,6,5,5,6,6,4,9,8,5,4,5,5,5,10,7,7,6,5,5,5,5,8,4,7,6,4,10,7,7,5,5,4,5,5,8,7,6,4,4,6,5,9,7,4,5,4,5,6,10,5,6,5,4,4,4,5,7,7,5,5,3,3,9,7,3,5,5,5,7,7,9,6,4,4,5,8,9,8,7,8,5,5,7,10,6,6,6,7,5,6,9,7,8,6,5,6,5,5,9,7,5,4,4,5,10,9,7,5,4,4,7,7,8,5,5,4,5,5,7,9,7,6,7,3,7,9,11,6,6,7,5,6,8,5,5,4,6,3,7,11,9,5,6,5,4,6,10,5,5,6,5,3,6,9,9,8,6,6,3,8,8,6,7,6,6,4,7,6,12,4,5,4,5,6,11,9,4,7,6,4,5,10
FOODS_1_008_TX_2_validation,FOODS_1_008,FOODS_1,FOODS,TX_2,TX,41,29,33,19,24,20,28,41,12,26,27,17,23,27,32,32,33,24,16,22,29,45,34,32,24,24,18,32,52,46,20,15,24,20,24,53,56,17,20,17,18,36,39,41,34,26,18,24,29,36,29,32,27,27,17,36,41,42,23,25,28,24,29,42,29,31,29,25,21,32,38,34,32,33,24,19,24,34,52,37,30,29,20,37,48,36,21,18,26,20,33,37,28,38,20,20,22,32,27,43,32,37,25,22,25,29,36,21,30,22,28,33,43,30,32,28,15,29,37,34,44,26,22,26,27,42,55,25,19,24,20,35,34,39,34,30,15,29,30,21,46,42,32,29,19,23,38,27,39,33,24,27,24,31,38,48,29,22,19,16,23,38,38,28,22,22,27,40,56,39,38,28,33,27,33,25,38,25,25,32,26,40,47,32,42,26,31,32,24,42,45,29,43,27,27,46,31,36,25,30,35,19,24,45,51,26,22,35,24,38,56,45,31,22,23,27,43,40,36,34,24,29,21,36,41,42,37,28,29,22,31,34,41,33,31,36,28,32,66,35,33,35,30,15,40,40,35,21,30,25,27,29,78,38,40,36,33,21,49,48,45,32,29,28,18,38,53,37,32,19,34,34,37,49,45,38,31,33,30,42,50,49,28,18,27,36,41,53,34,36,23,28,25,40,47,51,40,37,46,22,34,43,26,35,29,35,32,40,50,39,35,33,28,27,38,49,52,16,32,30,32,37,27,28,20,37,20,34,35,46,60,36,22,30,33,34,66,33,20,42,24,22,34,39,53,31,24,28,22,38,39,43,33,43,36,29,36,46,47,29,29,28,28,40,56
FOODS_1_009_TX_2_validation,FOODS_1_009,FOODS_1,FOODS,TX_2,TX,53,43,52,32,29,32,40,83,65,36,33,21,34,38,59,32,41,50,35,28,45,57,78,39,28,35,34,51,67,76,37,32,22,38,38,70,49,57,27,43,40,51,46,61,43,24,47,31,61,59,66,35,40,37,32,39,23,46,49,28,28,24,49,50,70,50,40,39,29,40,70,67,50,35,34,28,55,37,32,26,22,47,41,37,60,74,48,57,37,31,38,62,69,45,37,47,39,48,53,55,49,34,28,32,49,80,45,47,38,36,47,50,52,69,53,32,29,39,50,58,72,40,44,48,34,32,59,62,55,37,52,27,52,61,76,32,45,37,48,42,70,50,48,39,36,22,55,51,47,32,33,44,41,58,52,64,41,50,43,33,63,73,44,31,31,53,30,72,52,47,56,51,45,43,44,78,65,44,44,49,41,30,79,73,44,44,42,23,49,63,61,43,49,34,46,60,87,85,66,33,44,33,89,77,82,53,21,35,34,50,74,71,23,42,38,50,61,67,67,33,50,39,33,69,74,56,44,48,45,40,42,55,55,48,45,41,39,76,83,81,55,46,46,42,65,57,76,52,29,44,30,50,69,46,50,46,50,37,59,70,61,34,45,50,33,54,71,82,52,49,44,37,44,68,73,53,61,52,52,34,96,71,56,55,44,33,74,62,55,50,43,45,41,74,81,57,45,44,41,38,45,79,63,43,52,53,40,79,108,76,48,50,34,35,39,65,52,60,41,48,49,73,70,74,58,61,53,54,39,66,85,60,47,42,50,36,88,72,49,54,43,44,59,88,73,34,35,36,48,67,103,57,69,30,47,46,64,73,74,41,58,49,47,58,73
FOODS_1_010_TX_2_validation,FOODS_1_010,FOODS_1,FOODS,TX_2,TX,54,58,37,32,26,34,24,57,34,38,44,29,27,34,48,42,35,30,29,25,38,49,61,47,34,27,30,33,44,47,31,28,27,42,41,33,48,39,32,34,25,38,50,40,29,33,32,12,36,48,49,42,31,34,21,51,51,33,41,31,43,39,48,22,46,46,39,25,29,46,35,34,55,31,19,25,44,61,42,28,39,26,28,47,47,69,31,31,29,26,51,49,78,39,35,22,27,48,59,39,34,12,27,41,44,66,33,39,34,28,29,38,41,52,45,29,28,36,43,51,51,55,43,44,36,36,50,43,44,33,28,30,31,66,41,46,39,37,24,44,50,33,51,35,30,40,52,93,42,35,50,28,27,43,75,46,58,36,43,30,35,63,37,27,41,30,23,39,63,43,18,35,37,38,54,55,73,40,35,33,33,50,74,48,34,38,32,25,56,71,38,40,41,49,33,53,54,59,49,40,35,40,58,60,66,37,34,47,14,44,61,42,51,37,41,44,58,55,42,39,39,23,45,48,57,34,43,39,30,36,46,40,63,64,52,40,36,33,63,53,21,36,32,24,46,42,61,48,23,34,31,45,31,61,57,51,44,21,42,67,62,54,37,28,39,44,79,65,41,41,46,39,50,65,54,48,40,30,38,54,75,39,47,37,42,27,62,49,52,69,41,46,37,62,73,49,29,30,34,40,60,63,61,24,38,38,39,47,57,82,33,52,43,35,72,63,49,48,48,43,32,57,42,76,53,23,33,46,48,64,77,41,23,50,34,51,62,54,38,40,32,47,64,73,67,31,51,36,47,69,62,33,49,32,35,36,62,72,80,40,52,46,43,64,77
HOBBIES_2_001_TX_2_validation,HOBBIES_2_001,HOBBIES_2,HOBBIES,TX_2,TX,12,17,11,6,8,9,9,15,14,6,7,7,8,9,15,12,6,4,7,8,11,11,15,9,10,10,9,12,10,12,13,8,6,9,12,14,12,10,10,8,9,15,13,20,14,8,12,7,17,13,15,11,8,9,10,11,15,15,8,9,11,8,13,9,14,10,9,8,10,9,13,11,7,9,7,9,12,15,15,5,12,9,9,9,11,15,12,7,10,9,13,15,15,14,8,10,9,8,10,14,7,5,15,7,14,16,21,15,11,6,11,9,18,11,10,14,9,7,11,16,12,12,8,5,8,10,16,14,13,11,5,8,11,14,9,4,13,9,9,10,11,13,9,11,10,10,13,9,13,9,10,8,9,13,15,15,12,10,10,10,11,13,16,10,10,9,12,14,20,16,12,11,9,7,14,18,19,13,9,7,10,13,14,17,9,9,15,7,14,19,18,13,11,10,12,16,20,20,14,10,8,10,13,18,20,11,10,10,9,8,15,12,15,9,10,9,14,17,16,10,10,7,10,11,21,9,16,11,9,10,17,23,16,7,10,9,11,12,13,14,15,11,12,9,16,14,13,15,14,6,11,10,21,19,16,15,11,9,13,17,15,12,13,7,12,13,12,18,8,11,15,9,12,20,18,14,10,11,9,15,17,19,15,12,9,7,10,14,26,14,12,9,12,13,19,18,14,11,8,10,17,20,18,15,8,10,10,11,20,19,13,12,9,9,10,17,15,11,11,10,7,12,18,13,14,12,9,12,18,18,16,12,10,9,10,12,8,24,17,12,8,15,16,17,22,10,7,9,12,21,16,13,13,12,15,11,21,24,20,9,11,12,5,12,17
HOBBIES_2_002_TX_2_validation,HOBBIES_2_002,HOBBIES_2,HOBBIES,TX_2,TX,47,51,37,24,29,28,49,61,36,37,32,47,34,34,47,48,43,40,35,31,43,55,34,40,32,23,48,48,57,49,47,28,32,26,52,48,65,40,43,38,40,37,68,34,42,33,25,27,40,56,48,42,31,32,31,48,69,64,44,41,38,31,55,48,32,33,49,34,36,44,66,56,42,43,33,36,45,59,46,41,34,45,22,56,39,62,36,43,36,24,60,70,62,38,45,27,19,33,50,48,40,36,32,20,50,58,49,56,37,38,41,34,61,67,43,29,34,37,28,45,81,49,52,44,38,46,67,75,52,41,37,39,44,69,50,42,32,35,31,67,52,63,37,41,41,23,36,51,44,46,43,30,37,46,63,52,50,55,45,47,36,56,67,60,47,31,34,54,63,51,44,42,31,44,47,64,73,45,50,31,41,60,55,59,45,44,44,31,51,87,74,55,41,57,46,52,69,56,51,48,46,37,37,70,71,38,42,52,29,50,87,64,43,43,48,37,59,71,67,55,41,33,42,52,62,70,61,42,41,30,51,71,63,45,50,42,60,56,31,50,54,38,37,29,49,72,69,39,52,32,43,58,57,51,53,40,41,45,60,57,64,41,53,56,33,55,83,66,56,46,34,41,68,75,87,32,49,37,33,71,68,61,54,26,55,56,66,78,64,40,57,51,45,60,76,60,77,44,40,50,56,72,86,59,53,31,45,45,66,70,52,53,51,49,42,108,68,65,23,42,29,48,74,64,66,64,36,38,46,91,71,53,50,42,35,59,70,74,36,50,39,44,69,66,86,35,63,57,35,48,52,83,50,44,35,59,48,76,73,50,43,42,48,55,101
HOBBIES_2_003_TX_2_validation,HOBBIES_2_003,HOBBIES_2,HOBBIES,TX_2,TX,49,34,40,37,25,33,47,48,56,42,36,41,41,57,49,53,25,43,42,41,64,72,61,43,58,38,51,40,56,64,17,37,45,32,47,41,51,36,45,43,29,38,80,41,50,39,45,36,43,47,44,33,38,43,28,38,64,73,51,39,30,35,57,69,61,54,52,44,21,58,61,60,42,35,20,38,36,69,54,55,55,37,32,42,69,52,45,33,39,48,42,64,65,58,50,44,39,79,73,63,57,46,59,32,50,47,59,35,42,34,43,46,74,58,57,41,36,23,37,75,45,56,38,39,42,63,46,44,44,52,40,46,35,59,62,37,33,34,35,40,83,64,50,45,53,54,50,74,58,56,55,41,46,49,83,51,38,48,50,44,64,56,62,33,33,53,36,73,70,61,46,53,40,39,57,50,65,48,48,50,37,60,50,90,65,41,43,22,62,59,43,53,36,33,46,73,74,81,46,50,44,44,45,36,84,48,28,42,43,56,74,67,47,47,42,42,60,79,59,58,50,54,42,67,40,52,62,49,34,42,68,54,71,74,39,36,21,52,86,60,79,78,60,35,61,64,59,55,37,27,30,60,101,81,51,54,44,51,66,38,59,60,55,40,24,60,51,57,68,43,38,41,69,71,89,43,38,49,36,64,109,52,57,57,39,43,32,75,56,43,46,41,32,78,78,76,48,48,27,34,77,86,64,59,32,42,43,69,64,72,52,53,49,43,64,68,64,37,56,45,34,51,103,68,60,44,36,44,74,101,92,63,56,38,45,74,101,72,51,41,47,55,55,89,90,51,49,60,48,82,80,91,43,59,44,33,56,77,82,56,32,45,45,71,95
HOBBIES_2_004_TX_2_validation,HOBBIES_2_004,HOBBIES_2,HOBBIES,TX_2,TX,48,44,30,49,31,27,41,65,59,35,33,24,33,56,50,59,35,28,39,47,49,52,49,56,39,29,32,47,62,69,51,38,34,35,39,69,51,45,50,39,34,41,57,41,46,21,42,38,47,52,54,27,44,34,43,50,61,59,34,34,36,31,41,56,55,62,35,31,33,61,78,77,43,43,28,31,36,66,56,45,32,43,17,45,59,33,46,37,41,48,51,72,72,48,32,25,37,44,77,51,43,30,34,28,40,61,50,67,46,45,34,49,56,88,43,35,32,38,63,76,49,37,50,54,34,61,44,48,36,43,37,37,61,55,60,33,50,47,39,51,57,42,48,47,54,33,53,78,73,40,39,35,30,65,65,59,48,42,37,31,67,57,49,45,59,33,42,48,68,71,30,34,47,38,53,75,50,57,49,41,41,64,58,69,63,48,38,55,54,85,56,57,38,43,33,72,64,48,48,47,40,32,63,84,41,39,42,36,42,72,62,82,34,47,36,42,34,50,69,42,41,56,40,63,58,46,48,31,35,41,52,73,71,37,36,23,36,62,90,66,63,48,43,34,28,86,64,63,36,63,38,47,67,67,49,40,27,33,67,58,43,39,44,36,38,46,85,72,73,42,40,50,60,57,73,55,29,37,42,72,81,59,44,53,22,34,72,76,56,39,54,44,39,61,74,68,38,37,50,46,61,64,78,48,59,37,37,55,85,67,52,43,46,41,48,75,70,77,41,37,44,46,58,49,44,40,33,40,30,81,61,48,53,48,37,64,97,55,61,37,56,36,50,92,79,46,49,39,29,61,70,56,68,39,47,52,56,64,74,59,57,63,39,62,56
HOBBIES_2_005_TX_2_validation,HOBBIES_2_005,HOBBIES_2,HOBBIES,TX_2,TX,28,41,18,22,28,30,24,45,42,32,31,32,26,48,44,34,45,44,31,14,38,40,56,33,26,30,34,31,54,27,33,22,24,33,34,40,54,38,19,28,27,43,45,62,36,21,27,33,35,49,44,17,28,26,37,48,37,31,39,31,30,21,38,42,35,32,30,22,26,33,47,42,47,33,27,34,22,55,48,37,28,35,30,46,41,56,32,22,41,33,54,50,56,45,30,20,31,42,54,47,32,28,35,11,26,32,28,35,36,34,22,26,53,52,41,23,36,30,32,45,39,30,40,34,23,37,58,28,41,46,33,28,28,28,43,41,32,39,32,34,65,54,25,27,28,40,47,42,80,43,26,30,27,34,67,48,45,33,30,26,42,45,49,34,25,30,19,53,59,45,24,34,34,33,36,56,69,34,42,32,30,43,48,52,46,41,40,27,43,78,41,38,26,34,38,58,44,42,52,14,29,37,28,43,64,23,21,39,42,56,26,67,40,30,27,36,47,72,45,36,42,28,37,34,79,73,34,36,35,31,35,58,37,53,48,43,41,51,46,39,32,40,25,33,50,55,53,62,36,37,40,53,67,56,43,23,47,29,53,55,87,34,55,34,38,46,77,55,44,38,39,27,25,64,77,38,43,25,29,46,58,67,26,36,31,27,39,62,56,40,27,34,41,31,51,42,33,36,31,28,47,41,78,38,35,34,27,59,63,28,32,33,41,42,46,80,65,62,34,34,36,40,70,42,30,38,48,38,56,81,61,40,51,44,30,40,61,67,35,40,44,33,51,68,66,45,38,45,17,57,69,75,49,31,38,28,60,31,39,34,27,35,32,57,38
HOBBIES_2_006_TX_2_validation,HOBBIES_2_006,HOBBIES_2,HOBBIES,TX_2,TX,32,43,35,22,24,16,29,33,23,32,24,25,19,15,26,40,25,26,20,21,29,30,36,34,21,15,24,21,30,32,30,26,21,15,45,39,40,29,31,18,23,27,29,44,22,26,30,29,24,45,39,20,15,23,27,47,33,37,21,32,24,24,31,32,42,33,31,28,17,29,42,31,21,23,24,37,38,33,31,22,29,22,21,28,57,46,22,19,29,18,39,45,30,32,27,16,22,29,42,35,30,22,23,16,29,36,26,29,34,21,28,33,24,56,23,26,26,23,37,50,31,27,22,21,23,38,27,36,24,29,27,28,24,44,37,19,18,22,23,40,38,41,30,21,22,23,24,46,50,39,30,27,15,26,30,35,34,28,27,26,28,40,40,36,26,24,17,27,44,38,21,19,20,23,40,44,32,26,30,27,21,18,45,37,41,25,26,23,36,46,31,22,34,23,27,31,27,51,36,31,21,28,36,37,38,30,24,28,29,31,43,40,36,29,32,21,34,49,46,29,28,22,15,32,41,37,24,31,30,25,29,39,41,37,21,24,26,40,33,35,17,36,21,28,45,58,26,39,33,32,14,31,30,38,37,40,32,28,32,40,46,32,32,27,33,43,38,49,34,25,39,28,38,53,47,39,22,36,28,38,39,35,27,27,28,19,49,51,34,40,27,24,33,32,47,51,41,31,18,21,47,55,49,28,24,20,24,40,61,43,33,36,26,26,38,42,48,35,32,23,31,50,55,37,23,30,32,23,35,59,30,36,24,34,31,37,51,36,40,33,29,23,39,45,52,46,35,27,36,35,51,41,35,20,22,27,41,48,53,20,34,38,32,44,59
HOBBIES_2_007_TX_2_validation,HOBBIES_2_007,HOBBIES_2,HOBBIES,TX_2,TX,7,6,6,5,5,5,8,9,7,5,9,4,4,5,11,11,7,8,5,4,8,10,9,6,7,6,6,7,9,7,7,3,5,5,6,9,10,7,5,6,6,6,8,6,6,5,5,8,5,6,12,8,7,5,6,7,12,11,8,5,6,4,9,11,6,8,7,7,6,9,11,8,8,5,5,6,3,9,9,9,6,8,4,9,12,8,7,6,7,4,11,6,10,6,7,5,7,8,9,7,8,7,6,6,8,12,8,7,7,6,3,11,12,6,6,9,7,4,5,7,9,8,4,7,5,5,10,14,10,6,7,5,5,9,11,6,8,8,5,8,14,11,10,4,6,5,11,11,8,7,7,6,7,9,10,12,10,8,5,8,10,8,9,10,8,6,5,11,12,10,6,8,5,5,9,13,11,7,8,5,5,11,8,6,6,9,8,4,7,8,12,6,8,6,6,6,13,14,10,7,4,6,9,12,7,9,8,8,5,6,10,13,6,6,5,6,10,13,8,10,9,6,4,11,12,15,6,8,9,7,5,7,15,7,8,5,6,11,12,10,10,7,8,6,10,17,11,9,5,7,7,7,11,10,6,7,10,7,10,16,5,12,9,5,5,11,14,12,7,8,6,6,7,10,6,11,6,9,6,8,7,16,10,6,9,8,10,13,11,7,7,6,8,13,13,10,8,8,8,7,8,15,12,9,4,7,8,7,8,14,9,8,8,7,4,11,11,9,8,7,8,9,13,15,6,4,8,8,14,13,11,8,10,8,8,10,15,15,10,7,6,7,13,13,8,12,9,7,7,5,11,10,10,8,9,4,15,16,13,8,9,8,7,12,15
HOBBIES_2_008_TX_2_validation,HOBBIES_2_008,HOBBIES_2,HOBBIES,TX_2,TX,53,48,52,40,36,31,53,60,60,46,37,34,27,56,51,37,39,32,25,24,41,53,34,34,39,15,28,40,58,46,34,37,31,40,46,60,49,51,29,24,29,39,51,68,31,33,21,41,22,54,35,27,28,25,31,31,64,62,50,23,27,27,37,62,52,31,32,32,29,36,41,57,29,39,34,25,46,46,56,32,35,32,27,40,47,62,33,34,19,27,48,60,55,39,37,43,25,54,45,54,32,41,25,25,42,46,44,38,26,34,34,30,58,54,43,36,36,34,46,60,68,50,35,30,40,64,56,58,37,40,20,29,51,47,58,45,41,31,37,61,51,46,39,39,27,29,58,70,43,56,34,37,33,54,44,48,33,29,30,27,51,53,51,26,45,23,34,58,76,39,40,43,32,41,27,61,59,32,44,28,45,43,57,43,39,32,38,35,46,61,43,34,47,31,36,25,65,69,44,40,48,36,41,55,49,51,49,44,29,48,69,43,51,45,41,40,47,51,70,44,35,38,36,43,68,79,33,30,46,40,64,85,66,34,42,35,39,41,69,66,47,43,43,30,52,61,71,52,35,43,46,53,59,46,27,49,28,28,50,67,76,48,38,36,25,64,75,62,58,49,43,36,50,45,72,44,50,44,37,59,54,42,44,45,46,37,41,81,55,49,46,40,22,44,71,79,52,46,23,45,60,73,64,51,52,39,40,48,66,62,52,38,39,40,50,68,46,52,37,29,40,55,72,67,51,55,47,45,58,78,56,54,53,39,48,49,73,49,55,54,40,28,53,55,64,56,47,28,36,55,86,61,53,45,36,35,51,85,53,47,38,52,42,68,32
HOBBIES_2_009_TX_2_validation,HOBBIES_2_009,HOBBIES_2,HOBBIES,TX_2,TX,69,65,33,41,36,38,45,62,80,33,36,20,31,38,86,54,41,45,29,41,56,82,64,28,49,62,35,49,57,39,48,36,41,39,69,58,44,48,40,53,42,49,77,72,37,45,56,25,43,61,66,49,43,37,39,65,87,73,57,42,60,26,54,75,61,57,40,50,38,47,59,64,41,18,25,34,48,83,66,48,36,63,38,62,67,69,34,46,41,39,64,45,56,28,41,49,46,50,70,58,48,53,55,44,52,91,70,46,42,37,44,57,71,56,68,42,51,31,59,60,71,41,33,33,27,46,80,54,43,47,26,45,54,75,63,47,53,42,44,66,53,56,41,42,44,33,46,65,77,45,46,40,39,48,36,57,53,46,49,28,60,63,56,56,53,53,45,55,50,83,53,37,45,29,72,66,52,65,34,43,42,42,66,42,47,29,52,36,43,76,44,44,54,32,39,48,42,52,45,49,57,42,59,85,74,45,42,50,46,60,65,91,44,46,58,43,58,79,60,52,55,54,56,50,95,78,65,35,39,45,67,69,65,42,43,42,40,49,105,85,61,60,51,63,50,41,58,34,37,41,42,73,102,75,41,44,44,40,44,97,49,49,51,48,40,64,61,71,41,41,56,42,59,70,63,56,73,34,36,50,43,71,53,44,54,41,60,81,68,75,47,54,44,62,93,69,56,53,42,50,81,66,64,45,70,54,34,44,90,109,56,36,32,42,45,76,83,61,56,51,53,60,83,95,67,39,41,34,61,28,85,47,33,71,40,42,72,100,19,63,32,51,50,83,69,62,59,55,40,68,98,73,61,41,53,41,62,83,80,54,71,41,32,49,66
HOBBIES_2_010_TX_2_validation,HOBBIES_2_010,HOBBIES_2,HOBBIES,TX_2,TX,53,54,33,36,19,30,36,69,40,39,31,29,33,38,73,30,43,34,32,32,51,57,60,39,27,32,38,39,42,57,41,29,31,30,43,62,47,44,31,44,42,36,41,61,41,39,29,30,40,59,38,39,26,30,31,48,62,60,28,45,29,28,46,52,56,44,30,33,31,53,51,47,32,30,25,28,59,65,66,33,22,37,45,40,58,36,41,36,20,26,35,39,46,45,32,43,30,48,64,70,35,40,28,45,36,63,71,31,42,28,49,28,41,42,33,42,49,41,48,59,48,45,36,37,29,35,60,55,37,32,40,37,65,76,42,41,28,23,49,61,53,70,55,24,43,31,51,97,74,42,50,22,38,53,70,51,47,46,20,33,39,69,73,38,31,38,27,46,58,64,47,41,50,37,44,58,49,35,29,46,30,52,59,58,55,41,31,32,58,69,69,43,29,42,38,52,46,51,36,44,42,36,59,83,63,51,36,33,44,41,73,80,52,40,28,38,61,62,72,49,44,36,26,46,59,67,46,51,41,33,43,57,62,43,33,47,38,54,55,48,45,25,46,32,49,71,58,36,55,27,21,61,47,77,51,45,35,31,48,55,77,40,47,48,31,56,55,60,43,37,42,29,63,53,46,46,40,44,39,36,81,59,51,63,52,40,38,49,78,45,42,32,42,66,89,58,55,43,49,39,45,87,65,46,46,35,42,52,58,95,39,48,42,31,51,51,91,47,43,59,33,69,78,39,46,49,43,40,48,60,61,70,37,38,40,39,77,49,39,35,29,51,61,84,77,49,45,52,54,42,108,49,46,46,45,57,68,78,80,55,40,48,41,47,90
HOUSEHOLD_3_001_TX_2_validation,HOUSEHOLD_3_001,HOUSEHOLD_3,HOUSEHOLD,TX_2,TX,57,52,41,41,37,27,39,59,78,36,34,33,36,55,64,43,48,50,36,32,63,44,57,45,40,41,26,44,55,43,30,48,38,28,38,60,66,35,43,47,38,40,59,53,39,39,33,28,52,73,69,35,47,49,27,40,46,45,57,32,43,24,35,52,64,42,39,32,31,38,71,62,42,37,40,42,43,71,51,43,39,47,32,29,51,82,30,25,45,41,46,70,54,36,55,33,26,33,81,62,53,57,35,52,49,65,77,46,48,35,40,65,73,55,47,38,39,48,53,77,67,59,33,41,51,45,95,51,44,49,41,22,56,68,55,45,25,36,43,54,80,85,40,35,48,37,51,103,78,49,47,42,28,57,65,54,44,32,28,33,44,94,81,44,48,41,35,43,64,57,47,62,41,29,52,85,90,36,44,45,47,52,69,59,36,53,34,27,49,46,59,45,44,38,40,75,35,85,35,49,53,38,57,81,79,38,49,42,44,61,70,66,56,41,49,34,78,78,69,45,45,47,51,43,52,60,47,42,48,43,54,92,98,57,50,44,32,68,69,66,53,35,56,48,48,57,57,43,36,47,44,43,103,54,31,53,44,38,59,73,78,50,42,47,49,57,73,87,53,33,46,42,61,78,69,57,36,66,43,46,53,76,49,51,65,43,72,60,74,44,37,47,56,71,117,69,58,55,47,51,53,65,63,43,32,45,24,55,45,94,50,21,47,46,53,102,80,52,55,61,33,51,78,48,58,66,46,30,71,103,33,61,56,52,46,63,74,94,57,75,56,46,50,87,61,49,47,35,61,47,83,62,40,48,46,59,67,83,85,53,45,42,39,66,56
HOUSEHOLD_3_002_TX_2_validation,HOUSEHOLD_3_002,HOUSEHOLD_3,HOUSEHOLD,TX_2,TX,64,74,45,57,48,32,55,49,50,31,29,38,37,55,55,73,46,46,14,39,62,37,64,41,57,31,56,68,70,45,44,50,43,30,66,68,68,59,52,51,45,47,69,82,36,34,47,39,36,80,71,77,47,61,48,34,71,65,49,37,50,37,69,86,63,44,40,43,43,51,65,70,62,48,43,43,36,69,50,46,38,35,33,83,72,84,60,53,49,59,62,47,65,41,34,48,24,59,49,66,61,41,34,39,65,78,68,44,43,51,41,61,69,53,74,55,48,41,75,63,79,54,45,43,54,37,100,84,54,46,46,47,74,83,74,54,30,30,53,65,89,82,61,57,38,48,65,97,19,81,58,49,35,57,82,96,72,56,54,46,48,65,86,63,44,40,50,57,66,77,63,39,44,51,81,83,65,47,50,47,25,41,43,74,68,60,36,37,46,81,87,70,44,49,39,63,70,66,42,20,45,49,66,56,41,56,40,44,35,43,100,82,57,61,49,43,85,109,60,61,54,58,36,81,67,74,45,47,39,38,74,81,107,56,44,45,45,69,76,57,70,66,46,61,59,101,62,88,34,39,69,43,79,69,60,56,48,55,85,74,50,52,57,53,57,91,88,72,52,52,60,42,75,66,79,42,48,67,51,65,90,88,65,57,41,34,77,63,86,74,44,45,48,56,71,72,52,61,53,35,92,82,80,55,56,43,36,64,113,90,78,50,44,45,76,106,77,45,68,65,55,89,54,67,63,45,64,38,88,74,106,53,30,55,58,55,118,106,61,61,54,58,82,60,111,79,45,70,71,46,103,99,69,72,57,57,44,79,106,56,58,42,45,76,89
HOUSEHOLD_3_003_TX_2_validation,HOUSEHOLD_3_003,HOUSEHOLD_3,HOUSEHOLD,TX_2,TX,17,12,17,8,11,8,9,18,20,10,12,14,14,12,17,16,14,10,11,9,11,18,14,10,11,8,9,16,15,12,13,13,9,12,15,22,13,8,12,10,10,15,23,14,16,10,11,10,11,19,13,7,13,13,7,13,13,18,15,9,6,11,15,14,14,10,11,12,11,15,13,14,15,8,9,11,9,14,19,8,9,12,8,16,19,16,8,11,7,6,15,19,10,12,12,11,10,13,22,17,16,11,8,10,10,20,23,13,11,13,11,21,18,18,16,8,13,9,13,21,15,12,11,11,9,16,14,10,12,13,12,11,13,20,17,13,6,10,6,21,22,22,12,12,8,8,14,17,19,14,11,13,8,11,21,19,16,8,9,11,16,26,14,19,13,14,12,13,17,18,9,8,10,12,13,19,17,16,13,14,13,12,11,16,17,14,11,15,18,17,22,9,13,10,11,17,23,19,13,8,8,5,16,23,9,17,16,12,15,15,15,17,19,11,13,12,19,12,24,11,17,11,10,18,25,17,13,11,11,12,15,25,16,17,15,11,11,17,17,17,10,10,10,9,10,14,22,14,16,15,10,13,21,17,16,8,13,15,15,23,14,13,11,16,16,15,26,22,14,18,11,10,13,25,16,14,12,11,11,15,28,21,15,12,9,10,16,21,20,19,12,16,11,17,21,25,12,16,17,12,7,16,18,16,17,13,11,19,21,20,14,18,13,15,18,27,24,18,15,9,8,13,27,23,14,18,16,14,20,24,15,16,15,13,10,11,18,24,17,9,15,9,17,26,19,11,6,11,11,19,19,18,14,12,18,13,14,13,21,21,16,20,11,19,16
HOUSEHOLD_3_004_TX_2_validation,HOUSEHOLD_3_004,HOUSEHOLD_3,HOUSEHOLD,TX_2,TX,11,18,5,10,14,9,14,17,13,12,11,9,10,11,18,16,18,9,13,7,21,20,18,14,12,10,8,15,23,10,19,9,12,9,14,20,16,13,12,12,11,8,17,22,15,9,10,10,14,18,15,11,17,12,10,17,13,19,9,13,9,12,23,19,12,12,13,14,8,21,21,18,16,9,9,8,22,19,18,17,9,10,12,20,23,19,14,15,9,12,17,18,17,9,11,6,12,16,19,19,15,11,8,12,12,21,23,19,13,11,10,16,12,15,12,14,12,11,15,19,20,16,15,12,14,21,17,22,12,16,12,10,13,18,18,18,12,11,16,14,15,14,12,13,12,10,11,17,14,5,7,13,11,18,18,17,12,11,10,16,16,17,23,15,16,14,12,17,22,14,15,14,14,11,20,22,18,16,16,11,10,19,25,19,14,16,11,6,17,22,23,17,18,13,17,21,22,24,12,13,12,12,20,26,23,13,16,16,14,12,17,22,19,11,13,12,13,23,22,16,17,13,14,18,25,18,17,17,16,15,18,29,19,15,19,14,15,11,24,22,17,16,12,19,14,21,25,12,14,15,11,15,24,21,14,15,13,15,14,19,20,15,17,14,14,23,19,27,16,8,14,9,13,18,21,12,18,17,20,18,21,22,19,18,12,16,22,37,27,23,21,12,11,22,21,25,16,16,15,15,14,17,21,17,20,15,14,17,26,21,13,18,13,12,13,25,29,11,10,15,14,17,21,23,10,11,11,12,17,11,16,19,17,17,15,18,19,18,14,18,16,11,20,27,25,20,15,14,14,23,28,23,21,21,22,21,31,31,10,18,11,20,13,21,24
HOUSEHOLD_3_005_TX_2_validation,HOUSEHOLD_3_005,HOUSEHOLD_3,HOUSEHOLD,TX_2,TX,29,40,28,35,17,16,24,23,30,22,25,24,15,38,44,43,35,20,21,24,39,42,37,24,19,30,21,32,54,34,29,23,18,24,19,52,22,27,23,30,20,22,30,22,34,36,31,23,34,38,34,32,19,27,23,37,45,29,34,35,29,19,38,45,24,28,31,25,26,29,44,48,33,28,26,23,28,39,40,18,34,23,18,46,44,48,26,33,29,22,22,51,38,37,25,25,26,47,36,36,27,24,25,30,31,59,50,30,23,30,32,41,37,39,22,20,31,27,45,33,51,39,40,31,12,38,27,23,33,32,17,14,31,49,41,29,21,25,30,36,47,56,44,39,41,21,26,49,39,32,17,29,23,32,43,28,28,37,29,33,27,47,33,46,22,33,24,44,33,38,36,29,28,24,34,43,36,46,39,36,30,43,40,33,41,32,35,29,31,36,48,39,33,23,28,39,41,55,32,39,31,26,38,28,44,18,27,31,25,49,48,50,33,33,27,31,46,49,57,32,39,34,26,43,55,53,20,24,27,29,42,44,52,19,22,26,39,45,44,60,28,26,31,28,41,45,51,35,39,34,24,29,59,35,42,29,33,24,42,60,41,29,26,15,23,48,32,41,36,32,25,35,45,40,45,31,35,39,31,52,49,31,30,37,30,29,36,44,57,49,29,26,33,52,61,65,44,38,38,31,41,57,52,31,36,32,32,40,55,50,28,28,22,37,40,55,47,29,32,31,19,44,55,44,47,36,37,32,44,29,43,36,26,30,35,41,38,53,23,37,28,41,29,52,38,34,48,29,22,46,49,45,35,31,39,20,42,56,50,29,27,30,24,44,66
HOUSEHOLD_3_006_TX_2_validation,HOUSEHOLD_3_006,HOUSEHOLD_3,HOUSEHOLD,TX_2,TX,21,19,17,13,16,15,21,20,17,15,16,15,5,17,11,19,13,11,15,10,16,17,20,18,11,14,12,17,20,23,17,13,13,14,18,20,24,18,19,9,14,21,26,19,11,18,12,11,24,16,23,13,11,13,14,20,26,17,12,13,14,12,4,14,19,18,11,15,8,18,23,22,12,10,15,8,15,28,21,17,16,15,12,14,34,19,17,15,12,11,23,19,23,19,14,13,15,17,13,27,13,15,10,11,16,24,17,23,15,16,13,21,13,18,14,13,15,14,18,23,32,17,8,16,14,22,26,17,19,15,17,17,18,27,26,17,21,17,12,19,28,30,19,16,18,13,15,27,20,26,16,16,12,23,24,21,16,11,14,15,13,29,21,18,8,15,11,17,16,18,16,14,17,8,19,24,20,14,19,21,9,15,19,21,22,17,14,14,18,28,27,19,9,15,13,23,26,25,16,19,19,9,14,29,22,21,17,17,12,21,27,20,21,10,16,10,15,30,18,14,18,12,17,22,21,28,11,18,11,13,18,32,21,18,15,12,11,21,25,27,17,16,18,13,14,30,21,18,14,12,9,22,8,30,22,13,21,21,19,28,25,24,12,15,17,24,26,31,19,17,18,15,21,22,39,17,19,22,11,23,27,33,15,14,16,13,19,37,25,16,16,17,16,18,18,24,19,15,20,17,22,25,34,15,15,15,16,24,20,22,21,15,15,16,17,29,28,19,22,19,15,20,37,22,18,16,18,23,22,26,26,14,17,22,18,27,33,22,27,11,18,9,14,33,22,25,10,16,12,20,37,35,22,12,13,16,18,32,35,16,15,13,15,22,28
HOUSEHOLD_3_007_TX_2_validation,HOUSEHOLD_3_007,HOUSEHOLD_3,HOUSEHOLD,TX_2,TX,56,25,43,44,51,43,46,69,56,53,39,44,48,75,44,38,37,40,34,45,42,49,75,51,43,30,44,48,66,64,59,45,34,37,58,87,55,42,48,32,32,51,71,73,48,43,44,26,52,87,71,47,48,30,41,51,67,57,60,38,31,26,29,69,52,35,40,46,37,54,83,72,49,34,36,38,60,72,55,52,58,43,43,49,65,42,50,19,28,41,43,41,64,34,53,45,53,58,95,51,43,47,41,40,54,66,52,42,36,34,40,47,62,83,54,52,52,53,55,74,58,41,31,34,36,57,54,53,29,39,43,41,52,67,66,63,42,42,30,61,70,59,39,49,34,45,77,88,67,58,40,32,42,50,52,44,48,56,42,40,56,59,61,65,61,53,48,75,57,105,30,44,13,48,44,58,87,50,53,40,34,68,77,72,46,46,39,49,59,84,65,72,47,48,47,49,70,77,37,52,33,30,46,82,107,40,49,55,47,51,86,63,53,40,56,46,56,81,72,58,57,49,36,39,88,63,67,35,38,43,62,92,87,54,57,29,41,71,79,93,45,59,42,49,50,80,85,64,51,55,50,58,81,86,77,56,36,48,85,69,54,62,51,49,43,55,68,78,65,47,61,46,72,73,76,61,50,37,57,61,48,67,76,64,51,54,81,82,91,48,41,49,53,80,79,63,83,50,39,52,107,83,77,67,62,38,61,63,83,59,55,68,61,51,32,70,83,54,60,58,60,41,77,65,52,52,53,54,55,78,79,60,47,44,46,46,62,75,61,66,34,52,85,89,67,56,74,63,42,56,91,86,78,52,36,46,60,39,75,72,63,48,44,60,76
HOUSEHOLD_3_008_TX_2_validation,HOUSEHOLD_3_008,HOUSEHOLD_3,HOUSEHOLD,TX_2,TX,60,36,41,38,36,18,50,56,56,50,38,24,33,28,51,43,37,23,23,27,39,48,63,41,36,29,21,41,72,51,46,42,36,31,33,51,46,40,24,29,33,36,44,42,36,18,27,36,45,58,32,35,34,36,38,51,48,45,50,32,26,30,54,45,46,32,42,35,37,57,38,43,36,36,37,28,37,66,57,42,20,42,33,42,46,45,33,21,28,21,43,43,60,26,45,40,25,43,47,58,55,45,29,33,58,63,63,46,37,34,24,38,47,49,42,36,36,37,41,66,66,44,33,42,36,51,76,61,54,36,32,41,36,80,68,42,46,40,24,38,62,56,53,40,26,30,53,37,39,39,45,34,37,46,58,48,49,28,34,42,39,41,32,48,44,34,25,46,74,41,52,25,28,35,56,78,67,57,40,32,43,61,72,63,56,42,37,40,52,72,55,52,46,39,30,60,46,46,45,19,49,35,63,84,56,56,31,41,32,56,73,56,49,48,39,54,48,83,72,28,52,46,36,53,69,75,41,53,30,23,56,79,57,24,28,42,36,63,65,50,48,49,49,35,51,74,50,52,39,38,37,52,89,54,42,53,43,42,40,68,70,40,47,38,32,61,80,62,51,53,36,40,47,52,56,36,46,33,27,59,75,57,54,35,37,41,63,61,54,57,48,41,47,73,71,54,52,36,50,33,50,56,64,50,49,42,39,47,63,45,61,42,54,37,33,61,63,49,49,42,36,43,62,71,57,38,50,43,44,72,68,38,32,45,35,70,93,70,58,35,30,38,40,73,54,51,43,47,42,50,50,67,32,56,47,46,44,75,56,51,36,42,29,53,47
HOUSEHOLD_3_009_TX_2_validation,HOUSEHOLD_3_009,HOUSEHOLD_3,HOUSEHOLD,TX_2,TX,26,17,16,17,14,14,18,24,29,19,9,15,18,19,15,17,16,13,19,10,18,24,29,17,19,14,13,17,15,27,20,15,13,10,17,24,24,19,12,12,13,18,28,16,19,16,13,15,21,15,32,17,17,16,14,17,25,23,19,21,14,11,20,21,18,15,11,11,18,24,25,18,11,15,17,14,23,23,22,20,12,16,15,19,32,27,12,15,13,14,16,20,23,18,13,12,10,21,24,21,21,8,17,19,12,16,17,14,20,15,21,19,24,31,9,17,17,18,24,28,31,24,19,12,15,24,25,28,18,15,16,11,22,23,27,14,24,13,18,20,29,28,18,16,15,9,25,27,23,19,16,9,14,21,23,25,22,15,11,15,23,37,23,19,22,13,17,24,31,22,16,17,16,11,24,32,19,23,13,14,16,22,35,29,21,15,15,13,20,38,25,20,16,14,16,23,35,23,18,15,18,19,27,38,19,21,20,12,19,12,27,17,33,18,20,16,19,35,26,15,16,14,16,21,27,29,32,19,14,24,29,32,27,22,10,12,19,29,18,22,18,15,19,19,18,21,21,19,25,18,23,27,26,28,19,14,17,19,20,28,24,27,18,17,16,25,30,33,19,26,15,17,26,30,28,17,22,19,17,14,33,31,9,22,17,11,19,23,23,24,22,20,16,36,15,22,23,17,17,17,22,22,33,25,26,11,20,20,30,25,18,22,25,24,29,24,28,22,22,21,16,30,46,31,19,24,23,20,24,40,23,22,28,19,18,26,26,22,20,19,23,19,32,35,34,25,27,19,18,19,37,26,26,21,15,18,23,23,32,31,16,9,26,17,43
HOUSEHOLD_3_010_TX_2_validation,HOUSEHOLD_3_010,HOUSEHOLD_3,HOUSEHOLD,TX_2,TX,10,10,5,5,5,4,5,8,7,5,3,4,6,7,7,8,7,4,6,3,6,7,9,4,6,5,5,8,9,10,7,8,6,5,6,11,8,6,6,4,4,7,7,10,3,5,5,4,9,9,7,6,4,6,6,6,9,6,5,7,5,7,7,7,12,4,5,5,5,6,9,10,8,8,4,5,7,5,8,7,5,4,5,9,9,4,8,4,4,5,7,8,9,6,4,4,5,7,8,5,5,6,5,6,8,6,7,7,6,6,6,9,6,8,7,7,7,7,9,8,10,9,7,6,7,7,10,8,4,7,5,5,8,8,10,6,6,2,5,6,9,7,5,5,6,7,7,8,8,8,6,4,4,7,9,8,6,6,6,5,9,10,7,6,6,5,4,6,11,7,6,7,5,8,10,5,7,7,5,6,6,5,12,12,5,5,5,7,10,9,8,8,6,6,6,9,10,6,8,7,7,4,9,8,4,7,5,6,4,7,6,8,7,8,5,5,9,11,10,8,6,5,6,4,6,12,9,5,4,6,9,8,9,4,6,6,6,11,7,12,6,5,7,5,6,11,10,6,9,5,4,6,7,9,9,4,8,5,7,8,8,7,6,6,3,8,11,9,7,6,7,6,8,11,11,5,7,5,7,6,10,10,4,4,5,8,8,11,3,9,7,7,6,6,9,8,8,6,7,7,11,11,9,7,3,6,7,8,10,9,10,7,6,9,6,9,8,6,8,5,6,9,12,8,8,6,6,4,6,11,15,7,7,7,7,10,12,10,9,7,6,7,9,9,8,5,5,6,7,8,12,11,6,6,5,6,9,11,8,9,7,7,6,7,8
FOODS_1_001_WI_1_validation,FOODS_1_001,FOODS_1,FOODS,WI_1,WI,60,32,37,21,24,27,23,40,42,19,25,25,22,32,49,45,42,28,19,15,46,46,46,39,31,35,31,44,39,50,36,24,38,26,24,54,48,32,34,24,30,43,51,44,33,39,26,28,37,51,56,43,35,31,30,49,38,42,30,35,28,19,33,50,49,33,25,38,31,42,52,35,36,17,32,9,33,50,48,26,27,22,35,33,49,48,40,35,34,22,42,36,50,45,25,21,38,35,56,31,42,39,40,39,32,63,52,36,34,43,23,41,63,50,27,33,20,27,30,45,57,33,32,41,31,40,48,51,47,27,34,22,26,55,50,23,27,28,32,53,39,46,50,42,17,28,44,60,60,24,35,33,37,46,58,53,38,42,26,38,40,47,47,36,47,24,22,33,51,42,20,29,25,37,47,58,33,49,29,38,34,35,58,51,47,30,34,25,53,53,41,44,42,30,44,56,55,46,29,27,20,35,42,49,22,43,35,33,31,52,37,76,29,34,15,33,41,55,56,36,47,30,35,36,68,41,38,31,36,26,38,54,48,40,30,29,32,57,53,60,44,30,39,32,54,87,53,51,44,31,29,33,71,44,36,51,31,44,63,47,62,45,43,43,21,51,66,49,49,47,32,24,63,49,40,43,20,36,39,41,65,60,46,35,36,35,47,57,75,45,41,27,49,55,63,74,32,30,44,42,29,48,38,51,39,39,27,49,41,65,58,21,46,33,51,56,44,58,34,48,40,45,82,56,55,49,27,29,46,59,62,28,39,41,41,42,49,53,48,30,35,32,33,42,74,51,48,35,36,54,82,62,38,45,16,29,50,70,66,41,39,35,40,54,61
FOODS_1_002_WI_1_validation,FOODS_1_002,FOODS_1,FOODS,WI_1,WI,7,8,6,5,5,4,6,9,3,5,6,3,5,8,10,9,8,6,4,5,4,10,7,7,5,6,5,6,9,5,6,5,3,4,5,6,7,6,3,5,5,6,10,13,8,4,4,4,7,8,8,6,5,5,6,7,6,9,7,5,5,4,5,7,7,8,5,4,4,7,11,9,6,7,5,4,5,7,6,4,5,4,6,7,10,9,5,5,6,3,4,9,8,1,3,4,5,6,11,7,5,8,6,6,6,8,8,6,6,5,5,6,11,7,6,4,4,4,7,10,10,8,4,4,4,10,10,10,5,6,6,3,6,10,5,8,6,4,5,8,9,8,6,7,6,6,8,10,10,9,6,3,6,8,10,7,4,6,5,5,6,9,7,9,6,6,6,9,10,10,8,8,6,4,7,7,8,5,7,3,4,8,11,5,7,7,4,3,7,10,8,7,6,8,3,7,9,6,7,5,5,4,8,11,9,8,6,8,4,5,11,8,5,5,7,6,9,10,9,7,6,6,4,9,10,5,5,6,6,5,6,12,11,7,4,5,5,5,11,10,5,7,7,6,7,15,10,6,8,4,4,7,12,8,7,5,7,6,5,10,10,7,6,5,7,7,12,9,6,6,6,5,7,8,12,6,5,7,3,8,8,10,7,5,6,6,7,10,11,8,6,6,5,10,7,11,8,5,5,7,8,14,8,7,6,6,6,7,10,8,8,9,8,5,7,10,6,7,7,6,6,7,10,9,6,8,8,5,6,9,8,7,7,8,4,10,11,5,6,7,5,5,8,13,7,9,9,5,7,7,9,9,8,6,8,5,5,11,7,7,7,6,4,7,14
FOODS_1_003_WI_1_validation,FOODS_1_003,FOODS_1,FOODS,WI_1,WI,47,47,20,24,23,26,23,44,34,16,23,25,26,29,36,21,28,20,21,24,32,40,28,19,20,16,25,30,51,37,34,26,27,21,36,44,25,31,27,14,21,36,21,40,29,24,37,24,26,35,41,30,23,27,17,35,34,40,37,15,21,12,34,47,31,30,26,25,25,33,35,33,19,14,23,29,24,34,36,26,25,25,23,25,31,38,20,30,25,27,34,39,44,28,23,16,22,26,34,33,31,20,17,14,34,45,33,26,30,23,24,33,32,40,29,23,22,16,37,42,38,29,28,17,36,36,43,52,31,36,35,29,32,40,35,34,21,24,13,25,42,43,35,27,22,21,28,58,35,32,25,28,19,29,45,33,34,29,25,23,31,49,43,39,20,18,22,31,41,51,32,28,23,23,34,41,41,33,32,30,26,42,45,33,20,35,23,29,44,35,33,36,30,25,26,39,50,52,27,34,36,27,44,42,42,34,29,22,19,41,51,27,35,30,24,27,28,40,34,37,26,24,21,40,50,38,34,12,22,31,33,34,56,21,21,22,21,44,43,61,19,34,25,23,32,42,49,28,29,33,15,50,56,46,35,30,24,30,34,36,53,27,34,27,29,29,37,49,43,36,29,20,20,63,38,41,33,16,25,39,31,39,26,38,23,29,30,40,42,34,30,18,31,48,48,42,41,33,28,24,37,30,46,44,17,15,31,53,66,42,38,38,20,17,36,39,47,31,42,33,26,22,52,47,33,27,26,36,48,45,49,38,23,25,35,30,43,43,33,25,27,17,43,48,32,31,18,23,18,56,52,46,28,33,30,32,35,43,40,33,32,38,35,37,74
FOODS_1_004_WI_1_validation,FOODS_1_004,FOODS_1,FOODS,WI_1,WI,75,75,61,35,49,41,44,80,51,54,47,36,54,64,58,80,46,41,50,45,52,92,54,64,38,45,37,64,41,51,56,53,37,49,47,78,64,35,61,38,34,51,65,69,46,41,47,41,61,67,70,35,56,40,39,63,75,75,66,44,43,63,51,63,78,61,54,38,40,57,69,70,49,61,35,56,43,103,81,45,47,51,48,56,59,83,56,61,44,44,75,78,51,38,31,37,39,69,90,40,60,44,49,59,49,83,85,55,42,40,39,62,65,79,59,32,56,63,54,90,90,62,55,30,41,58,97,53,76,66,37,33,74,73,68,66,38,56,33,45,92,82,31,59,66,45,77,75,89,26,44,75,58,58,78,57,56,33,53,40,71,70,64,67,46,44,59,81,93,74,85,65,42,52,51,87,72,51,56,40,44,69,82,72,54,49,65,56,42,65,57,53,65,41,51,78,46,68,39,46,54,30,64,53,57,73,60,37,47,62,87,90,89,49,70,39,63,75,70,62,62,54,55,75,89,76,52,49,65,43,74,110,86,63,73,53,44,88,78,80,54,31,35,38,67,88,85,52,46,84,42,73,104,87,58,42,40,45,65,85,68,55,71,41,42,50,136,49,57,76,67,53,75,68,56,54,50,58,49,91,92,55,44,52,45,50,80,98,64,78,52,54,41,75,95,106,55,58,58,54,88,75,90,71,53,56,53,76,84,70,66,65,44,60,73,87,82,49,60,52,54,69,81,65,42,54,27,37,83,74,95,72,49,66,66,50,107,74,45,61,61,51,98,105,84,68,95,61,67,86,71,67,65,58,59,66,85,65,75,88,67,38,51,45,113
FOODS_1_005_WI_1_validation,FOODS_1_005,FOODS_1,FOODS,WI_1,WI,33,36,24,27,27,34,26,51,34,25,25,34,14,35,50,30,32,22,34,17,36,37,37,27,32,26,17,35,44,46,31,18,31,29,36,44,42,37,34,28,27,34,62,23,26,23,36,23,20,35,44,30,26,27,30,39,36,42,40,28,23,19,35,41,38,32,24,33,24,47,52,39,23,31,28,21,26,43,42,32,28,33,21,47,29,34,23,29,28,34,36,51,32,22,36,32,26,28,66,48,27,29,19,26,31,66,48,15,39,29,33,37,46,34,36,35,17,21,26,61,51,30,35,20,27,42,40,42,36,36,19,25,29,51,40,38,21,25,36,34,56,33,23,38,32,24,48,40,35,33,28,21,26,38,54,66,41,23,44,27,39,40,43,33,34,33,24,46,42,53,29,23,27,25,30,44,39,34,34,28,22,34,57,38,27,21,25,32,32,47,40,30,39,28,20,26,38,34,40,29,29,26,36,58,54,47,25,27,29,50,42,54,30,37,30,22,37,55,19,41,22,28,27,17,43,50,48,37,35,16,36,68,55,32,32,36,34,38,47,50,42,29,19,28,29,70,38,35,27,27,33,48,57,56,32,25,26,31,49,38,44,34,27,34,35,60,71,55,33,37,19,33,43,52,40,42,26,38,33,44,41,41,26,39,31,26,39,63,37,34,23,25,28,50,59,58,42,27,42,34,56,70,48,34,18,33,30,36,47,54,23,42,37,28,41,56,57,53,30,41,29,38,50,60,34,35,29,28,53,53,43,35,36,32,30,40,65,56,37,35,27,30,36,56,49,37,36,35,38,49,65,47,41,47,32,32,44,53,64,35,43,38,31,39,55
FOODS_1_006_WI_1_validation,FOODS_1_006,FOODS_1,FOODS,WI_1,WI,27,24,16,8,12,9,15,20,23,19,10,12,11,13,21,24,12,17,10,17,17,19,23,24,18,13,16,26,21,22,13,13,13,12,22,14,21,16,13,16,15,18,24,21,18,19,17,19,21,14,24,14,19,13,9,19,22,23,18,16,15,15,19,23,21,15,14,17,17,21,25,22,17,16,12,11,19,20,18,14,19,19,13,19,27,18,17,21,14,13,18,23,24,18,9,16,11,21,24,23,18,14,13,16,17,19,25,19,15,15,14,21,29,25,21,21,16,14,13,18,25,17,14,17,16,21,23,32,17,19,14,11,20,38,28,17,18,14,16,27,22,25,19,15,14,15,17,30,23,17,13,13,13,18,20,28,23,16,12,12,21,26,16,10,17,18,18,18,32,23,14,22,10,14,18,28,29,12,14,19,12,14,24,21,21,17,13,18,20,19,21,17,23,15,11,20,30,24,23,19,18,17,26,32,19,15,19,13,12,25,24,28,21,17,19,17,25,19,24,14,16,13,12,21,36,27,20,12,22,16,26,25,29,14,18,19,21,30,32,19,17,16,21,15,23,39,25,15,19,13,13,21,40,24,22,17,17,20,25,28,24,26,24,17,19,27,24,25,23,19,15,14,25,23,24,17,20,21,8,17,26,31,14,21,22,16,24,28,18,18,22,20,18,22,32,27,13,15,15,12,22,33,37,18,16,21,14,28,29,25,20,25,17,12,31,34,28,8,16,17,12,21,23,29,24,22,20,14,31,31,16,23,16,17,17,25,36,28,27,17,22,12,17,33,21,25,20,22,19,29,36,29,21,23,25,16,29,29,26,24,22,20,18,24,22
FOODS_1_007_WI_1_validation,FOODS_1_007,FOODS_1,FOODS,WI_1,WI,7,14,11,10,7,6,11,14,15,10,11,10,8,8,17,14,8,8,6,4,9,8,14,10,7,9,5,14,13,14,8,9,8,7,10,15,11,6,9,10,5,11,14,15,10,8,6,8,9,12,13,8,9,9,5,13,14,16,9,13,11,8,11,7,13,11,9,9,9,11,15,12,8,12,6,8,13,14,15,13,9,10,9,9,10,19,11,8,13,6,9,13,16,10,9,7,8,11,10,13,9,12,9,11,7,12,12,9,10,8,7,19,16,8,12,14,10,7,11,18,11,10,8,10,10,15,18,18,14,7,8,7,12,13,13,13,11,8,10,13,16,16,5,8,7,9,14,14,12,6,11,7,9,10,17,16,7,12,10,11,9,12,13,11,9,6,9,12,15,15,12,10,8,6,15,13,11,11,11,12,7,11,17,17,10,12,8,9,9,18,17,12,6,9,10,11,20,22,9,12,9,10,12,16,14,13,7,8,9,11,21,17,9,10,11,10,13,16,19,8,15,10,13,13,25,13,12,12,12,8,9,14,15,11,11,12,9,8,20,19,13,10,11,12,10,15,14,9,17,10,7,9,20,20,14,15,9,7,20,15,18,10,13,7,15,14,12,9,12,13,9,12,11,20,15,14,9,9,7,17,16,15,11,12,6,7,17,18,14,15,12,13,9,11,13,20,15,13,8,7,16,19,13,14,16,10,10,17,22,17,8,14,9,11,17,20,17,13,10,11,8,16,21,16,11,7,9,9,14,15,20,17,12,8,5,14,17,13,12,17,15,14,13,17,20,13,13,8,11,10,9,16,16,13,11,6,10,17,16,13,16,11,13,12,10
FOODS_1_008_WI_1_validation,FOODS_1_008,FOODS_1,FOODS,WI_1,WI,71,44,37,33,39,27,49,70,62,33,45,36,30,56,60,71,51,43,36,24,33,91,61,54,39,35,35,49,60,74,50,42,43,41,51,68,64,49,39,43,27,49,61,65,37,35,31,39,31,50,34,38,40,46,44,35,57,62,41,33,24,27,61,76,89,52,32,41,39,55,60,55,49,33,46,28,37,58,65,54,44,33,35,45,77,61,58,47,36,35,51,63,68,49,36,55,38,40,72,47,49,41,39,30,49,63,60,63,37,41,27,30,61,77,35,48,49,48,58,55,46,29,58,47,42,27,74,63,50,39,41,30,53,49,74,55,49,28,38,60,77,84,38,40,44,39,62,42,58,45,50,50,41,74,66,55,64,42,35,46,45,75,80,48,55,45,27,64,90,70,45,47,37,50,57,74,62,60,36,62,40,57,56,86,54,52,37,50,48,83,60,38,40,33,39,72,95,97,48,44,45,27,49,62,54,47,32,43,27,49,47,81,71,40,35,46,49,54,43,38,56,54,36,61,90,49,53,30,42,47,72,81,37,40,44,46,43,49,87,68,40,41,68,52,68,77,54,51,40,43,34,64,62,59,57,66,35,36,58,66,38,70,37,48,48,45,78,78,31,46,49,50,38,76,82,57,55,52,35,70,86,63,53,56,57,41,64,96,63,70,40,44,50,73,79,44,52,46,45,54,46,75,68,52,40,48,40,52,69,63,44,41,32,59,63,75,86,58,55,48,59,92,106,27,48,44,60,41,57,70,67,55,56,46,43,55,82,45,36,40,53,30,73,80,57,62,41,48,40,74,92,88,70,58,51,28,63,47,55,65,39,53,44,60,74
FOODS_1_009_WI_1_validation,FOODS_1_009,FOODS_1,FOODS,WI_1,WI,24,18,17,19,17,19,21,25,19,16,15,22,12,17,25,33,23,18,12,16,26,37,14,17,19,22,12,17,26,19,12,27,16,14,17,29,24,24,14,17,16,25,28,30,22,22,20,16,31,26,36,26,21,18,14,24,31,27,24,23,15,15,17,33,37,16,16,13,15,14,38,33,23,23,22,17,18,26,28,19,27,19,18,29,33,28,29,22,17,18,22,26,34,20,17,20,22,14,27,16,7,21,14,21,19,36,31,18,18,20,20,32,34,30,23,19,18,15,27,27,31,23,23,20,15,20,39,28,30,10,20,22,26,34,34,27,24,25,17,35,26,37,25,31,21,21,17,39,33,27,17,18,20,26,35,32,21,20,17,30,28,46,25,23,20,22,20,20,37,33,26,27,24,26,28,40,30,25,24,18,20,20,43,40,18,27,25,21,29,38,23,36,12,15,24,32,47,33,20,22,25,17,21,35,28,24,19,24,18,25,40,25,20,24,17,25,22,34,27,33,18,30,20,27,20,44,28,17,19,13,23,35,44,38,25,15,30,18,42,34,32,19,26,26,31,36,40,33,21,19,18,15,43,34,24,21,24,18,34,34,26,29,19,22,25,29,38,31,27,20,25,19,28,29,38,23,18,20,24,32,20,30,34,30,17,25,21,31,27,31,24,25,13,35,50,37,38,28,31,20,31,33,25,22,26,17,22,17,35,37,23,23,23,20,32,25,27,21,23,32,24,20,40,32,25,21,22,14,29,41,30,24,19,21,22,29,44,43,24,24,18,20,31,45,35,29,18,25,18,40,54,48,23,28,12,27,31,25,41,26,23,26,27,33,21
FOODS_1_010_WI_1_validation,FOODS_1_010,FOODS_1,FOODS,WI_1,WI,54,44,41,30,32,28,39,49,52,23,31,26,34,51,52,47,41,34,31,31,38,60,66,36,37,19,19,43,49,42,41,32,35,31,48,52,49,36,31,35,25,51,43,46,35,38,40,32,55,46,47,28,27,39,29,38,44,57,35,27,33,34,41,49,51,28,40,36,38,36,37,36,31,27,37,28,41,49,50,45,47,40,32,41,69,42,40,27,42,41,32,41,47,44,30,29,36,46,55,53,42,42,40,29,43,50,57,32,28,31,18,11,61,58,32,35,45,31,56,49,55,44,33,32,31,37,60,66,51,51,32,29,51,74,65,47,31,30,36,50,57,59,42,43,31,24,34,50,48,42,31,28,23,48,59,57,38,52,27,34,26,64,47,31,42,27,28,56,62,51,44,35,41,33,38,42,69,31,45,30,30,59,52,53,53,44,42,29,39,68,57,43,29,32,23,49,67,68,31,45,37,42,31,81,55,46,33,30,39,45,82,54,52,38,16,32,56,64,52,47,50,46,25,50,65,45,38,32,31,25,48,72,51,60,51,36,34,63,55,62,54,37,38,27,38,83,64,52,44,40,33,68,48,45,40,45,40,31,47,59,63,42,56,37,35,58,72,74,55,40,49,34,40,65,65,49,46,33,42,66,55,72,51,48,34,39,52,66,64,52,55,48,45,66,69,51,49,47,47,42,51,83,66,46,28,44,29,42,73,68,37,40,40,45,47,78,52,36,53,53,48,61,69,70,54,59,35,34,44,87,64,42,27,35,41,35,56,64,47,34,35,37,58,77,63,62,40,33,25,61,68,45,52,53,44,34,42,73,65,74,36,46,35,47,55
HOBBIES_2_001_WI_1_validation,HOBBIES_2_001,HOBBIES_2,HOBBIES,WI_1,WI,46,44,46,26,40,31,26,41,37,35,40,34,22,48,39,37,43,38,35,28,38,38,46,30,31,44,30,30,62,59,46,29,30,21,52,51,34,48,28,28,23,30,55,40,25,39,34,39,37,51,49,37,34,29,18,42,57,44,55,30,27,32,42,35,56,33,41,34,28,51,46,35,27,35,43,29,47,56,44,25,35,37,33,38,47,43,33,34,31,33,33,53,49,34,36,26,38,45,59,49,35,29,27,21,43,61,38,48,23,38,25,52,62,77,34,19,20,29,44,46,54,46,39,33,26,50,70,45,30,43,35,33,58,35,49,42,50,33,28,45,64,64,51,22,28,37,46,61,45,42,34,37,35,47,59,50,53,44,34,38,62,46,45,41,38,30,37,44,69,46,33,35,33,26,46,50,73,40,39,26,36,38,68,37,41,45,36,32,57,48,41,32,29,38,31,55,64,58,27,42,44,34,37,40,65,43,27,38,33,61,49,59,52,41,34,31,43,53,47,52,46,41,35,48,41,63,43,29,44,33,54,65,45,49,33,24,39,49,62,64,33,31,28,31,51,85,53,45,28,33,20,70,38,51,42,53,39,25,45,62,49,37,33,31,28,39,57,66,32,33,38,39,63,70,59,44,39,28,38,44,64,47,43,32,42,33,51,57,66,48,33,31,42,26,80,50,51,43,35,38,50,73,49,51,24,43,36,54,71,76,46,33,52,39,59,59,54,47,45,41,29,66,49,64,46,62,36,28,57,58,73,54,47,33,43,75,60,58,45,39,40,37,51,54,75,50,50,44,17,61,76,64,67,51,48,25,66,75,45,50,28,46,39,46,76
HOBBIES_2_002_WI_1_validation,HOBBIES_2_002,HOBBIES_2,HOBBIES,WI_1,WI,17,21,20,9,8,8,18,13,24,11,15,11,10,18,23,16,16,15,8,12,16,13,19,15,16,14,15,18,17,18,18,16,15,14,18,22,19,18,14,7,13,20,18,18,15,18,12,11,18,22,17,15,14,16,10,17,24,25,13,19,8,8,18,15,18,17,18,14,13,20,15,23,16,12,11,12,20,27,20,19,11,12,17,22,19,24,14,13,13,9,19,29,20,14,13,7,6,24,21,17,13,14,13,14,13,25,24,15,17,17,12,18,24,24,19,17,16,13,21,27,21,21,10,14,14,18,32,21,21,13,13,14,18,18,23,17,13,8,9,13,23,27,14,17,11,13,17,24,21,17,18,16,14,19,20,20,17,16,11,7,19,19,28,19,17,10,16,16,28,26,12,12,19,9,21,19,28,16,15,18,18,19,27,22,24,20,15,16,23,21,22,21,11,17,15,16,30,25,15,11,13,11,17,23,29,13,12,14,21,13,15,29,16,13,16,16,23,28,20,20,17,19,18,16,34,21,13,22,18,8,18,22,21,25,15,14,17,18,38,25,22,23,13,17,18,27,15,16,21,18,14,21,30,28,20,20,15,10,16,24,15,14,13,11,10,28,31,23,19,15,14,18,21,21,30,20,20,16,15,20,29,19,21,11,14,19,16,23,22,16,16,16,19,25,30,24,16,19,17,17,19,28,26,17,21,11,13,17,25,22,17,20,17,13,23,30,15,17,19,18,17,18,29,16,19,24,19,16,19,34,25,18,22,17,17,15,25,29,19,17,13,18,20,29,33,27,15,16,18,19,33,29,22,17,17,17,23,19,33,20,18,21,16,17,26
HOBBIES_2_003_WI_1_validation,HOBBIES_2_003,HOBBIES_2,HOBBIES,WI_1,WI,67,63,40,34,40,49,60,49,58,54,55,54,36,61,70,60,48,43,50,27,57,87,80,53,36,47,48,47,72,60,42,40,42,31,41,55,67,34,24,52,31,51,81,45,34,38,49,39,54,64,71,63,71,40,51,65,73,36,45,41,45,38,48,98,82,29,42,48,50,50,67,66,57,31,25,50,44,100,54,48,49,24,63,51,59,50,54,48,33,29,68,62,43,49,42,60,36,53,75,59,56,37,41,44,70,64,59,68,41,43,56,58,69,65,44,51,36,48,57,77,92,37,47,50,37,69,66,72,51,49,45,42,52,64,73,53,41,48,38,77,112,89,67,56,43,26,47,65,87,56,42,29,63,65,89,63,52,45,46,59,45,75,76,53,59,30,60,43,59,65,47,53,49,45,43,75,72,68,51,50,61,46,71,55,73,66,61,49,66,71,83,41,37,43,61,55,72,77,66,63,37,44,64,84,86,65,51,59,54,73,71,84,70,46,49,59,67,78,96,51,34,41,56,69,81,90,59,49,57,42,69,68,59,47,51,42,40,61,80,52,28,56,50,33,69,89,71,81,66,45,43,45,102,80,68,30,57,42,72,91,76,51,57,42,57,55,83,65,61,42,42,69,76,89,85,63,53,58,40,87,86,90,79,59,42,60,89,51,77,64,51,38,39,42,101,100,77,54,54,59,64,69,70,63,47,57,35,64,93,82,52,63,55,28,74,79,71,51,44,54,55,70,103,90,37,45,65,37,31,119,86,54,46,59,54,73,84,60,62,68,47,56,63,102,66,63,62,46,54,69,88,71,76,46,57,42,69,100,78,24,42,30,51,70,83
HOBBIES_2_004_WI_1_validation,HOBBIES_2_004,HOBBIES_2,HOBBIES,WI_1,WI,14,15,12,10,11,5,16,17,8,6,10,6,12,19,12,12,10,11,10,7,17,19,19,12,14,10,7,16,13,14,10,14,9,10,16,15,17,11,11,10,11,13,17,22,9,12,14,9,10,15,15,16,7,11,7,12,21,18,13,13,10,10,13,19,17,16,7,10,9,17,14,15,12,12,10,9,12,14,13,12,9,15,11,11,19,11,16,10,13,10,15,18,7,14,9,11,11,18,22,13,9,12,12,12,17,16,17,10,15,13,10,12,14,18,10,13,11,10,17,11,19,13,11,13,13,15,20,16,11,12,10,10,19,23,13,16,14,12,13,19,22,16,12,11,12,13,11,22,23,9,11,8,12,12,15,22,11,13,11,9,14,18,22,16,13,15,12,13,17,25,16,13,12,11,22,16,21,17,10,10,8,12,23,18,16,14,12,9,17,10,23,7,9,11,8,9,20,16,12,12,8,13,12,22,18,13,11,14,14,19,19,18,12,11,9,10,16,20,16,17,10,12,17,21,18,23,12,14,16,11,18,20,17,16,14,9,11,12,13,18,15,16,8,9,21,17,13,20,13,11,10,13,20,20,16,8,16,11,17,24,18,16,14,12,12,14,17,20,15,14,16,12,15,22,28,11,18,14,12,15,19,13,15,16,12,11,14,21,22,18,8,11,14,13,20,23,15,14,10,11,18,25,18,19,14,13,16,10,11,24,14,15,13,13,19,26,22,19,12,14,9,15,25,23,15,17,9,15,16,13,16,14,11,10,14,15,12,22,14,18,11,8,16,17,16,15,14,12,12,19,21,22,18,12,13,13,12,12,21,12,19,15,10,11,17
HOBBIES_2_005_WI_1_validation,HOBBIES_2_005,HOBBIES_2,HOBBIES,WI_1,WI,23,38,22,23,30,26,31,29,34,23,16,16,21,29,40,28,21,16,13,15,22,25,27,32,18,12,19,29,27,35,32,20,23,22,28,39,34,19,11,21,18,17,32,30,25,26,17,11,24,39,39,21,24,16,19,11,31,33,22,15,21,26,22,29,30,32,16,17,22,20,28,43,33,24,22,17,27,29,42,25,21,21,17,30,33,51,22,26,29,8,25,45,17,31,24,28,18,29,27,31,21,20,22,17,15,37,34,29,22,16,26,26,28,42,34,10,17,19,29,40,50,20,23,15,21,37,15,24,30,27,18,24,36,40,43,27,22,23,24,19,38,33,23,18,13,18,25,43,42,21,19,19,25,25,51,35,28,21,29,23,26,27,39,23,23,18,17,25,37,26,25,20,22,25,30,33,34,30,27,24,29,24,42,34,32,24,32,22,34,36,38,24,26,14,19,26,53,30,24,21,25,20,27,55,37,31,26,19,19,23,29,36,28,24,25,21,38,35,43,32,12,16,14,32,30,44,22,26,19,25,29,36,31,22,27,20,33,41,37,33,27,33,34,13,39,37,31,35,26,31,27,33,53,36,22,35,23,23,28,41,40,22,20,20,22,34,51,56,30,23,13,24,31,38,33,25,28,28,23,37,51,37,36,21,26,21,35,23,47,29,29,21,31,34,38,22,27,14,26,26,37,34,34,29,24,17,21,35,38,37,26,39,26,25,29,46,40,19,35,25,26,29,46,44,21,30,25,19,44,34,41,23,21,31,22,43,39,36,26,24,29,25,31,49,44,29,36,18,26,33,47,41,32,17,27,30,30,52,37,27,24,21,25,30,39
HOBBIES_2_006_WI_1_validation,HOBBIES_2_006,HOBBIES_2,HOBBIES,WI_1,WI,14,16,14,9,11,7,10,21,21,10,13,11,8,13,18,17,15,8,12,11,17,16,19,15,11,10,9,15,21,17,13,9,9,7,19,16,18,10,10,8,8,13,18,16,10,10,12,12,15,18,15,10,11,11,12,12,14,10,15,11,7,9,12,16,18,10,13,9,8,10,17,17,11,11,10,12,13,18,22,19,9,14,8,16,24,18,12,7,9,9,12,18,17,7,7,13,9,12,19,21,8,8,10,13,19,18,18,11,11,11,8,15,21,19,10,10,10,11,15,23,18,16,15,10,11,14,20,19,14,12,11,14,13,17,15,15,13,11,9,15,21,14,15,9,16,10,19,19,22,18,13,9,9,16,19,21,13,13,11,12,16,22,19,17,17,14,11,18,22,15,19,15,11,11,11,19,20,13,9,13,10,13,21,14,14,15,14,12,15,11,17,14,14,10,12,17,20,22,10,10,12,9,15,24,6,21,14,12,10,17,18,19,14,11,12,10,17,23,26,15,19,13,12,13,19,23,11,11,12,11,19,25,14,17,12,13,11,18,12,17,19,13,6,10,19,16,17,16,14,9,7,14,22,20,18,8,14,10,16,23,25,15,13,14,12,19,30,31,15,18,11,10,9,22,18,15,14,13,12,9,16,20,10,15,11,11,17,25,22,14,15,11,8,11,20,21,13,11,11,10,14,22,20,23,13,12,14,16,16,23,14,17,15,18,15,22,17,14,13,7,14,18,33,21,10,16,12,11,17,27,22,23,12,14,13,13,18,24,15,16,13,10,15,17,25,15,11,12,8,19,24,24,14,12,14,12,13,28,19,21,10,16,13,18,35
HOBBIES_2_007_WI_1_validation,HOBBIES_2_007,HOBBIES_2,HOBBIES,WI_1,WI,13,14,14,9,10,9,10,17,12,12,8,9,9,12,16,12,8,10,11,10,13,14,15,9,9,10,5,16,11,20,9,8,8,8,10,14,15,9,12,12,5,17,18,15,10,10,11,14,18,11,14,11,13,9,7,12,15,18,17,12,11,11,14,15,14,14,11,8,11,10,12,12,12,12,10,8,10,19,15,12,10,10,10,19,18,14,12,8,8,11,13,20,10,9,11,8,6,10,15,17,16,8,8,6,14,17,12,10,10,10,7,13,12,16,11,11,12,9,13,10,22,7,10,5,8,18,21,19,11,14,11,11,20,21,16,13,14,11,11,17,26,13,14,12,9,8,18,14,11,11,7,8,8,14,22,14,14,13,6,9,12,19,18,13,9,9,7,14,16,18,14,10,11,9,11,15,9,11,10,8,12,15,20,19,13,11,12,11,17,18,13,13,10,12,11,14,16,20,15,10,8,10,17,13,18,11,9,13,12,14,21,19,9,12,14,11,7,14,20,11,14,16,10,12,15,20,11,11,8,9,12,11,14,15,15,11,10,15,26,14,10,12,12,10,10,22,17,15,16,8,7,16,11,16,12,13,10,12,11,14,18,14,13,15,13,16,22,19,17,13,10,9,18,18,25,10,15,10,12,11,12,23,12,15,10,13,14,15,20,16,14,11,7,12,17,17,17,12,7,5,13,17,19,10,9,13,14,9,17,22,17,10,15,11,17,17,19,11,11,11,11,23,30,17,18,10,13,10,14,31,17,12,10,10,8,16,21,20,14,11,10,12,16,18,18,19,18,12,10,16,25,19,15,11,9,13,17,23,12,20,14,8,14,15,21
HOBBIES_2_008_WI_1_validation,HOBBIES_2_008,HOBBIES_2,HOBBIES,WI_1,WI,45,40,50,32,39,26,34,53,35,26,40,31,27,50,43,72,35,27,37,25,40,72,44,36,34,38,28,53,49,55,32,34,35,29,33,48,57,34,47,32,30,43,53,65,34,36,38,40,44,39,35,41,37,32,28,41,52,48,41,34,27,28,30,30,50,40,26,35,32,36,52,36,43,20,31,38,42,48,36,55,25,41,28,44,53,38,32,44,18,30,58,60,55,43,35,30,38,33,61,41,34,43,31,27,58,44,72,41,44,28,38,51,49,48,27,28,39,31,32,61,66,48,44,21,35,27,42,62,43,46,33,40,47,46,63,40,38,42,48,42,64,52,35,36,40,38,32,54,71,28,27,43,31,27,56,47,34,54,22,29,47,40,67,34,28,40,37,46,47,49,42,31,45,46,33,78,52,30,41,33,36,55,67,47,57,35,41,39,50,65,44,39,30,43,31,43,53,50,41,36,38,33,34,70,59,49,39,40,26,43,68,51,55,50,39,35,67,30,61,52,25,31,41,46,67,34,31,35,46,40,39,51,64,45,43,34,31,48,52,49,28,35,28,31,47,72,55,45,37,39,35,29,60,57,47,34,35,41,42,55,75,36,26,45,25,47,68,69,50,32,50,34,41,75,48,49,38,36,54,51,35,41,48,29,34,42,49,74,75,52,33,45,43,50,53,60,47,32,46,34,51,70,63,45,33,51,47,62,65,67,36,42,26,33,57,79,50,39,45,25,48,42,64,69,45,39,44,34,55,66,46,59,39,44,31,32,81,62,49,43,58,44,59,59,60,48,48,38,36,61,89,35,56,41,46,37,49,69,45,38,39,41,48,62,65
HOBBIES_2_009_WI_1_validation,HOBBIES_2_009,HOBBIES_2,HOBBIES,WI_1,WI,22,22,19,17,15,12,12,35,32,18,19,15,12,20,26,30,18,22,15,13,26,32,24,19,17,16,13,30,23,26,19,8,16,14,18,20,32,14,16,14,11,23,28,21,15,18,17,14,26,34,22,26,16,15,17,22,26,15,12,12,16,13,19,25,29,22,15,15,12,19,33,29,20,13,16,14,20,31,30,28,14,20,15,18,39,34,18,15,10,19,12,26,20,25,24,11,16,22,26,22,25,15,23,13,25,32,22,12,14,12,18,20,35,29,19,18,12,15,22,26,23,24,14,19,19,24,21,26,23,17,14,13,23,26,23,11,25,16,19,28,48,30,21,12,10,8,21,23,24,26,20,17,17,19,26,19,24,25,22,16,27,32,28,22,13,16,14,16,32,31,10,18,16,14,15,29,27,19,22,20,10,26,24,26,28,19,21,16,27,29,26,21,14,16,19,27,24,37,29,15,16,17,29,33,26,16,11,19,23,23,33,29,14,25,15,14,26,26,21,26,20,22,16,22,32,30,19,16,22,18,25,18,30,23,18,21,15,26,21,34,18,21,23,21,26,36,37,22,24,14,15,32,29,26,21,17,18,14,22,32,38,22,13,23,21,21,36,28,29,30,20,21,33,38,32,22,15,18,17,25,20,27,21,14,21,21,25,24,29,26,23,19,20,22,37,27,19,25,20,19,28,32,24,22,14,24,14,35,27,34,32,22,18,19,21,19,34,14,15,20,16,28,43,29,20,29,23,22,30,31,28,19,24,21,21,16,39,28,13,16,18,16,26,36,30,21,22,21,24,23,33,42,18,20,16,14,28,43,45,24,24,23,18,33,33
HOBBIES_2_010_WI_1_validation,HOBBIES_2_010,HOBBIES_2,HOBBIES,WI_1,WI,63,32,29,44,24,22,46,61,32,39,29,33,28,29,47,54,52,36,29,23,40,48,52,37,37,29,40,46,45,59,29,28,27,38,40,46,51,42,45,22,38,24,63,61,48,38,25,35,33,44,45,36,36,28,33,31,55,48,47,43,32,19,30,67,49,53,41,35,32,33,48,55,36,39,40,30,40,45,60,45,51,35,31,48,52,42,40,39,37,35,53,62,55,30,38,33,25,49,62,57,45,37,32,44,46,28,27,50,23,31,24,42,62,46,34,42,53,36,37,68,72,50,25,39,30,46,53,62,38,48,35,31,51,62,61,40,47,42,33,53,55,61,49,39,30,25,49,50,66,29,48,36,28,42,57,60,32,31,34,34,53,63,51,45,40,34,35,27,71,62,56,32,41,21,30,57,50,52,48,46,39,54,45,72,54,28,40,31,66,49,58,45,39,53,47,32,67,57,51,41,31,28,44,60,60,39,53,42,42,47,49,68,35,24,42,30,46,71,47,30,50,37,45,56,71,60,46,50,44,32,54,55,55,50,35,39,39,46,73,54,54,42,40,30,48,67,72,43,50,33,39,45,84,76,49,37,27,40,53,76,42,47,45,32,38,44,54,54,44,52,37,31,60,79,71,60,44,41,32,66,65,57,43,48,41,39,48,64,60,61,27,44,46,33,66,74,40,45,33,38,66,90,65,35,40,26,36,63,49,60,40,59,44,45,56,78,76,49,39,33,52,62,38,60,53,58,32,42,49,52,81,39,52,28,35,60,79,69,59,42,53,42,62,74,71,39,36,37,44,48,65,64,64,50,30,41,51,67,65,61,37,44,42,53,61
HOUSEHOLD_3_001_WI_1_validation,HOUSEHOLD_3_001,HOUSEHOLD_3,HOUSEHOLD,WI_1,WI,44,30,32,24,16,29,45,45,42,28,36,35,26,43,44,40,32,26,36,30,28,47,42,35,27,22,20,32,49,46,42,13,36,14,39,48,33,33,25,34,19,39,53,28,25,24,18,30,38,51,48,34,19,25,31,33,46,50,40,40,28,24,35,41,42,29,35,24,35,14,46,51,26,24,31,30,30,45,55,34,23,19,28,43,57,56,35,30,30,30,32,49,35,9,28,32,17,42,53,37,45,27,20,29,45,63,45,40,27,32,37,56,42,58,28,27,26,32,38,34,49,44,32,34,23,45,41,46,28,24,23,25,39,41,69,33,23,16,38,42,39,42,30,37,42,23,44,50,41,33,25,32,30,44,52,37,40,26,30,23,47,43,66,32,36,34,21,24,40,48,29,27,41,25,47,47,45,33,31,22,24,34,57,62,46,31,24,28,43,51,55,28,33,30,28,35,36,34,50,24,27,25,36,74,52,33,33,36,37,44,71,41,35,35,34,26,50,58,43,34,40,28,24,31,32,45,18,29,47,25,48,55,63,32,34,30,31,32,46,36,29,35,45,37,44,48,35,27,34,45,35,44,78,51,43,50,39,34,22,70,37,25,37,37,24,30,30,45,36,25,46,26,38,66,41,55,42,31,40,56,50,41,36,39,30,29,39,48,55,35,46,33,25,44,64,50,33,28,36,34,53,44,53,33,37,24,40,26,45,54,33,30,39,13,27,43,40,47,40,35,40,17,58,72,43,29,39,32,46,47,69,53,35,32,38,35,48,61,40,47,29,26,51,40,61,42,30,27,29,32,82,53,43,27,29,39,35,52,57,38,32,26,39,58,83
HOUSEHOLD_3_002_WI_1_validation,HOUSEHOLD_3_002,HOUSEHOLD_3,HOUSEHOLD,WI_1,WI,13,12,12,7,9,7,14,16,16,11,8,11,8,11,11,15,9,8,9,7,9,11,16,13,12,10,4,12,13,19,11,7,7,5,11,9,8,8,7,8,8,11,14,14,12,7,9,8,12,14,11,10,8,7,10,11,8,4,10,8,9,8,11,12,16,8,11,10,7,12,13,17,9,11,6,9,12,16,15,10,5,6,5,11,18,12,9,8,9,9,10,12,15,13,11,7,4,11,19,8,10,13,11,9,9,20,13,6,12,7,14,11,16,14,10,11,9,9,9,15,11,12,10,9,11,14,22,17,11,9,6,11,13,14,15,11,10,11,6,14,20,11,6,11,11,7,9,10,18,11,13,4,9,15,13,17,9,8,9,8,16,16,19,13,8,10,7,15,21,9,13,13,11,9,20,17,10,13,12,11,9,9,11,12,6,13,10,8,9,12,15,11,11,7,10,16,15,18,11,9,11,8,11,20,9,12,8,13,11,16,17,17,12,9,13,11,11,11,12,12,9,12,10,12,17,15,11,11,9,7,15,14,19,11,10,8,9,14,14,18,9,13,10,9,14,23,19,13,13,9,8,15,18,15,14,11,13,5,12,20,21,15,9,13,6,11,16,17,10,11,13,7,10,15,24,13,9,12,6,13,18,20,9,14,13,13,10,24,10,9,12,10,7,20,11,10,13,11,7,14,14,16,16,8,14,11,9,14,15,20,11,10,11,6,16,18,18,12,9,11,12,12,21,16,12,14,12,7,14,14,19,10,12,12,11,13,18,14,12,9,11,11,12,15,23,11,13,13,11,15,19,12,16,11,13,10,16,20,16,15,8,14,13,14,20
HOUSEHOLD_3_003_WI_1_validation,HOUSEHOLD_3_003,HOUSEHOLD_3,HOUSEHOLD,WI_1,WI,44,59,32,37,29,34,16,61,52,33,43,47,18,39,40,34,42,29,27,28,45,71,57,44,31,41,40,54,50,63,52,44,34,28,48,53,22,36,40,39,44,59,65,46,43,35,20,52,36,37,34,41,46,31,38,50,56,44,50,40,36,43,50,51,68,55,42,35,47,63,66,41,37,57,32,43,38,53,51,49,41,57,23,31,54,61,48,39,30,34,39,62,68,24,49,23,27,74,55,70,57,48,25,33,40,67,51,56,45,34,35,54,62,48,42,36,23,42,43,56,68,48,38,40,33,40,60,55,38,29,39,18,51,59,58,47,47,34,33,52,51,49,49,39,31,26,50,71,69,33,45,31,50,48,49,65,46,48,42,50,48,78,53,49,38,49,45,58,71,70,57,44,45,50,50,70,57,61,41,45,55,63,64,73,52,30,31,36,57,60,63,43,36,37,41,59,63,82,42,46,38,32,44,67,44,53,48,47,52,58,54,59,49,42,34,34,59,79,59,52,32,33,39,40,72,46,62,56,54,32,64,61,40,42,53,45,35,53,62,64,64,42,59,32,62,85,48,54,33,59,51,63,72,59,44,59,45,51,71,70,64,48,38,43,41,64,71,78,58,53,45,45,60,50,62,42,61,52,43,62,94,61,65,64,45,35,55,89,76,55,39,45,45,53,68,79,59,48,43,41,70,83,72,71,41,35,22,65,98,90,47,40,24,37,46,94,72,54,41,33,32,47,87,50,60,78,42,46,60,56,55,49,48,64,38,50,62,88,48,65,49,57,61,74,74,70,52,52,45,58,85,75,58,37,42,44,45,89,55,47,53,34,50,46,84
HOUSEHOLD_3_004_WI_1_validation,HOUSEHOLD_3_004,HOUSEHOLD_3,HOUSEHOLD,WI_1,WI,12,11,12,5,7,8,8,17,15,13,11,9,8,8,18,11,9,8,7,10,13,15,13,6,9,11,7,10,16,13,12,7,9,8,11,18,13,11,9,8,8,9,12,13,10,9,5,10,11,10,12,13,8,12,7,15,18,14,7,7,8,9,9,9,13,8,8,7,8,13,19,10,9,10,9,6,14,15,18,11,8,8,6,15,14,8,12,7,10,7,13,10,14,9,6,10,8,10,13,16,11,11,9,10,8,10,15,13,10,11,10,12,9,14,10,11,10,6,9,8,19,12,9,9,9,14,9,12,11,10,10,6,11,15,16,11,8,11,8,10,16,12,13,13,8,7,14,16,12,10,10,6,10,10,14,15,13,14,9,11,11,18,13,7,12,8,9,8,12,9,12,8,12,6,13,9,21,8,11,8,10,10,16,13,18,8,7,12,14,13,15,12,11,11,7,13,15,7,10,9,11,12,14,9,22,14,10,10,10,13,19,20,7,10,11,7,19,7,13,13,15,11,10,11,23,21,14,5,10,8,13,15,17,10,10,9,10,9,11,18,11,12,12,8,12,15,11,8,10,7,9,11,14,15,16,14,12,10,8,21,14,16,9,13,11,7,21,16,9,10,15,6,14,15,18,15,12,12,8,13,24,14,10,10,12,10,16,15,11,11,8,11,9,14,19,14,14,12,9,11,15,26,18,15,10,9,11,12,16,12,13,11,10,12,12,18,15,9,12,12,12,15,16,23,13,12,8,9,18,20,13,10,13,10,13,24,19,19,15,11,9,6,17,17,13,12,11,8,8,15,15,14,12,6,7,8,19,22,17,15,14,8,7,12,18
HOUSEHOLD_3_005_WI_1_validation,HOUSEHOLD_3_005,HOUSEHOLD_3,HOUSEHOLD,WI_1,WI,15,11,15,13,11,11,15,18,17,13,18,14,8,16,19,25,17,12,12,8,17,24,19,15,12,14,8,12,23,13,12,12,13,11,6,22,18,17,10,16,8,14,25,27,11,19,6,13,21,16,23,13,11,9,11,16,15,24,13,13,13,19,20,24,17,16,14,12,14,26,16,21,16,12,11,10,23,21,23,14,14,14,11,17,26,15,15,15,15,14,19,26,18,19,14,15,9,19,22,18,19,14,13,8,14,22,17,19,13,10,9,16,25,16,12,12,13,9,17,28,20,14,17,10,13,17,29,25,9,14,9,15,14,25,25,10,18,16,10,21,16,24,15,10,17,16,18,22,19,17,15,17,13,22,14,24,16,15,18,15,16,18,13,17,18,17,12,22,28,25,16,14,15,14,16,21,22,14,13,9,10,20,27,21,19,8,15,9,15,26,25,10,10,12,8,16,27,15,23,14,15,10,22,24,23,18,11,15,15,12,22,20,17,17,16,13,22,17,23,10,13,15,15,19,31,22,11,8,11,11,19,21,18,15,14,12,13,22,21,22,24,16,18,12,23,20,25,21,20,15,13,13,24,26,20,15,16,18,22,23,22,20,17,21,18,15,21,28,14,16,20,15,23,26,22,11,16,13,18,9,22,29,24,19,17,9,15,29,17,17,15,16,16,9,26,20,20,10,18,12,18,33,23,21,16,20,15,22,26,22,21,14,17,17,22,20,26,22,12,10,17,17,29,32,13,11,18,18,27,30,23,18,17,21,15,17,27,16,16,15,14,10,15,26,28,17,17,18,23,19,22,28,22,12,12,11,17,31,26,19,13,12,15,20,29
HOUSEHOLD_3_006_WI_1_validation,HOUSEHOLD_3_006,HOUSEHOLD_3,HOUSEHOLD,WI_1,WI,60,36,40,34,24,29,31,48,51,30,33,25,28,38,44,28,39,43,30,24,39,59,56,41,34,33,28,31,45,42,37,20,32,16,41,60,53,28,35,34,37,41,59,42,29,37,35,24,29,51,46,37,37,36,28,31,42,41,35,29,29,29,34,53,64,35,28,32,24,38,44,37,30,28,24,36,43,60,34,34,35,41,24,30,53,41,49,36,29,27,39,32,48,33,37,25,33,45,53,60,23,36,31,29,33,37,57,43,46,44,20,40,55,58,48,27,28,38,27,41,53,53,22,32,33,54,58,31,28,44,35,23,46,57,25,22,36,46,32,21,36,56,44,33,29,36,52,62,41,46,32,29,27,43,61,30,33,32,40,26,40,64,51,51,34,46,44,47,60,57,46,36,41,35,56,39,54,48,27,37,36,59,52,54,35,35,45,32,38,54,47,36,32,31,24,45,45,64,38,39,37,20,42,76,44,59,40,38,34,54,70,53,37,26,40,33,37,51,53,33,37,23,29,35,60,43,37,54,41,37,57,64,39,30,17,37,26,40,55,48,41,35,33,23,48,85,58,61,33,34,33,45,73,31,38,51,32,40,52,59,59,42,22,39,30,34,64,59,51,36,43,34,50,65,41,46,39,34,35,72,37,55,50,29,39,37,32,54,77,29,36,36,35,44,62,56,50,46,40,37,33,63,70,30,29,48,24,47,55,74,47,46,38,49,41,66,72,58,38,22,33,66,53,61,42,39,48,37,69,75,60,44,43,29,28,57,75,43,53,39,32,34,59,71,62,49,31,43,33,70,59,86,44,40,36,27,64,65,67,61,40,38,38,37,41
HOUSEHOLD_3_007_WI_1_validation,HOUSEHOLD_3_007,HOUSEHOLD_3,HOUSEHOLD,WI_1,WI,16,12,8,14,7,9,14,14,9,12,9,14,10,14,6,17,11,14,8,10,10,12,14,11,8,9,10,15,10,16,7,14,13,9,11,17,12,16,8,12,8,15,16,18,15,10,11,13,13,19,18,9,8,10,9,11,10,15,12,12,10,7,12,14,18,16,11,10,10,17,9,13,10,11,11,11,15,18,15,13,6,9,10,10,13,16,16,11,7,10,16,19,15,12,12,12,10,11,18,15,13,15,13,10,15,13,19,13,13,9,10,12,22,18,16,9,11,10,15,19,17,9,9,10,11,19,19,21,12,8,12,10,13,13,10,16,10,13,14,13,23,19,16,12,12,12,10,18,12,13,11,15,15,16,25,18,11,14,11,10,16,17,25,7,9,12,11,15,19,13,16,13,11,12,17,16,19,14,14,14,10,17,20,13,12,10,14,8,10,23,19,13,8,7,5,13,29,19,15,12,8,10,19,21,9,19,12,10,10,14,17,20,12,10,12,12,18,23,19,9,16,14,12,15,18,22,9,14,13,6,22,30,27,16,18,11,17,16,12,16,16,13,9,15,20,18,12,16,12,11,9,20,14,16,13,12,7,10,18,22,9,18,15,8,11,12,25,24,17,18,14,12,18,17,15,14,12,10,16,14,14,13,15,18,7,13,21,17,16,21,17,11,13,17,25,19,13,12,16,13,17,24,22,11,12,9,10,22,34,16,13,13,6,18,12,20,22,15,14,14,9,17,27,18,16,15,15,13,18,18,15,17,13,14,12,15,19,13,15,11,15,12,19,23,23,18,13,15,15,17,25,22,18,16,16,8,20,25,26,17,16,13,10,18,22
HOUSEHOLD_3_008_WI_1_validation,HOUSEHOLD_3_008,HOUSEHOLD_3,HOUSEHOLD,WI_1,WI,43,45,31,28,28,22,33,47,42,23,25,22,22,40,49,44,21,24,12,23,30,38,47,25,29,32,24,39,47,33,32,36,24,22,33,71,34,28,26,23,24,23,36,32,23,31,30,27,31,36,41,27,20,34,14,42,34,36,31,35,24,21,48,50,49,43,30,29,25,43,39,34,36,28,26,20,22,29,48,23,33,40,31,37,46,31,37,42,19,26,33,49,40,42,29,31,30,35,40,40,37,36,26,30,29,29,41,23,34,31,35,40,59,61,27,24,28,22,34,29,42,28,28,31,28,38,40,46,31,27,31,29,39,41,37,25,34,31,30,23,46,29,25,38,22,23,33,38,34,21,23,29,23,31,23,37,47,25,33,22,39,61,43,30,30,23,27,36,50,25,34,34,28,32,30,40,49,39,38,30,17,46,50,46,44,35,34,16,34,57,44,37,32,35,20,25,46,48,31,30,21,20,32,57,49,39,37,44,19,31,62,43,38,24,31,34,37,53,48,41,26,20,30,45,68,47,30,31,30,27,42,71,58,24,32,20,24,33,48,45,34,43,37,27,42,66,33,35,34,25,20,35,48,56,23,35,28,31,53,42,58,39,30,34,33,33,38,36,33,28,34,32,42,61,47,40,36,28,23,30,65,38,44,43,27,31,38,47,65,43,32,37,38,37,61,39,32,35,32,29,47,51,58,42,34,30,30,32,50,38,41,24,22,30,47,52,61,39,50,33,45,42,61,51,41,30,36,23,41,48,46,46,37,20,36,42,63,51,28,44,38,31,33,58,53,30,34,20,19,33,55,42,47,29,30,38,39,55,61,54,41,36,45,32,78
HOUSEHOLD_3_009_WI_1_validation,HOUSEHOLD_3_009,HOUSEHOLD_3,HOUSEHOLD,WI_1,WI,22,31,17,10,22,15,23,22,30,19,18,19,16,19,28,24,9,18,20,10,25,32,33,21,17,17,15,17,26,29,20,16,17,14,23,31,27,16,21,14,16,29,19,22,21,16,12,16,12,42,32,17,17,12,21,23,21,25,24,21,20,17,12,44,25,22,25,18,22,28,39,31,20,17,24,16,28,26,25,22,17,16,16,27,27,28,29,21,23,18,23,39,20,25,24,13,15,25,33,34,17,17,24,20,27,30,28,26,23,19,13,17,36,31,21,14,24,15,22,30,22,16,20,24,26,27,43,32,28,20,20,19,25,29,33,20,22,18,23,31,28,28,21,21,11,19,18,28,33,30,20,21,14,23,27,31,18,25,16,17,21,24,20,12,20,23,16,19,27,28,19,25,25,17,17,26,29,17,21,21,18,25,26,26,23,19,20,14,18,31,37,16,27,26,11,32,24,33,31,23,22,22,42,29,39,17,16,21,23,29,31,29,20,23,22,23,19,59,24,19,21,20,21,30,38,41,29,16,19,17,26,43,36,24,27,25,14,22,37,31,28,20,24,19,30,37,30,33,21,30,12,21,36,22,22,26,20,23,35,38,26,24,22,22,18,28,41,16,28,19,13,13,30,33,43,32,17,21,26,23,48,32,27,23,22,23,23,37,34,27,28,21,22,37,41,34,23,29,16,22,29,39,40,23,19,16,21,34,31,22,22,25,22,23,33,44,28,35,23,25,21,32,33,29,28,28,28,19,34,39,35,27,23,24,14,20,32,40,28,24,28,19,32,34,32,35,23,23,21,29,41,27,21,23,21,24,35,29,27,25,22,23,25,31,43
HOUSEHOLD_3_010_WI_1_validation,HOUSEHOLD_3_010,HOUSEHOLD_3,HOUSEHOLD,WI_1,WI,47,54,30,29,31,42,40,55,46,32,28,33,33,24,56,53,48,40,28,24,36,57,45,41,46,38,32,41,51,57,38,38,27,30,42,58,36,42,35,22,37,33,50,30,44,35,42,29,47,62,52,35,28,27,35,36,47,42,38,37,37,26,43,28,53,35,20,25,31,38,55,52,41,35,25,36,44,39,43,47,25,41,45,38,47,59,36,32,38,28,41,52,52,28,33,28,25,58,81,42,44,32,39,20,39,55,32,43,25,40,27,40,57,50,43,50,43,23,38,54,38,42,48,32,34,36,59,51,39,32,42,37,52,55,53,35,33,32,29,42,78,60,44,30,28,24,59,62,50,43,42,26,36,45,56,57,51,55,41,21,50,59,67,45,40,36,33,48,90,51,36,38,24,24,35,49,91,34,38,31,35,62,78,49,40,44,42,34,54,47,44,39,31,42,20,47,58,61,42,43,33,29,42,59,50,38,23,46,37,43,79,42,38,43,35,35,42,45,48,49,43,30,21,49,55,57,50,55,34,33,46,74,62,45,44,26,37,62,64,60,45,54,54,33,49,54,71,50,23,41,33,51,46,53,38,40,36,38,40,51,61,36,35,40,48,41,42,56,45,55,43,38,55,60,46,59,38,48,35,61,79,54,46,45,47,28,71,58,53,61,37,45,31,58,58,60,56,31,47,37,60,44,62,42,37,31,38,36,47,38,32,36,29,31,41,57,59,42,48,33,45,32,69,45,34,45,40,50,45,57,46,47,52,30,31,52,82,59,56,44,45,37,41,79,68,51,35,25,42,36,59,69,31,44,36,36,33,65,77,46,61,31,56,64,93
