store_id,item_id,wm_yr_wk,sell_price
CA_1,FOODS_1_001,202520,15.92
CA_1,FOODS_1_001,202521,17.69
CA_1,FOODS_1_001,202522,17.69
CA_1,FOODS_1_001,202523,17.69
CA_1,FOODS_1_001,202524,17.69
CA_1,FOODS_1_001,202525,17.69
CA_1,FOODS_1_001,202526,17.69
CA_1,FOODS_1_001,202527,17.69
CA_1,FOODS_1_001,202528,17.69
CA_1,FOODS_1_001,202529,16.81
CA_1,FOODS_1_001,202530,17.69
CA_1,FOODS_1_001,202531,17.69
CA_1,FOODS_1_001,202532,16.81
CA_1,FOODS_1_001,202533,17.69
CA_1,FOODS_1_001,202534,17.69
CA_1,FOODS_1_001,202535,18.58
CA_1,FOODS_1_001,202536,17.69
CA_1,FOODS_1_001,202537,17.69
CA_1,FOODS_1_001,202538,17.69
CA_1,FOODS_1_001,202539,17.69
CA_1,FOODS_1_001,202540,18.58
CA_1,FOODS_1_001,202541,18.58
CA_1,FOODS_1_001,202542,17.69
CA_1,FOODS_1_001,202543,16.81
CA_1,FOODS_1_001,202544,17.69
CA_1,FOODS_1_001,202545,17.69
CA_1,FOODS_1_001,202546,17.69
CA_1,FOODS_1_001,202547,18.58
CA_1,FOODS_1_001,202548,17.69
CA_1,FOODS_1_001,202549,18.58
CA_1,FOODS_1_001,202550,17.69
CA_1,FOODS_1_001,202551,17.69
CA_1,FOODS_1_001,202552,18.58
CA_1,FOODS_1_001,202501,17.69
CA_1,FOODS_1_001,202601,17.69
CA_1,FOODS_1_001,202602,17.69
CA_1,FOODS_1_001,202603,17.69
CA_1,FOODS_1_001,202604,17.69
CA_1,FOODS_1_001,202605,17.69
CA_1,FOODS_1_001,202606,17.69
CA_1,FOODS_1_001,202607,17.69
CA_1,FOODS_1_001,202608,17.69
CA_1,FOODS_1_001,202609,18.58
CA_1,FOODS_1_001,202610,17.69
CA_1,FOODS_1_001,202611,16.81
CA_1,FOODS_1_001,202612,17.69
CA_1,FOODS_1_001,202613,17.69
CA_1,FOODS_1_001,202614,18.58
CA_1,FOODS_1_001,202615,17.69
CA_1,FOODS_1_001,202616,17.69
CA_1,FOODS_1_001,202617,17.69
CA_1,FOODS_1_001,202618,17.69
CA_1,FOODS_1_001,202619,15.92
CA_1,FOODS_1_001,202620,17.69
CA_1,FOODS_1_002,202520,7.13
CA_1,FOODS_1_002,202521,7.92
CA_1,FOODS_1_002,202522,7.92
CA_1,FOODS_1_002,202523,7.92
CA_1,FOODS_1_002,202524,7.92
CA_1,FOODS_1_002,202525,7.92
CA_1,FOODS_1_002,202526,7.92
CA_1,FOODS_1_002,202527,7.52
CA_1,FOODS_1_002,202528,7.92
CA_1,FOODS_1_002,202529,7.92
CA_1,FOODS_1_002,202530,7.92
CA_1,FOODS_1_002,202531,7.92
CA_1,FOODS_1_002,202532,7.92
CA_1,FOODS_1_002,202533,7.52
CA_1,FOODS_1_002,202534,7.92
CA_1,FOODS_1_002,202535,8.31
CA_1,FOODS_1_002,202536,7.52
CA_1,FOODS_1_002,202537,7.52
CA_1,FOODS_1_002,202538,7.92
CA_1,FOODS_1_002,202539,7.92
CA_1,FOODS_1_002,202540,7.13
CA_1,FOODS_1_002,202541,7.13
CA_1,FOODS_1_002,202542,7.92
CA_1,FOODS_1_002,202543,7.52
CA_1,FOODS_1_002,202544,7.92
CA_1,FOODS_1_002,202545,8.31
CA_1,FOODS_1_002,202546,7.92
CA_1,FOODS_1_002,202547,7.92
CA_1,FOODS_1_002,202548,7.92
CA_1,FOODS_1_002,202549,7.92
CA_1,FOODS_1_002,202550,7.92
CA_1,FOODS_1_002,202551,7.92
CA_1,FOODS_1_002,202552,8.31
CA_1,FOODS_1_002,202501,7.92
CA_1,FOODS_1_002,202601,7.92
CA_1,FOODS_1_002,202602,8.31
CA_1,FOODS_1_002,202603,7.92
CA_1,FOODS_1_002,202604,7.92
CA_1,FOODS_1_002,202605,7.13
CA_1,FOODS_1_002,202606,7.92
CA_1,FOODS_1_002,202607,7.92
CA_1,FOODS_1_002,202608,7.52
CA_1,FOODS_1_002,202609,7.92
CA_1,FOODS_1_002,202610,7.92
CA_1,FOODS_1_002,202611,7.52
CA_1,FOODS_1_002,202612,7.92
CA_1,FOODS_1_002,202613,7.92
CA_1,FOODS_1_002,202614,7.92
CA_1,FOODS_1_002,202615,7.92
CA_1,FOODS_1_002,202616,7.92
CA_1,FOODS_1_002,202617,7.92
CA_1,FOODS_1_002,202618,7.92
CA_1,FOODS_1_002,202619,7.52
CA_1,FOODS_1_002,202620,7.92
CA_1,FOODS_1_003,202520,13.43
CA_1,FOODS_1_003,202521,13.43
CA_1,FOODS_1_003,202522,12.76
CA_1,FOODS_1_003,202523,13.43
CA_1,FOODS_1_003,202524,14.11
CA_1,FOODS_1_003,202525,13.43
CA_1,FOODS_1_003,202526,13.43
CA_1,FOODS_1_003,202527,13.43
CA_1,FOODS_1_003,202528,13.43
CA_1,FOODS_1_003,202529,13.43
CA_1,FOODS_1_003,202530,13.43
CA_1,FOODS_1_003,202531,13.43
CA_1,FOODS_1_003,202532,14.11
CA_1,FOODS_1_003,202533,12.76
CA_1,FOODS_1_003,202534,12.76
CA_1,FOODS_1_003,202535,13.43
CA_1,FOODS_1_003,202536,14.11
CA_1,FOODS_1_003,202537,13.43
CA_1,FOODS_1_003,202538,13.43
CA_1,FOODS_1_003,202539,13.43
CA_1,FOODS_1_003,202540,13.43
CA_1,FOODS_1_003,202541,13.43
CA_1,FOODS_1_003,202542,13.43
CA_1,FOODS_1_003,202543,13.43
CA_1,FOODS_1_003,202544,12.09
CA_1,FOODS_1_003,202545,14.11
CA_1,FOODS_1_003,202546,12.76
CA_1,FOODS_1_003,202547,13.43
CA_1,FOODS_1_003,202548,13.43
CA_1,FOODS_1_003,202549,13.43
CA_1,FOODS_1_003,202550,13.43
CA_1,FOODS_1_003,202551,12.09
CA_1,FOODS_1_003,202552,12.76
CA_1,FOODS_1_003,202501,13.43
CA_1,FOODS_1_003,202601,13.43
CA_1,FOODS_1_003,202602,13.43
CA_1,FOODS_1_003,202603,14.11
CA_1,FOODS_1_003,202604,13.43
CA_1,FOODS_1_003,202605,13.43
CA_1,FOODS_1_003,202606,13.43
CA_1,FOODS_1_003,202607,12.76
CA_1,FOODS_1_003,202608,13.43
CA_1,FOODS_1_003,202609,13.43
CA_1,FOODS_1_003,202610,12.09
CA_1,FOODS_1_003,202611,13.43
CA_1,FOODS_1_003,202612,13.43
CA_1,FOODS_1_003,202613,14.11
CA_1,FOODS_1_003,202614,13.43
CA_1,FOODS_1_003,202615,13.43
CA_1,FOODS_1_003,202616,12.76
CA_1,FOODS_1_003,202617,13.43
CA_1,FOODS_1_003,202618,13.43
CA_1,FOODS_1_003,202619,13.43
CA_1,FOODS_1_003,202620,13.43
CA_1,FOODS_1_004,202520,15.46
CA_1,FOODS_1_004,202521,13.92
CA_1,FOODS_1_004,202522,13.92
CA_1,FOODS_1_004,202523,14.69
CA_1,FOODS_1_004,202524,14.69
CA_1,FOODS_1_004,202525,16.24
CA_1,FOODS_1_004,202526,13.92
CA_1,FOODS_1_004,202527,15.46
CA_1,FOODS_1_004,202528,15.46
CA_1,FOODS_1_004,202529,15.46
CA_1,FOODS_1_004,202530,15.46
CA_1,FOODS_1_004,202531,13.92
CA_1,FOODS_1_004,202532,15.46
CA_1,FOODS_1_004,202533,14.69
CA_1,FOODS_1_004,202534,15.46
CA_1,FOODS_1_004,202535,15.46
CA_1,FOODS_1_004,202536,16.24
CA_1,FOODS_1_004,202537,15.46
CA_1,FOODS_1_004,202538,13.92
CA_1,FOODS_1_004,202539,15.46
CA_1,FOODS_1_004,202540,15.46
CA_1,FOODS_1_004,202541,13.92
CA_1,FOODS_1_004,202542,14.69
CA_1,FOODS_1_004,202543,14.69
CA_1,FOODS_1_004,202544,15.46
CA_1,FOODS_1_004,202545,14.69
CA_1,FOODS_1_004,202546,15.46
CA_1,FOODS_1_004,202547,15.46
CA_1,FOODS_1_004,202548,16.24
CA_1,FOODS_1_004,202549,15.46
CA_1,FOODS_1_004,202550,15.46
CA_1,FOODS_1_004,202551,15.46
CA_1,FOODS_1_004,202552,14.69
CA_1,FOODS_1_004,202501,15.46
CA_1,FOODS_1_004,202601,14.69
CA_1,FOODS_1_004,202602,15.46
CA_1,FOODS_1_004,202603,15.46
CA_1,FOODS_1_004,202604,16.24
CA_1,FOODS_1_004,202605,15.46
CA_1,FOODS_1_004,202606,16.24
CA_1,FOODS_1_004,202607,15.46
CA_1,FOODS_1_004,202608,15.46
CA_1,FOODS_1_004,202609,15.46
CA_1,FOODS_1_004,202610,15.46
CA_1,FOODS_1_004,202611,15.46
CA_1,FOODS_1_004,202612,14.69
CA_1,FOODS_1_004,202613,15.46
CA_1,FOODS_1_004,202614,16.24
CA_1,FOODS_1_004,202615,15.46
CA_1,FOODS_1_004,202616,15.46
CA_1,FOODS_1_004,202617,15.46
CA_1,FOODS_1_004,202618,15.46
CA_1,FOODS_1_004,202619,15.46
CA_1,FOODS_1_004,202620,15.46
CA_1,FOODS_1_005,202520,11.74
CA_1,FOODS_1_005,202521,12.36
CA_1,FOODS_1_005,202522,12.36
CA_1,FOODS_1_005,202523,12.36
CA_1,FOODS_1_005,202524,12.36
CA_1,FOODS_1_005,202525,12.36
CA_1,FOODS_1_005,202526,12.36
CA_1,FOODS_1_005,202527,11.74
CA_1,FOODS_1_005,202528,12.36
CA_1,FOODS_1_005,202529,11.74
CA_1,FOODS_1_005,202530,12.98
CA_1,FOODS_1_005,202531,12.36
CA_1,FOODS_1_005,202532,12.36
CA_1,FOODS_1_005,202533,11.12
CA_1,FOODS_1_005,202534,12.36
CA_1,FOODS_1_005,202535,12.36
CA_1,FOODS_1_005,202536,11.74
CA_1,FOODS_1_005,202537,11.74
CA_1,FOODS_1_005,202538,12.36
CA_1,FOODS_1_005,202539,12.36
CA_1,FOODS_1_005,202540,12.36
CA_1,FOODS_1_005,202541,11.74
CA_1,FOODS_1_005,202542,12.36
CA_1,FOODS_1_005,202543,12.36
CA_1,FOODS_1_005,202544,12.36
CA_1,FOODS_1_005,202545,12.36
CA_1,FOODS_1_005,202546,11.12
CA_1,FOODS_1_005,202547,11.12
CA_1,FOODS_1_005,202548,11.12
CA_1,FOODS_1_005,202549,12.36
CA_1,FOODS_1_005,202550,12.36
CA_1,FOODS_1_005,202551,12.36
CA_1,FOODS_1_005,202552,12.36
CA_1,FOODS_1_005,202501,11.74
CA_1,FOODS_1_005,202601,12.36
CA_1,FOODS_1_005,202602,12.36
CA_1,FOODS_1_005,202603,12.36
CA_1,FOODS_1_005,202604,12.36
CA_1,FOODS_1_005,202605,12.36
CA_1,FOODS_1_005,202606,12.36
CA_1,FOODS_1_005,202607,12.36
CA_1,FOODS_1_005,202608,12.36
CA_1,FOODS_1_005,202609,12.36
CA_1,FOODS_1_005,202610,12.36
CA_1,FOODS_1_005,202611,11.74
CA_1,FOODS_1_005,202612,12.36
CA_1,FOODS_1_005,202613,11.74
CA_1,FOODS_1_005,202614,12.36
CA_1,FOODS_1_005,202615,11.12
CA_1,FOODS_1_005,202616,12.36
CA_1,FOODS_1_005,202617,12.98
CA_1,FOODS_1_005,202618,12.36
CA_1,FOODS_1_005,202619,12.36
CA_1,FOODS_1_005,202620,12.36
CA_1,FOODS_1_006,202520,22.6
CA_1,FOODS_1_006,202521,20.34
CA_1,FOODS_1_006,202522,21.47
CA_1,FOODS_1_006,202523,21.47
CA_1,FOODS_1_006,202524,22.6
CA_1,FOODS_1_006,202525,22.6
CA_1,FOODS_1_006,202526,20.34
CA_1,FOODS_1_006,202527,21.47
CA_1,FOODS_1_006,202528,20.34
CA_1,FOODS_1_006,202529,21.47
CA_1,FOODS_1_006,202530,21.47
CA_1,FOODS_1_006,202531,22.6
CA_1,FOODS_1_006,202532,22.6
CA_1,FOODS_1_006,202533,21.47
CA_1,FOODS_1_006,202534,22.6
CA_1,FOODS_1_006,202535,22.6
CA_1,FOODS_1_006,202536,22.6
CA_1,FOODS_1_006,202537,20.34
CA_1,FOODS_1_006,202538,22.6
CA_1,FOODS_1_006,202539,22.6
CA_1,FOODS_1_006,202540,22.6
CA_1,FOODS_1_006,202541,22.6
CA_1,FOODS_1_006,202542,22.6
CA_1,FOODS_1_006,202543,21.47
CA_1,FOODS_1_006,202544,22.6
CA_1,FOODS_1_006,202545,22.6
CA_1,FOODS_1_006,202546,22.6
CA_1,FOODS_1_006,202547,22.6
CA_1,FOODS_1_006,202548,22.6
CA_1,FOODS_1_006,202549,22.6
CA_1,FOODS_1_006,202550,21.47
CA_1,FOODS_1_006,202551,21.47
CA_1,FOODS_1_006,202552,22.6
CA_1,FOODS_1_006,202501,21.47
CA_1,FOODS_1_006,202601,22.6
CA_1,FOODS_1_006,202602,22.6
CA_1,FOODS_1_006,202603,20.34
CA_1,FOODS_1_006,202604,22.6
CA_1,FOODS_1_006,202605,22.6
CA_1,FOODS_1_006,202606,22.6
CA_1,FOODS_1_006,202607,23.73
CA_1,FOODS_1_006,202608,21.47
CA_1,FOODS_1_006,202609,23.73
CA_1,FOODS_1_006,202610,22.6
CA_1,FOODS_1_006,202611,22.6
CA_1,FOODS_1_006,202612,20.34
CA_1,FOODS_1_006,202613,21.47
CA_1,FOODS_1_006,202614,20.34
CA_1,FOODS_1_006,202615,22.6
CA_1,FOODS_1_006,202616,22.6
CA_1,FOODS_1_006,202617,23.73
CA_1,FOODS_1_006,202618,22.6
CA_1,FOODS_1_006,202619,22.6
CA_1,FOODS_1_006,202620,21.47
CA_1,FOODS_1_007,202520,4.81
CA_1,FOODS_1_007,202521,4.81
CA_1,FOODS_1_007,202522,4.81
CA_1,FOODS_1_007,202523,4.81
CA_1,FOODS_1_007,202524,4.81
CA_1,FOODS_1_007,202525,4.81
CA_1,FOODS_1_007,202526,4.81
CA_1,FOODS_1_007,202527,4.33
CA_1,FOODS_1_007,202528,4.81
CA_1,FOODS_1_007,202529,4.81
CA_1,FOODS_1_007,202530,4.81
CA_1,FOODS_1_007,202531,4.81
CA_1,FOODS_1_007,202532,4.81
CA_1,FOODS_1_007,202533,4.81
CA_1,FOODS_1_007,202534,4.81
CA_1,FOODS_1_007,202535,4.81
CA_1,FOODS_1_007,202536,5.05
CA_1,FOODS_1_007,202537,4.81
CA_1,FOODS_1_007,202538,4.81
CA_1,FOODS_1_007,202539,4.81
CA_1,FOODS_1_007,202540,4.81
CA_1,FOODS_1_007,202541,4.33
CA_1,FOODS_1_007,202542,4.81
CA_1,FOODS_1_007,202543,4.81
CA_1,FOODS_1_007,202544,4.81
CA_1,FOODS_1_007,202545,4.81
CA_1,FOODS_1_007,202546,4.81
CA_1,FOODS_1_007,202547,4.81
CA_1,FOODS_1_007,202548,4.81
CA_1,FOODS_1_007,202549,4.81
CA_1,FOODS_1_007,202550,4.57
CA_1,FOODS_1_007,202551,4.81
CA_1,FOODS_1_007,202552,4.81
CA_1,FOODS_1_007,202501,4.81
CA_1,FOODS_1_007,202601,4.81
CA_1,FOODS_1_007,202602,4.81
CA_1,FOODS_1_007,202603,4.81
CA_1,FOODS_1_007,202604,4.81
CA_1,FOODS_1_007,202605,4.81
CA_1,FOODS_1_007,202606,4.81
CA_1,FOODS_1_007,202607,4.81
CA_1,FOODS_1_007,202608,4.81
CA_1,FOODS_1_007,202609,5.05
CA_1,FOODS_1_007,202610,4.81
CA_1,FOODS_1_007,202611,4.81
CA_1,FOODS_1_007,202612,4.81
CA_1,FOODS_1_007,202613,4.81
CA_1,FOODS_1_007,202614,4.81
CA_1,FOODS_1_007,202615,4.81
CA_1,FOODS_1_007,202616,5.05
CA_1,FOODS_1_007,202617,4.81
CA_1,FOODS_1_007,202618,4.81
CA_1,FOODS_1_007,202619,4.81
CA_1,FOODS_1_007,202620,5.05
CA_1,FOODS_1_008,202520,22.59
CA_1,FOODS_1_008,202521,22.59
CA_1,FOODS_1_008,202522,22.59
CA_1,FOODS_1_008,202523,22.59
CA_1,FOODS_1_008,202524,22.59
CA_1,FOODS_1_008,202525,22.59
CA_1,FOODS_1_008,202526,22.59
CA_1,FOODS_1_008,202527,22.59
CA_1,FOODS_1_008,202528,22.59
CA_1,FOODS_1_008,202529,22.59
CA_1,FOODS_1_008,202530,23.72
CA_1,FOODS_1_008,202531,22.59
CA_1,FOODS_1_008,202532,22.59
CA_1,FOODS_1_008,202533,22.59
CA_1,FOODS_1_008,202534,22.59
CA_1,FOODS_1_008,202535,20.33
CA_1,FOODS_1_008,202536,20.33
CA_1,FOODS_1_008,202537,22.59
CA_1,FOODS_1_008,202538,20.33
CA_1,FOODS_1_008,202539,21.46
CA_1,FOODS_1_008,202540,21.46
CA_1,FOODS_1_008,202541,22.59
CA_1,FOODS_1_008,202542,22.59
CA_1,FOODS_1_008,202543,23.72
CA_1,FOODS_1_008,202544,20.33
CA_1,FOODS_1_008,202545,22.59
CA_1,FOODS_1_008,202546,20.33
CA_1,FOODS_1_008,202547,22.59
CA_1,FOODS_1_008,202548,22.59
CA_1,FOODS_1_008,202549,22.59
CA_1,FOODS_1_008,202550,23.72
CA_1,FOODS_1_008,202551,22.59
CA_1,FOODS_1_008,202552,23.72
CA_1,FOODS_1_008,202501,21.46
CA_1,FOODS_1_008,202601,23.72
CA_1,FOODS_1_008,202602,22.59
CA_1,FOODS_1_008,202603,22.59
CA_1,FOODS_1_008,202604,20.33
CA_1,FOODS_1_008,202605,22.59
CA_1,FOODS_1_008,202606,22.59
CA_1,FOODS_1_008,202607,23.72
CA_1,FOODS_1_008,202608,21.46
CA_1,FOODS_1_008,202609,22.59
CA_1,FOODS_1_008,202610,22.59
CA_1,FOODS_1_008,202611,21.46
CA_1,FOODS_1_008,202612,22.59
CA_1,FOODS_1_008,202613,23.72
CA_1,FOODS_1_008,202614,22.59
CA_1,FOODS_1_008,202615,23.72
CA_1,FOODS_1_008,202616,21.46
CA_1,FOODS_1_008,202617,22.59
CA_1,FOODS_1_008,202618,22.59
CA_1,FOODS_1_008,202619,22.59
CA_1,FOODS_1_008,202620,22.59
CA_1,FOODS_1_009,202520,6.94
CA_1,FOODS_1_009,202521,7.3
CA_1,FOODS_1_009,202522,7.3
CA_1,FOODS_1_009,202523,7.3
CA_1,FOODS_1_009,202524,7.67
CA_1,FOODS_1_009,202525,6.94
CA_1,FOODS_1_009,202526,6.57
CA_1,FOODS_1_009,202527,6.57
CA_1,FOODS_1_009,202528,6.57
CA_1,FOODS_1_009,202529,7.3
CA_1,FOODS_1_009,202530,7.67
CA_1,FOODS_1_009,202531,6.57
CA_1,FOODS_1_009,202532,7.67
CA_1,FOODS_1_009,202533,7.3
CA_1,FOODS_1_009,202534,7.67
CA_1,FOODS_1_009,202535,7.3
CA_1,FOODS_1_009,202536,7.67
CA_1,FOODS_1_009,202537,7.3
CA_1,FOODS_1_009,202538,7.3
CA_1,FOODS_1_009,202539,7.67
CA_1,FOODS_1_009,202540,7.3
CA_1,FOODS_1_009,202541,7.67
CA_1,FOODS_1_009,202542,7.3
CA_1,FOODS_1_009,202543,7.67
CA_1,FOODS_1_009,202544,7.3
CA_1,FOODS_1_009,202545,6.57
CA_1,FOODS_1_009,202546,7.3
CA_1,FOODS_1_009,202547,7.3
CA_1,FOODS_1_009,202548,7.3
CA_1,FOODS_1_009,202549,7.3
CA_1,FOODS_1_009,202550,6.57
CA_1,FOODS_1_009,202551,7.3
CA_1,FOODS_1_009,202552,7.67
CA_1,FOODS_1_009,202501,7.3
CA_1,FOODS_1_009,202601,6.57
CA_1,FOODS_1_009,202602,7.3
CA_1,FOODS_1_009,202603,7.3
CA_1,FOODS_1_009,202604,7.3
CA_1,FOODS_1_009,202605,7.67
CA_1,FOODS_1_009,202606,7.3
CA_1,FOODS_1_009,202607,7.3
CA_1,FOODS_1_009,202608,7.3
CA_1,FOODS_1_009,202609,6.57
CA_1,FOODS_1_009,202610,6.94
CA_1,FOODS_1_009,202611,6.57
CA_1,FOODS_1_009,202612,7.3
CA_1,FOODS_1_009,202613,6.57
CA_1,FOODS_1_009,202614,7.3
CA_1,FOODS_1_009,202615,7.67
CA_1,FOODS_1_009,202616,7.3
CA_1,FOODS_1_009,202617,7.3
CA_1,FOODS_1_009,202618,7.3
CA_1,FOODS_1_009,202619,7.3
CA_1,FOODS_1_009,202620,7.3
CA_1,FOODS_1_010,202520,2.44
CA_1,FOODS_1_010,202521,2.44
CA_1,FOODS_1_010,202522,2.44
CA_1,FOODS_1_010,202523,2.44
CA_1,FOODS_1_010,202524,2.31
CA_1,FOODS_1_010,202525,2.56
CA_1,FOODS_1_010,202526,2.44
CA_1,FOODS_1_010,202527,2.44
CA_1,FOODS_1_010,202528,2.44
CA_1,FOODS_1_010,202529,2.44
CA_1,FOODS_1_010,202530,2.19
CA_1,FOODS_1_010,202531,2.44
CA_1,FOODS_1_010,202532,2.31
CA_1,FOODS_1_010,202533,2.44
CA_1,FOODS_1_010,202534,2.44
CA_1,FOODS_1_010,202535,2.44
CA_1,FOODS_1_010,202536,2.44
CA_1,FOODS_1_010,202537,2.44
CA_1,FOODS_1_010,202538,2.44
CA_1,FOODS_1_010,202539,2.44
CA_1,FOODS_1_010,202540,2.56
CA_1,FOODS_1_010,202541,2.44
CA_1,FOODS_1_010,202542,2.44
CA_1,FOODS_1_010,202543,2.44
CA_1,FOODS_1_010,202544,2.44
CA_1,FOODS_1_010,202545,2.44
CA_1,FOODS_1_010,202546,2.44
CA_1,FOODS_1_010,202547,2.19
CA_1,FOODS_1_010,202548,2.44
CA_1,FOODS_1_010,202549,2.44
CA_1,FOODS_1_010,202550,2.44
CA_1,FOODS_1_010,202551,2.44
CA_1,FOODS_1_010,202552,2.44
CA_1,FOODS_1_010,202501,2.44
CA_1,FOODS_1_010,202601,2.56
CA_1,FOODS_1_010,202602,2.56
CA_1,FOODS_1_010,202603,2.44
CA_1,FOODS_1_010,202604,2.44
CA_1,FOODS_1_010,202605,2.44
CA_1,FOODS_1_010,202606,2.44
CA_1,FOODS_1_010,202607,2.44
CA_1,FOODS_1_010,202608,2.44
CA_1,FOODS_1_010,202609,2.44
CA_1,FOODS_1_010,202610,2.44
CA_1,FOODS_1_010,202611,2.44
CA_1,FOODS_1_010,202612,2.44
CA_1,FOODS_1_010,202613,2.31
CA_1,FOODS_1_010,202614,2.44
CA_1,FOODS_1_010,202615,2.44
CA_1,FOODS_1_010,202616,2.44
CA_1,FOODS_1_010,202617,2.44
CA_1,FOODS_1_010,202618,2.44
CA_1,FOODS_1_010,202619,2.56
CA_1,FOODS_1_010,202620,2.44
CA_1,HOBBIES_2_001,202520,24.84
CA_1,HOBBIES_2_001,202521,27.59
CA_1,HOBBIES_2_001,202522,27.59
CA_1,HOBBIES_2_001,202523,27.59
CA_1,HOBBIES_2_001,202524,27.59
CA_1,HOBBIES_2_001,202525,28.97
CA_1,HOBBIES_2_001,202526,26.22
CA_1,HOBBIES_2_001,202527,27.59
CA_1,HOBBIES_2_001,202528,27.59
CA_1,HOBBIES_2_001,202529,27.59
CA_1,HOBBIES_2_001,202530,27.59
CA_1,HOBBIES_2_001,202531,26.22
CA_1,HOBBIES_2_001,202532,27.59
CA_1,HOBBIES_2_001,202533,27.59
CA_1,HOBBIES_2_001,202534,27.59
CA_1,HOBBIES_2_001,202535,27.59
CA_1,HOBBIES_2_001,202536,27.59
CA_1,HOBBIES_2_001,202537,27.59
CA_1,HOBBIES_2_001,202538,27.59
CA_1,HOBBIES_2_001,202539,27.59
CA_1,HOBBIES_2_001,202540,27.59
CA_1,HOBBIES_2_001,202541,27.59
CA_1,HOBBIES_2_001,202542,27.59
CA_1,HOBBIES_2_001,202543,27.59
CA_1,HOBBIES_2_001,202544,27.59
CA_1,HOBBIES_2_001,202545,28.97
CA_1,HOBBIES_2_001,202546,27.59
CA_1,HOBBIES_2_001,202547,27.59
CA_1,HOBBIES_2_001,202548,26.22
CA_1,HOBBIES_2_001,202549,27.59
CA_1,HOBBIES_2_001,202550,27.59
CA_1,HOBBIES_2_001,202551,24.84
CA_1,HOBBIES_2_001,202552,26.22
CA_1,HOBBIES_2_001,202501,27.59
CA_1,HOBBIES_2_001,202601,27.59
CA_1,HOBBIES_2_001,202602,27.59
CA_1,HOBBIES_2_001,202603,27.59
CA_1,HOBBIES_2_001,202604,27.59
CA_1,HOBBIES_2_001,202605,27.59
CA_1,HOBBIES_2_001,202606,27.59
CA_1,HOBBIES_2_001,202607,27.59
CA_1,HOBBIES_2_001,202608,27.59
CA_1,HOBBIES_2_001,202609,28.97
CA_1,HOBBIES_2_001,202610,26.22
CA_1,HOBBIES_2_001,202611,27.59
CA_1,HOBBIES_2_001,202612,28.97
CA_1,HOBBIES_2_001,202613,27.59
CA_1,HOBBIES_2_001,202614,27.59
CA_1,HOBBIES_2_001,202615,27.59
CA_1,HOBBIES_2_001,202616,28.97
CA_1,HOBBIES_2_001,202617,27.59
CA_1,HOBBIES_2_001,202618,27.59
CA_1,HOBBIES_2_001,202619,27.59
CA_1,HOBBIES_2_001,202620,27.59
CA_1,HOBBIES_2_002,202520,21.09
CA_1,HOBBIES_2_002,202521,21.09
CA_1,HOBBIES_2_002,202522,21.09
CA_1,HOBBIES_2_002,202523,21.09
CA_1,HOBBIES_2_002,202524,22.15
CA_1,HOBBIES_2_002,202525,21.09
CA_1,HOBBIES_2_002,202526,21.09
CA_1,HOBBIES_2_002,202527,21.09
CA_1,HOBBIES_2_002,202528,21.09
CA_1,HOBBIES_2_002,202529,21.09
CA_1,HOBBIES_2_002,202530,18.98
CA_1,HOBBIES_2_002,202531,22.15
CA_1,HOBBIES_2_002,202532,21.09
CA_1,HOBBIES_2_002,202533,21.09
CA_1,HOBBIES_2_002,202534,21.09
CA_1,HOBBIES_2_002,202535,21.09
CA_1,HOBBIES_2_002,202536,21.09
CA_1,HOBBIES_2_002,202537,21.09
CA_1,HOBBIES_2_002,202538,21.09
CA_1,HOBBIES_2_002,202539,21.09
CA_1,HOBBIES_2_002,202540,21.09
CA_1,HOBBIES_2_002,202541,21.09
CA_1,HOBBIES_2_002,202542,20.04
CA_1,HOBBIES_2_002,202543,21.09
CA_1,HOBBIES_2_002,202544,21.09
CA_1,HOBBIES_2_002,202545,21.09
CA_1,HOBBIES_2_002,202546,22.15
CA_1,HOBBIES_2_002,202547,21.09
CA_1,HOBBIES_2_002,202548,18.98
CA_1,HOBBIES_2_002,202549,21.09
CA_1,HOBBIES_2_002,202550,20.04
CA_1,HOBBIES_2_002,202551,21.09
CA_1,HOBBIES_2_002,202552,18.98
CA_1,HOBBIES_2_002,202501,21.09
CA_1,HOBBIES_2_002,202601,21.09
CA_1,HOBBIES_2_002,202602,22.15
CA_1,HOBBIES_2_002,202603,21.09
CA_1,HOBBIES_2_002,202604,21.09
CA_1,HOBBIES_2_002,202605,21.09
CA_1,HOBBIES_2_002,202606,21.09
CA_1,HOBBIES_2_002,202607,21.09
CA_1,HOBBIES_2_002,202608,21.09
CA_1,HOBBIES_2_002,202609,21.09
CA_1,HOBBIES_2_002,202610,21.09
CA_1,HOBBIES_2_002,202611,21.09
CA_1,HOBBIES_2_002,202612,21.09
CA_1,HOBBIES_2_002,202613,21.09
CA_1,HOBBIES_2_002,202614,21.09
CA_1,HOBBIES_2_002,202615,21.09
CA_1,HOBBIES_2_002,202616,22.15
CA_1,HOBBIES_2_002,202617,18.98
CA_1,HOBBIES_2_002,202618,21.09
CA_1,HOBBIES_2_002,202619,22.15
CA_1,HOBBIES_2_002,202620,22.15
CA_1,HOBBIES_2_003,202520,7.52
CA_1,HOBBIES_2_003,202521,7.52
CA_1,HOBBIES_2_003,202522,7.52
CA_1,HOBBIES_2_003,202523,6.77
CA_1,HOBBIES_2_003,202524,7.89
CA_1,HOBBIES_2_003,202525,7.52
CA_1,HOBBIES_2_003,202526,7.52
CA_1,HOBBIES_2_003,202527,7.52
CA_1,HOBBIES_2_003,202528,7.52
CA_1,HOBBIES_2_003,202529,7.14
CA_1,HOBBIES_2_003,202530,7.52
CA_1,HOBBIES_2_003,202531,7.89
CA_1,HOBBIES_2_003,202532,7.52
CA_1,HOBBIES_2_003,202533,7.52
CA_1,HOBBIES_2_003,202534,7.52
CA_1,HOBBIES_2_003,202535,7.52
CA_1,HOBBIES_2_003,202536,6.77
CA_1,HOBBIES_2_003,202537,7.52
CA_1,HOBBIES_2_003,202538,6.77
CA_1,HOBBIES_2_003,202539,7.89
CA_1,HOBBIES_2_003,202540,7.89
CA_1,HOBBIES_2_003,202541,7.89
CA_1,HOBBIES_2_003,202542,7.14
CA_1,HOBBIES_2_003,202543,7.52
CA_1,HOBBIES_2_003,202544,7.52
CA_1,HOBBIES_2_003,202545,7.52
CA_1,HOBBIES_2_003,202546,7.52
CA_1,HOBBIES_2_003,202547,7.52
CA_1,HOBBIES_2_003,202548,6.77
CA_1,HOBBIES_2_003,202549,7.52
CA_1,HOBBIES_2_003,202550,7.52
CA_1,HOBBIES_2_003,202551,7.52
CA_1,HOBBIES_2_003,202552,7.52
CA_1,HOBBIES_2_003,202501,7.52
CA_1,HOBBIES_2_003,202601,7.52
CA_1,HOBBIES_2_003,202602,7.52
CA_1,HOBBIES_2_003,202603,7.52
CA_1,HOBBIES_2_003,202604,7.52
CA_1,HOBBIES_2_003,202605,7.52
CA_1,HOBBIES_2_003,202606,7.52
CA_1,HOBBIES_2_003,202607,7.52
CA_1,HOBBIES_2_003,202608,7.52
CA_1,HOBBIES_2_003,202609,7.52
CA_1,HOBBIES_2_003,202610,7.52
CA_1,HOBBIES_2_003,202611,7.52
CA_1,HOBBIES_2_003,202612,7.52
CA_1,HOBBIES_2_003,202613,7.52
CA_1,HOBBIES_2_003,202614,7.52
CA_1,HOBBIES_2_003,202615,7.52
CA_1,HOBBIES_2_003,202616,7.52
CA_1,HOBBIES_2_003,202617,7.52
CA_1,HOBBIES_2_003,202618,7.52
CA_1,HOBBIES_2_003,202619,7.52
CA_1,HOBBIES_2_003,202620,7.14
CA_1,HOBBIES_2_004,202520,17.22
CA_1,HOBBIES_2_004,202521,17.22
CA_1,HOBBIES_2_004,202522,17.22
CA_1,HOBBIES_2_004,202523,18.08
CA_1,HOBBIES_2_004,202524,17.22
CA_1,HOBBIES_2_004,202525,17.22
CA_1,HOBBIES_2_004,202526,17.22
CA_1,HOBBIES_2_004,202527,17.22
CA_1,HOBBIES_2_004,202528,15.5
CA_1,HOBBIES_2_004,202529,17.22
CA_1,HOBBIES_2_004,202530,17.22
CA_1,HOBBIES_2_004,202531,17.22
CA_1,HOBBIES_2_004,202532,17.22
CA_1,HOBBIES_2_004,202533,17.22
CA_1,HOBBIES_2_004,202534,16.36
CA_1,HOBBIES_2_004,202535,15.5
CA_1,HOBBIES_2_004,202536,18.08
CA_1,HOBBIES_2_004,202537,17.22
CA_1,HOBBIES_2_004,202538,17.22
CA_1,HOBBIES_2_004,202539,17.22
CA_1,HOBBIES_2_004,202540,17.22
CA_1,HOBBIES_2_004,202541,15.5
CA_1,HOBBIES_2_004,202542,17.22
CA_1,HOBBIES_2_004,202543,17.22
CA_1,HOBBIES_2_004,202544,17.22
CA_1,HOBBIES_2_004,202545,17.22
CA_1,HOBBIES_2_004,202546,17.22
CA_1,HOBBIES_2_004,202547,17.22
CA_1,HOBBIES_2_004,202548,18.08
CA_1,HOBBIES_2_004,202549,17.22
CA_1,HOBBIES_2_004,202550,18.08
CA_1,HOBBIES_2_004,202551,17.22
CA_1,HOBBIES_2_004,202552,17.22
CA_1,HOBBIES_2_004,202501,17.22
CA_1,HOBBIES_2_004,202601,17.22
CA_1,HOBBIES_2_004,202602,18.08
CA_1,HOBBIES_2_004,202603,16.36
CA_1,HOBBIES_2_004,202604,18.08
CA_1,HOBBIES_2_004,202605,17.22
CA_1,HOBBIES_2_004,202606,17.22
CA_1,HOBBIES_2_004,202607,17.22
CA_1,HOBBIES_2_004,202608,17.22
CA_1,HOBBIES_2_004,202609,17.22
CA_1,HOBBIES_2_004,202610,17.22
CA_1,HOBBIES_2_004,202611,17.22
CA_1,HOBBIES_2_004,202612,17.22
CA_1,HOBBIES_2_004,202613,15.5
CA_1,HOBBIES_2_004,202614,17.22
CA_1,HOBBIES_2_004,202615,17.22
CA_1,HOBBIES_2_004,202616,17.22
CA_1,HOBBIES_2_004,202617,17.22
CA_1,HOBBIES_2_004,202618,17.22
CA_1,HOBBIES_2_004,202619,17.22
CA_1,HOBBIES_2_004,202620,17.22
CA_1,HOBBIES_2_005,202520,27.21
CA_1,HOBBIES_2_005,202521,24.49
CA_1,HOBBIES_2_005,202522,27.21
CA_1,HOBBIES_2_005,202523,27.21
CA_1,HOBBIES_2_005,202524,27.21
CA_1,HOBBIES_2_005,202525,24.49
CA_1,HOBBIES_2_005,202526,27.21
CA_1,HOBBIES_2_005,202527,27.21
CA_1,HOBBIES_2_005,202528,28.57
CA_1,HOBBIES_2_005,202529,27.21
CA_1,HOBBIES_2_005,202530,27.21
CA_1,HOBBIES_2_005,202531,28.57
CA_1,HOBBIES_2_005,202532,27.21
CA_1,HOBBIES_2_005,202533,27.21
CA_1,HOBBIES_2_005,202534,24.49
CA_1,HOBBIES_2_005,202535,28.57
CA_1,HOBBIES_2_005,202536,25.85
CA_1,HOBBIES_2_005,202537,27.21
CA_1,HOBBIES_2_005,202538,27.21
CA_1,HOBBIES_2_005,202539,27.21
CA_1,HOBBIES_2_005,202540,27.21
CA_1,HOBBIES_2_005,202541,24.49
CA_1,HOBBIES_2_005,202542,27.21
CA_1,HOBBIES_2_005,202543,27.21
CA_1,HOBBIES_2_005,202544,27.21
CA_1,HOBBIES_2_005,202545,27.21
CA_1,HOBBIES_2_005,202546,24.49
CA_1,HOBBIES_2_005,202547,27.21
CA_1,HOBBIES_2_005,202548,27.21
CA_1,HOBBIES_2_005,202549,25.85
CA_1,HOBBIES_2_005,202550,27.21
CA_1,HOBBIES_2_005,202551,27.21
CA_1,HOBBIES_2_005,202552,27.21
CA_1,HOBBIES_2_005,202501,28.57
CA_1,HOBBIES_2_005,202601,27.21
CA_1,HOBBIES_2_005,202602,24.49
CA_1,HOBBIES_2_005,202603,27.21
CA_1,HOBBIES_2_005,202604,27.21
CA_1,HOBBIES_2_005,202605,27.21
CA_1,HOBBIES_2_005,202606,27.21
CA_1,HOBBIES_2_005,202607,27.21
CA_1,HOBBIES_2_005,202608,25.85
CA_1,HOBBIES_2_005,202609,27.21
CA_1,HOBBIES_2_005,202610,24.49
CA_1,HOBBIES_2_005,202611,27.21
CA_1,HOBBIES_2_005,202612,28.57
CA_1,HOBBIES_2_005,202613,28.57
CA_1,HOBBIES_2_005,202614,27.21
CA_1,HOBBIES_2_005,202615,25.85
CA_1,HOBBIES_2_005,202616,24.49
CA_1,HOBBIES_2_005,202617,27.21
CA_1,HOBBIES_2_005,202618,25.85
CA_1,HOBBIES_2_005,202619,28.57
CA_1,HOBBIES_2_005,202620,27.21
CA_1,HOBBIES_2_006,202520,14.61
CA_1,HOBBIES_2_006,202521,16.24
CA_1,HOBBIES_2_006,202522,16.24
CA_1,HOBBIES_2_006,202523,16.24
CA_1,HOBBIES_2_006,202524,16.24
CA_1,HOBBIES_2_006,202525,16.24
CA_1,HOBBIES_2_006,202526,16.24
CA_1,HOBBIES_2_006,202527,16.24
CA_1,HOBBIES_2_006,202528,16.24
CA_1,HOBBIES_2_006,202529,16.24
CA_1,HOBBIES_2_006,202530,17.05
CA_1,HOBBIES_2_006,202531,16.24
CA_1,HOBBIES_2_006,202532,17.05
CA_1,HOBBIES_2_006,202533,16.24
CA_1,HOBBIES_2_006,202534,16.24
CA_1,HOBBIES_2_006,202535,15.42
CA_1,HOBBIES_2_006,202536,16.24
CA_1,HOBBIES_2_006,202537,16.24
CA_1,HOBBIES_2_006,202538,16.24
CA_1,HOBBIES_2_006,202539,16.24
CA_1,HOBBIES_2_006,202540,14.61
CA_1,HOBBIES_2_006,202541,16.24
CA_1,HOBBIES_2_006,202542,16.24
CA_1,HOBBIES_2_006,202543,15.42
CA_1,HOBBIES_2_006,202544,16.24
CA_1,HOBBIES_2_006,202545,16.24
CA_1,HOBBIES_2_006,202546,16.24
CA_1,HOBBIES_2_006,202547,16.24
CA_1,HOBBIES_2_006,202548,14.61
CA_1,HOBBIES_2_006,202549,14.61
CA_1,HOBBIES_2_006,202550,16.24
CA_1,HOBBIES_2_006,202551,16.24
CA_1,HOBBIES_2_006,202552,16.24
CA_1,HOBBIES_2_006,202501,16.24
CA_1,HOBBIES_2_006,202601,16.24
CA_1,HOBBIES_2_006,202602,16.24
CA_1,HOBBIES_2_006,202603,15.42
CA_1,HOBBIES_2_006,202604,16.24
CA_1,HOBBIES_2_006,202605,14.61
CA_1,HOBBIES_2_006,202606,16.24
CA_1,HOBBIES_2_006,202607,14.61
CA_1,HOBBIES_2_006,202608,16.24
CA_1,HOBBIES_2_006,202609,16.24
CA_1,HOBBIES_2_006,202610,15.42
CA_1,HOBBIES_2_006,202611,16.24
CA_1,HOBBIES_2_006,202612,16.24
CA_1,HOBBIES_2_006,202613,16.24
CA_1,HOBBIES_2_006,202614,16.24
CA_1,HOBBIES_2_006,202615,16.24
CA_1,HOBBIES_2_006,202616,16.24
CA_1,HOBBIES_2_006,202617,16.24
CA_1,HOBBIES_2_006,202618,15.42
CA_1,HOBBIES_2_006,202619,16.24
CA_1,HOBBIES_2_006,202620,16.24
CA_1,HOBBIES_2_007,202520,7.81
CA_1,HOBBIES_2_007,202521,7.81
CA_1,HOBBIES_2_007,202522,7.42
CA_1,HOBBIES_2_007,202523,7.81
CA_1,HOBBIES_2_007,202524,7.81
CA_1,HOBBIES_2_007,202525,7.81
CA_1,HOBBIES_2_007,202526,7.81
CA_1,HOBBIES_2_007,202527,8.2
CA_1,HOBBIES_2_007,202528,7.81
CA_1,HOBBIES_2_007,202529,7.81
CA_1,HOBBIES_2_007,202530,7.81
CA_1,HOBBIES_2_007,202531,7.81
CA_1,HOBBIES_2_007,202532,7.81
CA_1,HOBBIES_2_007,202533,7.81
CA_1,HOBBIES_2_007,202534,7.81
CA_1,HOBBIES_2_007,202535,7.81
CA_1,HOBBIES_2_007,202536,7.81
CA_1,HOBBIES_2_007,202537,8.2
CA_1,HOBBIES_2_007,202538,7.81
CA_1,HOBBIES_2_007,202539,7.81
CA_1,HOBBIES_2_007,202540,8.2
CA_1,HOBBIES_2_007,202541,7.81
CA_1,HOBBIES_2_007,202542,7.81
CA_1,HOBBIES_2_007,202543,7.81
CA_1,HOBBIES_2_007,202544,8.2
CA_1,HOBBIES_2_007,202545,7.42
CA_1,HOBBIES_2_007,202546,7.42
CA_1,HOBBIES_2_007,202547,8.2
CA_1,HOBBIES_2_007,202548,7.81
CA_1,HOBBIES_2_007,202549,7.03
CA_1,HOBBIES_2_007,202550,7.81
CA_1,HOBBIES_2_007,202551,7.81
CA_1,HOBBIES_2_007,202552,7.81
CA_1,HOBBIES_2_007,202501,7.81
CA_1,HOBBIES_2_007,202601,7.81
CA_1,HOBBIES_2_007,202602,7.81
CA_1,HOBBIES_2_007,202603,7.81
CA_1,HOBBIES_2_007,202604,7.03
CA_1,HOBBIES_2_007,202605,8.2
CA_1,HOBBIES_2_007,202606,7.81
CA_1,HOBBIES_2_007,202607,7.81
CA_1,HOBBIES_2_007,202608,7.81
CA_1,HOBBIES_2_007,202609,7.81
CA_1,HOBBIES_2_007,202610,7.03
CA_1,HOBBIES_2_007,202611,7.42
CA_1,HOBBIES_2_007,202612,8.2
CA_1,HOBBIES_2_007,202613,7.81
CA_1,HOBBIES_2_007,202614,8.2
CA_1,HOBBIES_2_007,202615,7.42
CA_1,HOBBIES_2_007,202616,7.42
CA_1,HOBBIES_2_007,202617,7.81
CA_1,HOBBIES_2_007,202618,8.2
CA_1,HOBBIES_2_007,202619,7.81
CA_1,HOBBIES_2_007,202620,7.42
CA_1,HOBBIES_2_008,202520,21.0
CA_1,HOBBIES_2_008,202521,19.95
CA_1,HOBBIES_2_008,202522,18.9
CA_1,HOBBIES_2_008,202523,21.0
CA_1,HOBBIES_2_008,202524,21.0
CA_1,HOBBIES_2_008,202525,21.0
CA_1,HOBBIES_2_008,202526,21.0
CA_1,HOBBIES_2_008,202527,21.0
CA_1,HOBBIES_2_008,202528,21.0
CA_1,HOBBIES_2_008,202529,21.0
CA_1,HOBBIES_2_008,202530,21.0
CA_1,HOBBIES_2_008,202531,21.0
CA_1,HOBBIES_2_008,202532,21.0
CA_1,HOBBIES_2_008,202533,18.9
CA_1,HOBBIES_2_008,202534,21.0
CA_1,HOBBIES_2_008,202535,21.0
CA_1,HOBBIES_2_008,202536,21.0
CA_1,HOBBIES_2_008,202537,21.0
CA_1,HOBBIES_2_008,202538,18.9
CA_1,HOBBIES_2_008,202539,21.0
CA_1,HOBBIES_2_008,202540,21.0
CA_1,HOBBIES_2_008,202541,22.05
CA_1,HOBBIES_2_008,202542,19.95
CA_1,HOBBIES_2_008,202543,21.0
CA_1,HOBBIES_2_008,202544,21.0
CA_1,HOBBIES_2_008,202545,21.0
CA_1,HOBBIES_2_008,202546,21.0
CA_1,HOBBIES_2_008,202547,21.0
CA_1,HOBBIES_2_008,202548,22.05
CA_1,HOBBIES_2_008,202549,21.0
CA_1,HOBBIES_2_008,202550,21.0
CA_1,HOBBIES_2_008,202551,21.0
CA_1,HOBBIES_2_008,202552,21.0
CA_1,HOBBIES_2_008,202501,21.0
CA_1,HOBBIES_2_008,202601,21.0
CA_1,HOBBIES_2_008,202602,21.0
CA_1,HOBBIES_2_008,202603,22.05
CA_1,HOBBIES_2_008,202604,21.0
CA_1,HOBBIES_2_008,202605,21.0
CA_1,HOBBIES_2_008,202606,19.95
CA_1,HOBBIES_2_008,202607,21.0
CA_1,HOBBIES_2_008,202608,21.0
CA_1,HOBBIES_2_008,202609,21.0
CA_1,HOBBIES_2_008,202610,21.0
CA_1,HOBBIES_2_008,202611,21.0
CA_1,HOBBIES_2_008,202612,21.0
CA_1,HOBBIES_2_008,202613,19.95
CA_1,HOBBIES_2_008,202614,21.0
CA_1,HOBBIES_2_008,202615,22.05
CA_1,HOBBIES_2_008,202616,19.95
CA_1,HOBBIES_2_008,202617,22.05
CA_1,HOBBIES_2_008,202618,21.0
CA_1,HOBBIES_2_008,202619,21.0
CA_1,HOBBIES_2_008,202620,22.05
CA_1,HOBBIES_2_009,202520,23.51
CA_1,HOBBIES_2_009,202521,23.51
CA_1,HOBBIES_2_009,202522,23.51
CA_1,HOBBIES_2_009,202523,23.51
CA_1,HOBBIES_2_009,202524,23.51
CA_1,HOBBIES_2_009,202525,22.33
CA_1,HOBBIES_2_009,202526,23.51
CA_1,HOBBIES_2_009,202527,23.51
CA_1,HOBBIES_2_009,202528,23.51
CA_1,HOBBIES_2_009,202529,23.51
CA_1,HOBBIES_2_009,202530,23.51
CA_1,HOBBIES_2_009,202531,23.51
CA_1,HOBBIES_2_009,202532,24.68
CA_1,HOBBIES_2_009,202533,23.51
CA_1,HOBBIES_2_009,202534,21.16
CA_1,HOBBIES_2_009,202535,23.51
CA_1,HOBBIES_2_009,202536,23.51
CA_1,HOBBIES_2_009,202537,23.51
CA_1,HOBBIES_2_009,202538,21.16
CA_1,HOBBIES_2_009,202539,22.33
CA_1,HOBBIES_2_009,202540,22.33
CA_1,HOBBIES_2_009,202541,23.51
CA_1,HOBBIES_2_009,202542,23.51
CA_1,HOBBIES_2_009,202543,23.51
CA_1,HOBBIES_2_009,202544,21.16
CA_1,HOBBIES_2_009,202545,23.51
CA_1,HOBBIES_2_009,202546,23.51
CA_1,HOBBIES_2_009,202547,23.51
CA_1,HOBBIES_2_009,202548,23.51
CA_1,HOBBIES_2_009,202549,23.51
CA_1,HOBBIES_2_009,202550,23.51
CA_1,HOBBIES_2_009,202551,24.68
CA_1,HOBBIES_2_009,202552,23.51
CA_1,HOBBIES_2_009,202501,23.51
CA_1,HOBBIES_2_009,202601,23.51
CA_1,HOBBIES_2_009,202602,23.51
CA_1,HOBBIES_2_009,202603,23.51
CA_1,HOBBIES_2_009,202604,23.51
CA_1,HOBBIES_2_009,202605,23.51
CA_1,HOBBIES_2_009,202606,23.51
CA_1,HOBBIES_2_009,202607,23.51
CA_1,HOBBIES_2_009,202608,23.51
CA_1,HOBBIES_2_009,202609,23.51
CA_1,HOBBIES_2_009,202610,23.51
CA_1,HOBBIES_2_009,202611,22.33
CA_1,HOBBIES_2_009,202612,23.51
CA_1,HOBBIES_2_009,202613,23.51
CA_1,HOBBIES_2_009,202614,24.68
CA_1,HOBBIES_2_009,202615,23.51
CA_1,HOBBIES_2_009,202616,21.16
CA_1,HOBBIES_2_009,202617,23.51
CA_1,HOBBIES_2_009,202618,23.51
CA_1,HOBBIES_2_009,202619,23.51
CA_1,HOBBIES_2_009,202620,23.51
CA_1,HOBBIES_2_010,202520,28.75
CA_1,HOBBIES_2_010,202521,28.75
CA_1,HOBBIES_2_010,202522,27.31
CA_1,HOBBIES_2_010,202523,28.75
CA_1,HOBBIES_2_010,202524,30.19
CA_1,HOBBIES_2_010,202525,28.75
CA_1,HOBBIES_2_010,202526,28.75
CA_1,HOBBIES_2_010,202527,28.75
CA_1,HOBBIES_2_010,202528,30.19
CA_1,HOBBIES_2_010,202529,25.87
CA_1,HOBBIES_2_010,202530,28.75
CA_1,HOBBIES_2_010,202531,28.75
CA_1,HOBBIES_2_010,202532,28.75
CA_1,HOBBIES_2_010,202533,30.19
CA_1,HOBBIES_2_010,202534,27.31
CA_1,HOBBIES_2_010,202535,28.75
CA_1,HOBBIES_2_010,202536,28.75
CA_1,HOBBIES_2_010,202537,25.87
CA_1,HOBBIES_2_010,202538,28.75
CA_1,HOBBIES_2_010,202539,28.75
CA_1,HOBBIES_2_010,202540,28.75
CA_1,HOBBIES_2_010,202541,27.31
CA_1,HOBBIES_2_010,202542,28.75
CA_1,HOBBIES_2_010,202543,27.31
CA_1,HOBBIES_2_010,202544,25.87
CA_1,HOBBIES_2_010,202545,28.75
CA_1,HOBBIES_2_010,202546,28.75
CA_1,HOBBIES_2_010,202547,28.75
CA_1,HOBBIES_2_010,202548,28.75
CA_1,HOBBIES_2_010,202549,28.75
CA_1,HOBBIES_2_010,202550,28.75
CA_1,HOBBIES_2_010,202551,28.75
CA_1,HOBBIES_2_010,202552,28.75
CA_1,HOBBIES_2_010,202501,25.87
CA_1,HOBBIES_2_010,202601,28.75
CA_1,HOBBIES_2_010,202602,27.31
CA_1,HOBBIES_2_010,202603,28.75
CA_1,HOBBIES_2_010,202604,25.87
CA_1,HOBBIES_2_010,202605,27.31
CA_1,HOBBIES_2_010,202606,28.75
CA_1,HOBBIES_2_010,202607,27.31
CA_1,HOBBIES_2_010,202608,28.75
CA_1,HOBBIES_2_010,202609,25.87
CA_1,HOBBIES_2_010,202610,27.31
CA_1,HOBBIES_2_010,202611,30.19
CA_1,HOBBIES_2_010,202612,28.75
CA_1,HOBBIES_2_010,202613,28.75
CA_1,HOBBIES_2_010,202614,28.75
CA_1,HOBBIES_2_010,202615,28.75
CA_1,HOBBIES_2_010,202616,28.75
CA_1,HOBBIES_2_010,202617,28.75
CA_1,HOBBIES_2_010,202618,27.31
CA_1,HOBBIES_2_010,202619,28.75
CA_1,HOBBIES_2_010,202620,28.75
CA_1,HOUSEHOLD_3_001,202520,26.91
CA_1,HOUSEHOLD_3_001,202521,26.91
CA_1,HOUSEHOLD_3_001,202522,26.91
CA_1,HOUSEHOLD_3_001,202523,26.91
CA_1,HOUSEHOLD_3_001,202524,26.91
CA_1,HOUSEHOLD_3_001,202525,26.91
CA_1,HOUSEHOLD_3_001,202526,28.25
CA_1,HOUSEHOLD_3_001,202527,26.91
CA_1,HOUSEHOLD_3_001,202528,26.91
CA_1,HOUSEHOLD_3_001,202529,26.91
CA_1,HOUSEHOLD_3_001,202530,26.91
CA_1,HOUSEHOLD_3_001,202531,25.56
CA_1,HOUSEHOLD_3_001,202532,26.91
CA_1,HOUSEHOLD_3_001,202533,26.91
CA_1,HOUSEHOLD_3_001,202534,26.91
CA_1,HOUSEHOLD_3_001,202535,28.25
CA_1,HOUSEHOLD_3_001,202536,24.22
CA_1,HOUSEHOLD_3_001,202537,26.91
CA_1,HOUSEHOLD_3_001,202538,25.56
CA_1,HOUSEHOLD_3_001,202539,26.91
CA_1,HOUSEHOLD_3_001,202540,26.91
CA_1,HOUSEHOLD_3_001,202541,26.91
CA_1,HOUSEHOLD_3_001,202542,26.91
CA_1,HOUSEHOLD_3_001,202543,26.91
CA_1,HOUSEHOLD_3_001,202544,26.91
CA_1,HOUSEHOLD_3_001,202545,26.91
CA_1,HOUSEHOLD_3_001,202546,26.91
CA_1,HOUSEHOLD_3_001,202547,25.56
CA_1,HOUSEHOLD_3_001,202548,26.91
CA_1,HOUSEHOLD_3_001,202549,26.91
CA_1,HOUSEHOLD_3_001,202550,26.91
CA_1,HOUSEHOLD_3_001,202551,28.25
CA_1,HOUSEHOLD_3_001,202552,28.25
CA_1,HOUSEHOLD_3_001,202501,28.25
CA_1,HOUSEHOLD_3_001,202601,24.22
CA_1,HOUSEHOLD_3_001,202602,26.91
CA_1,HOUSEHOLD_3_001,202603,26.91
CA_1,HOUSEHOLD_3_001,202604,25.56
CA_1,HOUSEHOLD_3_001,202605,24.22
CA_1,HOUSEHOLD_3_001,202606,26.91
CA_1,HOUSEHOLD_3_001,202607,26.91
CA_1,HOUSEHOLD_3_001,202608,26.91
CA_1,HOUSEHOLD_3_001,202609,28.25
CA_1,HOUSEHOLD_3_001,202610,26.91
CA_1,HOUSEHOLD_3_001,202611,26.91
CA_1,HOUSEHOLD_3_001,202612,28.25
CA_1,HOUSEHOLD_3_001,202613,28.25
CA_1,HOUSEHOLD_3_001,202614,26.91
CA_1,HOUSEHOLD_3_001,202615,26.91
CA_1,HOUSEHOLD_3_001,202616,26.91
CA_1,HOUSEHOLD_3_001,202617,26.91
CA_1,HOUSEHOLD_3_001,202618,26.91
CA_1,HOUSEHOLD_3_001,202619,26.91
CA_1,HOUSEHOLD_3_001,202620,26.91
CA_1,HOUSEHOLD_3_002,202520,7.58
CA_1,HOUSEHOLD_3_002,202521,8.42
CA_1,HOUSEHOLD_3_002,202522,8.42
CA_1,HOUSEHOLD_3_002,202523,7.58
CA_1,HOUSEHOLD_3_002,202524,8.42
CA_1,HOUSEHOLD_3_002,202525,8.84
CA_1,HOUSEHOLD_3_002,202526,8.42
CA_1,HOUSEHOLD_3_002,202527,7.58
CA_1,HOUSEHOLD_3_002,202528,7.58
CA_1,HOUSEHOLD_3_002,202529,8.42
CA_1,HOUSEHOLD_3_002,202530,8.42
CA_1,HOUSEHOLD_3_002,202531,8.84
CA_1,HOUSEHOLD_3_002,202532,8.42
CA_1,HOUSEHOLD_3_002,202533,8.42
CA_1,HOUSEHOLD_3_002,202534,8.42
CA_1,HOUSEHOLD_3_002,202535,8.0
CA_1,HOUSEHOLD_3_002,202536,8.42
CA_1,HOUSEHOLD_3_002,202537,8.42
CA_1,HOUSEHOLD_3_002,202538,8.42
CA_1,HOUSEHOLD_3_002,202539,8.42
CA_1,HOUSEHOLD_3_002,202540,8.42
CA_1,HOUSEHOLD_3_002,202541,7.58
CA_1,HOUSEHOLD_3_002,202542,8.84
CA_1,HOUSEHOLD_3_002,202543,8.42
CA_1,HOUSEHOLD_3_002,202544,8.0
CA_1,HOUSEHOLD_3_002,202545,7.58
CA_1,HOUSEHOLD_3_002,202546,8.42
CA_1,HOUSEHOLD_3_002,202547,8.42
CA_1,HOUSEHOLD_3_002,202548,8.42
CA_1,HOUSEHOLD_3_002,202549,8.42
CA_1,HOUSEHOLD_3_002,202550,8.42
CA_1,HOUSEHOLD_3_002,202551,8.84
CA_1,HOUSEHOLD_3_002,202552,8.42
CA_1,HOUSEHOLD_3_002,202501,8.84
CA_1,HOUSEHOLD_3_002,202601,8.42
CA_1,HOUSEHOLD_3_002,202602,8.0
CA_1,HOUSEHOLD_3_002,202603,8.42
CA_1,HOUSEHOLD_3_002,202604,7.58
CA_1,HOUSEHOLD_3_002,202605,8.0
CA_1,HOUSEHOLD_3_002,202606,8.42
CA_1,HOUSEHOLD_3_002,202607,7.58
CA_1,HOUSEHOLD_3_002,202608,8.84
CA_1,HOUSEHOLD_3_002,202609,8.42
CA_1,HOUSEHOLD_3_002,202610,8.42
CA_1,HOUSEHOLD_3_002,202611,8.42
CA_1,HOUSEHOLD_3_002,202612,8.42
CA_1,HOUSEHOLD_3_002,202613,8.42
CA_1,HOUSEHOLD_3_002,202614,8.42
CA_1,HOUSEHOLD_3_002,202615,8.42
CA_1,HOUSEHOLD_3_002,202616,8.42
CA_1,HOUSEHOLD_3_002,202617,8.0
CA_1,HOUSEHOLD_3_002,202618,8.42
CA_1,HOUSEHOLD_3_002,202619,8.42
CA_1,HOUSEHOLD_3_002,202620,8.42
CA_1,HOUSEHOLD_3_003,202520,10.77
CA_1,HOUSEHOLD_3_003,202521,10.23
CA_1,HOUSEHOLD_3_003,202522,10.77
CA_1,HOUSEHOLD_3_003,202523,10.77
CA_1,HOUSEHOLD_3_003,202524,10.77
CA_1,HOUSEHOLD_3_003,202525,10.23
CA_1,HOUSEHOLD_3_003,202526,10.77
CA_1,HOUSEHOLD_3_003,202527,10.77
CA_1,HOUSEHOLD_3_003,202528,11.3
CA_1,HOUSEHOLD_3_003,202529,10.77
CA_1,HOUSEHOLD_3_003,202530,9.69
CA_1,HOUSEHOLD_3_003,202531,10.77
CA_1,HOUSEHOLD_3_003,202532,10.23
CA_1,HOUSEHOLD_3_003,202533,10.77
CA_1,HOUSEHOLD_3_003,202534,11.3
CA_1,HOUSEHOLD_3_003,202535,10.23
CA_1,HOUSEHOLD_3_003,202536,10.77
CA_1,HOUSEHOLD_3_003,202537,10.77
CA_1,HOUSEHOLD_3_003,202538,9.69
CA_1,HOUSEHOLD_3_003,202539,10.77
CA_1,HOUSEHOLD_3_003,202540,10.23
CA_1,HOUSEHOLD_3_003,202541,10.77
CA_1,HOUSEHOLD_3_003,202542,10.77
CA_1,HOUSEHOLD_3_003,202543,10.77
CA_1,HOUSEHOLD_3_003,202544,10.23
CA_1,HOUSEHOLD_3_003,202545,10.77
CA_1,HOUSEHOLD_3_003,202546,10.77
CA_1,HOUSEHOLD_3_003,202547,10.77
CA_1,HOUSEHOLD_3_003,202548,10.77
CA_1,HOUSEHOLD_3_003,202549,10.77
CA_1,HOUSEHOLD_3_003,202550,10.77
CA_1,HOUSEHOLD_3_003,202551,9.69
CA_1,HOUSEHOLD_3_003,202552,10.77
CA_1,HOUSEHOLD_3_003,202501,10.77
CA_1,HOUSEHOLD_3_003,202601,10.77
CA_1,HOUSEHOLD_3_003,202602,10.77
CA_1,HOUSEHOLD_3_003,202603,10.77
CA_1,HOUSEHOLD_3_003,202604,10.77
CA_1,HOUSEHOLD_3_003,202605,10.77
CA_1,HOUSEHOLD_3_003,202606,11.3
CA_1,HOUSEHOLD_3_003,202607,10.77
CA_1,HOUSEHOLD_3_003,202608,11.3
CA_1,HOUSEHOLD_3_003,202609,10.77
CA_1,HOUSEHOLD_3_003,202610,10.77
CA_1,HOUSEHOLD_3_003,202611,10.77
CA_1,HOUSEHOLD_3_003,202612,10.23
CA_1,HOUSEHOLD_3_003,202613,10.23
CA_1,HOUSEHOLD_3_003,202614,10.77
CA_1,HOUSEHOLD_3_003,202615,10.77
CA_1,HOUSEHOLD_3_003,202616,10.77
CA_1,HOUSEHOLD_3_003,202617,11.3
CA_1,HOUSEHOLD_3_003,202618,10.77
CA_1,HOUSEHOLD_3_003,202619,9.69
CA_1,HOUSEHOLD_3_003,202620,10.77
CA_1,HOUSEHOLD_3_004,202520,9.31
CA_1,HOUSEHOLD_3_004,202521,9.31
CA_1,HOUSEHOLD_3_004,202522,9.31
CA_1,HOUSEHOLD_3_004,202523,9.31
CA_1,HOUSEHOLD_3_004,202524,8.38
CA_1,HOUSEHOLD_3_004,202525,8.38
CA_1,HOUSEHOLD_3_004,202526,9.31
CA_1,HOUSEHOLD_3_004,202527,9.31
CA_1,HOUSEHOLD_3_004,202528,9.31
CA_1,HOUSEHOLD_3_004,202529,9.78
CA_1,HOUSEHOLD_3_004,202530,9.31
CA_1,HOUSEHOLD_3_004,202531,9.31
CA_1,HOUSEHOLD_3_004,202532,8.85
CA_1,HOUSEHOLD_3_004,202533,9.31
CA_1,HOUSEHOLD_3_004,202534,8.85
CA_1,HOUSEHOLD_3_004,202535,9.31
CA_1,HOUSEHOLD_3_004,202536,9.31
CA_1,HOUSEHOLD_3_004,202537,9.31
CA_1,HOUSEHOLD_3_004,202538,9.78
CA_1,HOUSEHOLD_3_004,202539,9.31
CA_1,HOUSEHOLD_3_004,202540,9.31
CA_1,HOUSEHOLD_3_004,202541,9.31
CA_1,HOUSEHOLD_3_004,202542,9.31
CA_1,HOUSEHOLD_3_004,202543,9.31
CA_1,HOUSEHOLD_3_004,202544,9.31
CA_1,HOUSEHOLD_3_004,202545,9.31
CA_1,HOUSEHOLD_3_004,202546,9.31
CA_1,HOUSEHOLD_3_004,202547,9.31
CA_1,HOUSEHOLD_3_004,202548,9.31
CA_1,HOUSEHOLD_3_004,202549,9.31
CA_1,HOUSEHOLD_3_004,202550,9.31
CA_1,HOUSEHOLD_3_004,202551,8.85
CA_1,HOUSEHOLD_3_004,202552,9.31
CA_1,HOUSEHOLD_3_004,202501,9.78
CA_1,HOUSEHOLD_3_004,202601,9.31
CA_1,HOUSEHOLD_3_004,202602,9.31
CA_1,HOUSEHOLD_3_004,202603,9.31
CA_1,HOUSEHOLD_3_004,202604,9.31
CA_1,HOUSEHOLD_3_004,202605,9.31
CA_1,HOUSEHOLD_3_004,202606,9.31
CA_1,HOUSEHOLD_3_004,202607,9.31
CA_1,HOUSEHOLD_3_004,202608,9.31
CA_1,HOUSEHOLD_3_004,202609,9.31
CA_1,HOUSEHOLD_3_004,202610,9.31
CA_1,HOUSEHOLD_3_004,202611,9.78
CA_1,HOUSEHOLD_3_004,202612,9.31
CA_1,HOUSEHOLD_3_004,202613,9.31
CA_1,HOUSEHOLD_3_004,202614,9.31
CA_1,HOUSEHOLD_3_004,202615,9.78
CA_1,HOUSEHOLD_3_004,202616,9.31
CA_1,HOUSEHOLD_3_004,202617,9.78
CA_1,HOUSEHOLD_3_004,202618,9.31
CA_1,HOUSEHOLD_3_004,202619,9.31
CA_1,HOUSEHOLD_3_004,202620,9.31
CA_1,HOUSEHOLD_3_005,202520,11.29
CA_1,HOUSEHOLD_3_005,202521,11.29
CA_1,HOUSEHOLD_3_005,202522,11.29
CA_1,HOUSEHOLD_3_005,202523,11.29
CA_1,HOUSEHOLD_3_005,202524,10.73
CA_1,HOUSEHOLD_3_005,202525,11.29
CA_1,HOUSEHOLD_3_005,202526,11.29
CA_1,HOUSEHOLD_3_005,202527,11.29
CA_1,HOUSEHOLD_3_005,202528,11.29
CA_1,HOUSEHOLD_3_005,202529,11.29
CA_1,HOUSEHOLD_3_005,202530,10.73
CA_1,HOUSEHOLD_3_005,202531,11.29
CA_1,HOUSEHOLD_3_005,202532,11.29
CA_1,HOUSEHOLD_3_005,202533,11.29
CA_1,HOUSEHOLD_3_005,202534,11.29
CA_1,HOUSEHOLD_3_005,202535,10.16
CA_1,HOUSEHOLD_3_005,202536,11.86
CA_1,HOUSEHOLD_3_005,202537,11.29
CA_1,HOUSEHOLD_3_005,202538,11.29
CA_1,HOUSEHOLD_3_005,202539,11.29
CA_1,HOUSEHOLD_3_005,202540,11.86
CA_1,HOUSEHOLD_3_005,202541,11.29
CA_1,HOUSEHOLD_3_005,202542,10.73
CA_1,HOUSEHOLD_3_005,202543,11.29
CA_1,HOUSEHOLD_3_005,202544,11.29
CA_1,HOUSEHOLD_3_005,202545,11.29
CA_1,HOUSEHOLD_3_005,202546,11.29
CA_1,HOUSEHOLD_3_005,202547,11.29
CA_1,HOUSEHOLD_3_005,202548,11.29
CA_1,HOUSEHOLD_3_005,202549,10.73
CA_1,HOUSEHOLD_3_005,202550,11.29
CA_1,HOUSEHOLD_3_005,202551,11.86
CA_1,HOUSEHOLD_3_005,202552,11.29
CA_1,HOUSEHOLD_3_005,202501,11.29
CA_1,HOUSEHOLD_3_005,202601,10.16
CA_1,HOUSEHOLD_3_005,202602,11.29
CA_1,HOUSEHOLD_3_005,202603,11.29
CA_1,HOUSEHOLD_3_005,202604,10.16
CA_1,HOUSEHOLD_3_005,202605,11.29
CA_1,HOUSEHOLD_3_005,202606,11.29
CA_1,HOUSEHOLD_3_005,202607,11.29
CA_1,HOUSEHOLD_3_005,202608,11.29
CA_1,HOUSEHOLD_3_005,202609,11.29
CA_1,HOUSEHOLD_3_005,202610,11.29
CA_1,HOUSEHOLD_3_005,202611,11.29
CA_1,HOUSEHOLD_3_005,202612,11.29
CA_1,HOUSEHOLD_3_005,202613,11.29
CA_1,HOUSEHOLD_3_005,202614,11.29
CA_1,HOUSEHOLD_3_005,202615,11.29
CA_1,HOUSEHOLD_3_005,202616,11.29
CA_1,HOUSEHOLD_3_005,202617,11.86
CA_1,HOUSEHOLD_3_005,202618,10.16
CA_1,HOUSEHOLD_3_005,202619,10.73
CA_1,HOUSEHOLD_3_005,202620,11.29
CA_1,HOUSEHOLD_3_006,202520,14.82
CA_1,HOUSEHOLD_3_006,202521,14.82
CA_1,HOUSEHOLD_3_006,202522,14.82
CA_1,HOUSEHOLD_3_006,202523,14.82
CA_1,HOUSEHOLD_3_006,202524,14.82
CA_1,HOUSEHOLD_3_006,202525,13.34
CA_1,HOUSEHOLD_3_006,202526,14.82
CA_1,HOUSEHOLD_3_006,202527,13.34
CA_1,HOUSEHOLD_3_006,202528,14.08
CA_1,HOUSEHOLD_3_006,202529,13.34
CA_1,HOUSEHOLD_3_006,202530,14.82
CA_1,HOUSEHOLD_3_006,202531,13.34
CA_1,HOUSEHOLD_3_006,202532,14.82
CA_1,HOUSEHOLD_3_006,202533,14.82
CA_1,HOUSEHOLD_3_006,202534,14.82
CA_1,HOUSEHOLD_3_006,202535,14.82
CA_1,HOUSEHOLD_3_006,202536,14.82
CA_1,HOUSEHOLD_3_006,202537,13.34
CA_1,HOUSEHOLD_3_006,202538,14.82
CA_1,HOUSEHOLD_3_006,202539,14.82
CA_1,HOUSEHOLD_3_006,202540,14.82
CA_1,HOUSEHOLD_3_006,202541,13.34
CA_1,HOUSEHOLD_3_006,202542,14.82
CA_1,HOUSEHOLD_3_006,202543,13.34
CA_1,HOUSEHOLD_3_006,202544,14.82
CA_1,HOUSEHOLD_3_006,202545,14.82
CA_1,HOUSEHOLD_3_006,202546,14.82
CA_1,HOUSEHOLD_3_006,202547,14.82
CA_1,HOUSEHOLD_3_006,202548,13.34
CA_1,HOUSEHOLD_3_006,202549,13.34
CA_1,HOUSEHOLD_3_006,202550,14.82
CA_1,HOUSEHOLD_3_006,202551,14.82
CA_1,HOUSEHOLD_3_006,202552,14.82
CA_1,HOUSEHOLD_3_006,202501,14.82
CA_1,HOUSEHOLD_3_006,202601,14.82
CA_1,HOUSEHOLD_3_006,202602,14.82
CA_1,HOUSEHOLD_3_006,202603,14.82
CA_1,HOUSEHOLD_3_006,202604,15.56
CA_1,HOUSEHOLD_3_006,202605,14.82
CA_1,HOUSEHOLD_3_006,202606,14.82
CA_1,HOUSEHOLD_3_006,202607,14.82
CA_1,HOUSEHOLD_3_006,202608,14.82
CA_1,HOUSEHOLD_3_006,202609,14.82
CA_1,HOUSEHOLD_3_006,202610,14.82
CA_1,HOUSEHOLD_3_006,202611,14.08
CA_1,HOUSEHOLD_3_006,202612,15.56
CA_1,HOUSEHOLD_3_006,202613,14.82
CA_1,HOUSEHOLD_3_006,202614,14.82
CA_1,HOUSEHOLD_3_006,202615,14.82
CA_1,HOUSEHOLD_3_006,202616,14.08
CA_1,HOUSEHOLD_3_006,202617,14.82
CA_1,HOUSEHOLD_3_006,202618,14.82
CA_1,HOUSEHOLD_3_006,202619,14.82
CA_1,HOUSEHOLD_3_006,202620,14.82
CA_1,HOUSEHOLD_3_007,202520,3.7
CA_1,HOUSEHOLD_3_007,202521,3.51
CA_1,HOUSEHOLD_3_007,202522,3.7
CA_1,HOUSEHOLD_3_007,202523,3.33
CA_1,HOUSEHOLD_3_007,202524,3.51
CA_1,HOUSEHOLD_3_007,202525,3.7
CA_1,HOUSEHOLD_3_007,202526,3.88
CA_1,HOUSEHOLD_3_007,202527,3.7
CA_1,HOUSEHOLD_3_007,202528,3.7
CA_1,HOUSEHOLD_3_007,202529,3.7
CA_1,HOUSEHOLD_3_007,202530,3.51
CA_1,HOUSEHOLD_3_007,202531,3.7
CA_1,HOUSEHOLD_3_007,202532,3.7
CA_1,HOUSEHOLD_3_007,202533,3.7
CA_1,HOUSEHOLD_3_007,202534,3.33
CA_1,HOUSEHOLD_3_007,202535,3.7
CA_1,HOUSEHOLD_3_007,202536,3.7
CA_1,HOUSEHOLD_3_007,202537,3.7
CA_1,HOUSEHOLD_3_007,202538,3.7
CA_1,HOUSEHOLD_3_007,202539,3.7
CA_1,HOUSEHOLD_3_007,202540,3.51
CA_1,HOUSEHOLD_3_007,202541,3.7
CA_1,HOUSEHOLD_3_007,202542,3.7
CA_1,HOUSEHOLD_3_007,202543,3.7
CA_1,HOUSEHOLD_3_007,202544,3.51
CA_1,HOUSEHOLD_3_007,202545,3.33
CA_1,HOUSEHOLD_3_007,202546,3.7
CA_1,HOUSEHOLD_3_007,202547,3.7
CA_1,HOUSEHOLD_3_007,202548,3.51
CA_1,HOUSEHOLD_3_007,202549,3.51
CA_1,HOUSEHOLD_3_007,202550,3.7
CA_1,HOUSEHOLD_3_007,202551,3.7
CA_1,HOUSEHOLD_3_007,202552,3.7
CA_1,HOUSEHOLD_3_007,202501,3.88
CA_1,HOUSEHOLD_3_007,202601,3.7
CA_1,HOUSEHOLD_3_007,202602,3.33
CA_1,HOUSEHOLD_3_007,202603,3.7
CA_1,HOUSEHOLD_3_007,202604,3.7
CA_1,HOUSEHOLD_3_007,202605,3.7
CA_1,HOUSEHOLD_3_007,202606,3.7
CA_1,HOUSEHOLD_3_007,202607,3.7
CA_1,HOUSEHOLD_3_007,202608,3.51
CA_1,HOUSEHOLD_3_007,202609,3.88
CA_1,HOUSEHOLD_3_007,202610,3.7
CA_1,HOUSEHOLD_3_007,202611,3.7
CA_1,HOUSEHOLD_3_007,202612,3.7
CA_1,HOUSEHOLD_3_007,202613,3.7
CA_1,HOUSEHOLD_3_007,202614,3.7
CA_1,HOUSEHOLD_3_007,202615,3.33
CA_1,HOUSEHOLD_3_007,202616,3.88
CA_1,HOUSEHOLD_3_007,202617,3.7
CA_1,HOUSEHOLD_3_007,202618,3.88
CA_1,HOUSEHOLD_3_007,202619,3.7
CA_1,HOUSEHOLD_3_007,202620,3.51
CA_1,HOUSEHOLD_3_008,202520,5.88
CA_1,HOUSEHOLD_3_008,202521,5.88
CA_1,HOUSEHOLD_3_008,202522,5.58
CA_1,HOUSEHOLD_3_008,202523,5.88
CA_1,HOUSEHOLD_3_008,202524,5.88
CA_1,HOUSEHOLD_3_008,202525,5.88
CA_1,HOUSEHOLD_3_008,202526,5.29
CA_1,HOUSEHOLD_3_008,202527,5.88
CA_1,HOUSEHOLD_3_008,202528,5.88
CA_1,HOUSEHOLD_3_008,202529,5.88
CA_1,HOUSEHOLD_3_008,202530,5.88
CA_1,HOUSEHOLD_3_008,202531,5.88
CA_1,HOUSEHOLD_3_008,202532,5.88
CA_1,HOUSEHOLD_3_008,202533,5.88
CA_1,HOUSEHOLD_3_008,202534,5.29
CA_1,HOUSEHOLD_3_008,202535,5.88
CA_1,HOUSEHOLD_3_008,202536,5.88
CA_1,HOUSEHOLD_3_008,202537,5.88
CA_1,HOUSEHOLD_3_008,202538,5.88
CA_1,HOUSEHOLD_3_008,202539,5.29
CA_1,HOUSEHOLD_3_008,202540,5.88
CA_1,HOUSEHOLD_3_008,202541,5.58
CA_1,HOUSEHOLD_3_008,202542,5.88
CA_1,HOUSEHOLD_3_008,202543,5.58
CA_1,HOUSEHOLD_3_008,202544,5.88
CA_1,HOUSEHOLD_3_008,202545,5.58
CA_1,HOUSEHOLD_3_008,202546,5.88
CA_1,HOUSEHOLD_3_008,202547,5.88
CA_1,HOUSEHOLD_3_008,202548,5.88
CA_1,HOUSEHOLD_3_008,202549,5.88
CA_1,HOUSEHOLD_3_008,202550,5.88
CA_1,HOUSEHOLD_3_008,202551,5.88
CA_1,HOUSEHOLD_3_008,202552,5.88
CA_1,HOUSEHOLD_3_008,202501,5.88
CA_1,HOUSEHOLD_3_008,202601,6.17
CA_1,HOUSEHOLD_3_008,202602,5.88
CA_1,HOUSEHOLD_3_008,202603,5.88
CA_1,HOUSEHOLD_3_008,202604,5.88
CA_1,HOUSEHOLD_3_008,202605,5.88
CA_1,HOUSEHOLD_3_008,202606,5.88
CA_1,HOUSEHOLD_3_008,202607,5.58
CA_1,HOUSEHOLD_3_008,202608,6.17
CA_1,HOUSEHOLD_3_008,202609,5.88
CA_1,HOUSEHOLD_3_008,202610,5.88
CA_1,HOUSEHOLD_3_008,202611,6.17
CA_1,HOUSEHOLD_3_008,202612,5.58
CA_1,HOUSEHOLD_3_008,202613,5.88
CA_1,HOUSEHOLD_3_008,202614,5.29
CA_1,HOUSEHOLD_3_008,202615,5.88
CA_1,HOUSEHOLD_3_008,202616,5.88
CA_1,HOUSEHOLD_3_008,202617,5.88
CA_1,HOUSEHOLD_3_008,202618,5.88
CA_1,HOUSEHOLD_3_008,202619,5.88
CA_1,HOUSEHOLD_3_008,202620,5.88
CA_1,HOUSEHOLD_3_009,202520,25.88
CA_1,HOUSEHOLD_3_009,202521,25.88
CA_1,HOUSEHOLD_3_009,202522,25.88
CA_1,HOUSEHOLD_3_009,202523,25.88
CA_1,HOUSEHOLD_3_009,202524,24.58
CA_1,HOUSEHOLD_3_009,202525,25.88
CA_1,HOUSEHOLD_3_009,202526,25.88
CA_1,HOUSEHOLD_3_009,202527,25.88
CA_1,HOUSEHOLD_3_009,202528,25.88
CA_1,HOUSEHOLD_3_009,202529,25.88
CA_1,HOUSEHOLD_3_009,202530,24.58
CA_1,HOUSEHOLD_3_009,202531,25.88
CA_1,HOUSEHOLD_3_009,202532,27.17
CA_1,HOUSEHOLD_3_009,202533,27.17
CA_1,HOUSEHOLD_3_009,202534,27.17
CA_1,HOUSEHOLD_3_009,202535,25.88
CA_1,HOUSEHOLD_3_009,202536,24.58
CA_1,HOUSEHOLD_3_009,202537,25.88
CA_1,HOUSEHOLD_3_009,202538,25.88
CA_1,HOUSEHOLD_3_009,202539,24.58
CA_1,HOUSEHOLD_3_009,202540,25.88
CA_1,HOUSEHOLD_3_009,202541,25.88
CA_1,HOUSEHOLD_3_009,202542,23.29
CA_1,HOUSEHOLD_3_009,202543,25.88
CA_1,HOUSEHOLD_3_009,202544,25.88
CA_1,HOUSEHOLD_3_009,202545,25.88
CA_1,HOUSEHOLD_3_009,202546,27.17
CA_1,HOUSEHOLD_3_009,202547,25.88
CA_1,HOUSEHOLD_3_009,202548,24.58
CA_1,HOUSEHOLD_3_009,202549,25.88
CA_1,HOUSEHOLD_3_009,202550,27.17
CA_1,HOUSEHOLD_3_009,202551,25.88
CA_1,HOUSEHOLD_3_009,202552,25.88
CA_1,HOUSEHOLD_3_009,202501,25.88
CA_1,HOUSEHOLD_3_009,202601,27.17
CA_1,HOUSEHOLD_3_009,202602,24.58
CA_1,HOUSEHOLD_3_009,202603,25.88
CA_1,HOUSEHOLD_3_009,202604,24.58
CA_1,HOUSEHOLD_3_009,202605,23.29
CA_1,HOUSEHOLD_3_009,202606,27.17
CA_1,HOUSEHOLD_3_009,202607,25.88
CA_1,HOUSEHOLD_3_009,202608,25.88
CA_1,HOUSEHOLD_3_009,202609,25.88
CA_1,HOUSEHOLD_3_009,202610,23.29
CA_1,HOUSEHOLD_3_009,202611,25.88
CA_1,HOUSEHOLD_3_009,202612,23.29
CA_1,HOUSEHOLD_3_009,202613,25.88
CA_1,HOUSEHOLD_3_009,202614,25.88
CA_1,HOUSEHOLD_3_009,202615,25.88
CA_1,HOUSEHOLD_3_009,202616,24.58
CA_1,HOUSEHOLD_3_009,202617,25.88
CA_1,HOUSEHOLD_3_009,202618,27.17
CA_1,HOUSEHOLD_3_009,202619,25.88
CA_1,HOUSEHOLD_3_009,202620,25.88
CA_1,HOUSEHOLD_3_010,202520,12.51
CA_1,HOUSEHOLD_3_010,202521,13.13
CA_1,HOUSEHOLD_3_010,202522,12.51
CA_1,HOUSEHOLD_3_010,202523,12.51
CA_1,HOUSEHOLD_3_010,202524,13.13
CA_1,HOUSEHOLD_3_010,202525,11.26
CA_1,HOUSEHOLD_3_010,202526,13.13
CA_1,HOUSEHOLD_3_010,202527,12.51
CA_1,HOUSEHOLD_3_010,202528,12.51
CA_1,HOUSEHOLD_3_010,202529,12.51
CA_1,HOUSEHOLD_3_010,202530,12.51
CA_1,HOUSEHOLD_3_010,202531,12.51
CA_1,HOUSEHOLD_3_010,202532,13.13
CA_1,HOUSEHOLD_3_010,202533,13.13
CA_1,HOUSEHOLD_3_010,202534,13.13
CA_1,HOUSEHOLD_3_010,202535,12.51
CA_1,HOUSEHOLD_3_010,202536,12.51
CA_1,HOUSEHOLD_3_010,202537,12.51
CA_1,HOUSEHOLD_3_010,202538,12.51
CA_1,HOUSEHOLD_3_010,202539,12.51
CA_1,HOUSEHOLD_3_010,202540,11.26
CA_1,HOUSEHOLD_3_010,202541,12.51
CA_1,HOUSEHOLD_3_010,202542,11.88
CA_1,HOUSEHOLD_3_010,202543,13.13
CA_1,HOUSEHOLD_3_010,202544,11.88
CA_1,HOUSEHOLD_3_010,202545,12.51
CA_1,HOUSEHOLD_3_010,202546,13.13
CA_1,HOUSEHOLD_3_010,202547,13.13
CA_1,HOUSEHOLD_3_010,202548,12.51
CA_1,HOUSEHOLD_3_010,202549,12.51
CA_1,HOUSEHOLD_3_010,202550,12.51
CA_1,HOUSEHOLD_3_010,202551,13.13
CA_1,HOUSEHOLD_3_010,202552,12.51
CA_1,HOUSEHOLD_3_010,202501,12.51
CA_1,HOUSEHOLD_3_010,202601,11.26
CA_1,HOUSEHOLD_3_010,202602,11.88
CA_1,HOUSEHOLD_3_010,202603,12.51
CA_1,HOUSEHOLD_3_010,202604,12.51
CA_1,HOUSEHOLD_3_010,202605,11.26
CA_1,HOUSEHOLD_3_010,202606,12.51
CA_1,HOUSEHOLD_3_010,202607,13.13
CA_1,HOUSEHOLD_3_010,202608,12.51
CA_1,HOUSEHOLD_3_010,202609,12.51
CA_1,HOUSEHOLD_3_010,202610,12.51
CA_1,HOUSEHOLD_3_010,202611,11.26
CA_1,HOUSEHOLD_3_010,202612,11.88
CA_1,HOUSEHOLD_3_010,202613,11.26
CA_1,HOUSEHOLD_3_010,202614,12.51
CA_1,HOUSEHOLD_3_010,202615,12.51
CA_1,HOUSEHOLD_3_010,202616,12.51
CA_1,HOUSEHOLD_3_010,202617,13.13
CA_1,HOUSEHOLD_3_010,202618,13.13
CA_1,HOUSEHOLD_3_010,202619,12.51
CA_1,HOUSEHOLD_3_010,202620,12.51
CA_2,FOODS_1_001,202520,18.13
CA_2,FOODS_1_001,202521,18.13
CA_2,FOODS_1_001,202522,18.13
CA_2,FOODS_1_001,202523,18.13
CA_2,FOODS_1_001,202524,18.13
CA_2,FOODS_1_001,202525,18.13
CA_2,FOODS_1_001,202526,18.13
CA_2,FOODS_1_001,202527,18.13
CA_2,FOODS_1_001,202528,19.04
CA_2,FOODS_1_001,202529,18.13
CA_2,FOODS_1_001,202530,18.13
CA_2,FOODS_1_001,202531,18.13
CA_2,FOODS_1_001,202532,18.13
CA_2,FOODS_1_001,202533,18.13
CA_2,FOODS_1_001,202534,18.13
CA_2,FOODS_1_001,202535,18.13
CA_2,FOODS_1_001,202536,18.13
CA_2,FOODS_1_001,202537,19.04
CA_2,FOODS_1_001,202538,18.13
CA_2,FOODS_1_001,202539,18.13
CA_2,FOODS_1_001,202540,18.13
CA_2,FOODS_1_001,202541,18.13
CA_2,FOODS_1_001,202542,18.13
CA_2,FOODS_1_001,202543,18.13
CA_2,FOODS_1_001,202544,18.13
CA_2,FOODS_1_001,202545,18.13
CA_2,FOODS_1_001,202546,18.13
CA_2,FOODS_1_001,202547,19.04
CA_2,FOODS_1_001,202548,16.32
CA_2,FOODS_1_001,202549,18.13
CA_2,FOODS_1_001,202550,19.04
CA_2,FOODS_1_001,202551,18.13
CA_2,FOODS_1_001,202552,17.23
CA_2,FOODS_1_001,202501,19.04
CA_2,FOODS_1_001,202601,17.23
CA_2,FOODS_1_001,202602,18.13
CA_2,FOODS_1_001,202603,18.13
CA_2,FOODS_1_001,202604,18.13
CA_2,FOODS_1_001,202605,18.13
CA_2,FOODS_1_001,202606,18.13
CA_2,FOODS_1_001,202607,18.13
CA_2,FOODS_1_001,202608,18.13
CA_2,FOODS_1_001,202609,17.23
CA_2,FOODS_1_001,202610,18.13
CA_2,FOODS_1_001,202611,17.23
CA_2,FOODS_1_001,202612,16.32
CA_2,FOODS_1_001,202613,18.13
CA_2,FOODS_1_001,202614,18.13
CA_2,FOODS_1_001,202615,18.13
CA_2,FOODS_1_001,202616,16.32
CA_2,FOODS_1_001,202617,17.23
CA_2,FOODS_1_001,202618,18.13
CA_2,FOODS_1_001,202619,18.13
CA_2,FOODS_1_001,202620,16.32
CA_2,FOODS_1_002,202520,24.39
CA_2,FOODS_1_002,202521,24.39
CA_2,FOODS_1_002,202522,21.95
CA_2,FOODS_1_002,202523,24.39
CA_2,FOODS_1_002,202524,24.39
CA_2,FOODS_1_002,202525,21.95
CA_2,FOODS_1_002,202526,24.39
CA_2,FOODS_1_002,202527,24.39
CA_2,FOODS_1_002,202528,25.61
CA_2,FOODS_1_002,202529,21.95
CA_2,FOODS_1_002,202530,24.39
CA_2,FOODS_1_002,202531,24.39
CA_2,FOODS_1_002,202532,23.17
CA_2,FOODS_1_002,202533,24.39
CA_2,FOODS_1_002,202534,24.39
CA_2,FOODS_1_002,202535,24.39
CA_2,FOODS_1_002,202536,24.39
CA_2,FOODS_1_002,202537,24.39
CA_2,FOODS_1_002,202538,24.39
CA_2,FOODS_1_002,202539,24.39
CA_2,FOODS_1_002,202540,24.39
CA_2,FOODS_1_002,202541,24.39
CA_2,FOODS_1_002,202542,23.17
CA_2,FOODS_1_002,202543,24.39
CA_2,FOODS_1_002,202544,23.17
CA_2,FOODS_1_002,202545,24.39
CA_2,FOODS_1_002,202546,24.39
CA_2,FOODS_1_002,202547,21.95
CA_2,FOODS_1_002,202548,24.39
CA_2,FOODS_1_002,202549,24.39
CA_2,FOODS_1_002,202550,24.39
CA_2,FOODS_1_002,202551,24.39
CA_2,FOODS_1_002,202552,24.39
CA_2,FOODS_1_002,202501,24.39
CA_2,FOODS_1_002,202601,24.39
CA_2,FOODS_1_002,202602,24.39
CA_2,FOODS_1_002,202603,24.39
CA_2,FOODS_1_002,202604,24.39
CA_2,FOODS_1_002,202605,21.95
CA_2,FOODS_1_002,202606,24.39
CA_2,FOODS_1_002,202607,25.61
CA_2,FOODS_1_002,202608,24.39
CA_2,FOODS_1_002,202609,23.17
CA_2,FOODS_1_002,202610,24.39
CA_2,FOODS_1_002,202611,24.39
CA_2,FOODS_1_002,202612,24.39
CA_2,FOODS_1_002,202613,21.95
CA_2,FOODS_1_002,202614,24.39
CA_2,FOODS_1_002,202615,24.39
CA_2,FOODS_1_002,202616,21.95
CA_2,FOODS_1_002,202617,24.39
CA_2,FOODS_1_002,202618,24.39
CA_2,FOODS_1_002,202619,23.17
CA_2,FOODS_1_002,202620,21.95
CA_2,FOODS_1_003,202520,29.72
CA_2,FOODS_1_003,202521,29.72
CA_2,FOODS_1_003,202522,29.72
CA_2,FOODS_1_003,202523,29.72
CA_2,FOODS_1_003,202524,29.72
CA_2,FOODS_1_003,202525,29.72
CA_2,FOODS_1_003,202526,29.72
CA_2,FOODS_1_003,202527,31.2
CA_2,FOODS_1_003,202528,29.72
CA_2,FOODS_1_003,202529,29.72
CA_2,FOODS_1_003,202530,29.72
CA_2,FOODS_1_003,202531,29.72
CA_2,FOODS_1_003,202532,29.72
CA_2,FOODS_1_003,202533,29.72
CA_2,FOODS_1_003,202534,26.75
CA_2,FOODS_1_003,202535,29.72
CA_2,FOODS_1_003,202536,29.72
CA_2,FOODS_1_003,202537,29.72
CA_2,FOODS_1_003,202538,29.72
CA_2,FOODS_1_003,202539,29.72
CA_2,FOODS_1_003,202540,28.23
CA_2,FOODS_1_003,202541,29.72
CA_2,FOODS_1_003,202542,29.72
CA_2,FOODS_1_003,202543,29.72
CA_2,FOODS_1_003,202544,29.72
CA_2,FOODS_1_003,202545,29.72
CA_2,FOODS_1_003,202546,29.72
CA_2,FOODS_1_003,202547,28.23
CA_2,FOODS_1_003,202548,29.72
CA_2,FOODS_1_003,202549,29.72
CA_2,FOODS_1_003,202550,26.75
CA_2,FOODS_1_003,202551,29.72
CA_2,FOODS_1_003,202552,29.72
CA_2,FOODS_1_003,202501,31.2
CA_2,FOODS_1_003,202601,29.72
CA_2,FOODS_1_003,202602,29.72
CA_2,FOODS_1_003,202603,29.72
CA_2,FOODS_1_003,202604,29.72
CA_2,FOODS_1_003,202605,31.2
CA_2,FOODS_1_003,202606,29.72
CA_2,FOODS_1_003,202607,26.75
CA_2,FOODS_1_003,202608,26.75
CA_2,FOODS_1_003,202609,29.72
CA_2,FOODS_1_003,202610,31.2
CA_2,FOODS_1_003,202611,29.72
CA_2,FOODS_1_003,202612,29.72
CA_2,FOODS_1_003,202613,29.72
CA_2,FOODS_1_003,202614,26.75
CA_2,FOODS_1_003,202615,29.72
CA_2,FOODS_1_003,202616,28.23
CA_2,FOODS_1_003,202617,29.72
CA_2,FOODS_1_003,202618,29.72
CA_2,FOODS_1_003,202619,29.72
CA_2,FOODS_1_003,202620,29.72
CA_2,FOODS_1_004,202520,29.39
CA_2,FOODS_1_004,202521,26.59
CA_2,FOODS_1_004,202522,27.99
CA_2,FOODS_1_004,202523,29.39
CA_2,FOODS_1_004,202524,27.99
CA_2,FOODS_1_004,202525,27.99
CA_2,FOODS_1_004,202526,27.99
CA_2,FOODS_1_004,202527,27.99
CA_2,FOODS_1_004,202528,27.99
CA_2,FOODS_1_004,202529,27.99
CA_2,FOODS_1_004,202530,25.19
CA_2,FOODS_1_004,202531,27.99
CA_2,FOODS_1_004,202532,27.99
CA_2,FOODS_1_004,202533,27.99
CA_2,FOODS_1_004,202534,26.59
CA_2,FOODS_1_004,202535,27.99
CA_2,FOODS_1_004,202536,29.39
CA_2,FOODS_1_004,202537,27.99
CA_2,FOODS_1_004,202538,27.99
CA_2,FOODS_1_004,202539,26.59
CA_2,FOODS_1_004,202540,27.99
CA_2,FOODS_1_004,202541,26.59
CA_2,FOODS_1_004,202542,29.39
CA_2,FOODS_1_004,202543,27.99
CA_2,FOODS_1_004,202544,27.99
CA_2,FOODS_1_004,202545,27.99
CA_2,FOODS_1_004,202546,25.19
CA_2,FOODS_1_004,202547,27.99
CA_2,FOODS_1_004,202548,25.19
CA_2,FOODS_1_004,202549,27.99
CA_2,FOODS_1_004,202550,27.99
CA_2,FOODS_1_004,202551,27.99
CA_2,FOODS_1_004,202552,27.99
CA_2,FOODS_1_004,202501,27.99
CA_2,FOODS_1_004,202601,27.99
CA_2,FOODS_1_004,202602,29.39
CA_2,FOODS_1_004,202603,27.99
CA_2,FOODS_1_004,202604,27.99
CA_2,FOODS_1_004,202605,27.99
CA_2,FOODS_1_004,202606,26.59
CA_2,FOODS_1_004,202607,25.19
CA_2,FOODS_1_004,202608,27.99
CA_2,FOODS_1_004,202609,27.99
CA_2,FOODS_1_004,202610,27.99
CA_2,FOODS_1_004,202611,27.99
CA_2,FOODS_1_004,202612,27.99
CA_2,FOODS_1_004,202613,29.39
CA_2,FOODS_1_004,202614,27.99
CA_2,FOODS_1_004,202615,26.59
CA_2,FOODS_1_004,202616,25.19
CA_2,FOODS_1_004,202617,27.99
CA_2,FOODS_1_004,202618,27.99
CA_2,FOODS_1_004,202619,27.99
CA_2,FOODS_1_004,202620,29.39
CA_2,FOODS_1_005,202520,11.46
CA_2,FOODS_1_005,202521,11.46
CA_2,FOODS_1_005,202522,10.32
CA_2,FOODS_1_005,202523,11.46
CA_2,FOODS_1_005,202524,12.04
CA_2,FOODS_1_005,202525,12.04
CA_2,FOODS_1_005,202526,11.46
CA_2,FOODS_1_005,202527,11.46
CA_2,FOODS_1_005,202528,10.89
CA_2,FOODS_1_005,202529,11.46
CA_2,FOODS_1_005,202530,11.46
CA_2,FOODS_1_005,202531,10.89
CA_2,FOODS_1_005,202532,10.32
CA_2,FOODS_1_005,202533,12.04
CA_2,FOODS_1_005,202534,12.04
CA_2,FOODS_1_005,202535,11.46
CA_2,FOODS_1_005,202536,11.46
CA_2,FOODS_1_005,202537,11.46
CA_2,FOODS_1_005,202538,12.04
CA_2,FOODS_1_005,202539,11.46
CA_2,FOODS_1_005,202540,11.46
CA_2,FOODS_1_005,202541,11.46
CA_2,FOODS_1_005,202542,10.89
CA_2,FOODS_1_005,202543,11.46
CA_2,FOODS_1_005,202544,11.46
CA_2,FOODS_1_005,202545,11.46
CA_2,FOODS_1_005,202546,11.46
CA_2,FOODS_1_005,202547,10.89
CA_2,FOODS_1_005,202548,11.46
CA_2,FOODS_1_005,202549,11.46
CA_2,FOODS_1_005,202550,11.46
CA_2,FOODS_1_005,202551,11.46
CA_2,FOODS_1_005,202552,11.46
CA_2,FOODS_1_005,202501,10.32
CA_2,FOODS_1_005,202601,11.46
CA_2,FOODS_1_005,202602,11.46
CA_2,FOODS_1_005,202603,11.46
CA_2,FOODS_1_005,202604,12.04
CA_2,FOODS_1_005,202605,11.46
CA_2,FOODS_1_005,202606,11.46
CA_2,FOODS_1_005,202607,11.46
CA_2,FOODS_1_005,202608,11.46
CA_2,FOODS_1_005,202609,11.46
CA_2,FOODS_1_005,202610,11.46
CA_2,FOODS_1_005,202611,11.46
CA_2,FOODS_1_005,202612,11.46
CA_2,FOODS_1_005,202613,11.46
CA_2,FOODS_1_005,202614,12.04
CA_2,FOODS_1_005,202615,11.46
CA_2,FOODS_1_005,202616,11.46
CA_2,FOODS_1_005,202617,10.89
CA_2,FOODS_1_005,202618,11.46
CA_2,FOODS_1_005,202619,11.46
CA_2,FOODS_1_005,202620,10.32
CA_2,FOODS_1_006,202520,10.62
CA_2,FOODS_1_006,202521,10.62
CA_2,FOODS_1_006,202522,10.62
CA_2,FOODS_1_006,202523,10.62
CA_2,FOODS_1_006,202524,10.09
CA_2,FOODS_1_006,202525,10.62
CA_2,FOODS_1_006,202526,10.62
CA_2,FOODS_1_006,202527,10.62
CA_2,FOODS_1_006,202528,10.62
CA_2,FOODS_1_006,202529,10.09
CA_2,FOODS_1_006,202530,10.62
CA_2,FOODS_1_006,202531,10.62
CA_2,FOODS_1_006,202532,9.56
CA_2,FOODS_1_006,202533,11.15
CA_2,FOODS_1_006,202534,10.62
CA_2,FOODS_1_006,202535,9.56
CA_2,FOODS_1_006,202536,10.62
CA_2,FOODS_1_006,202537,9.56
CA_2,FOODS_1_006,202538,11.15
CA_2,FOODS_1_006,202539,10.62
CA_2,FOODS_1_006,202540,10.62
CA_2,FOODS_1_006,202541,10.62
CA_2,FOODS_1_006,202542,10.09
CA_2,FOODS_1_006,202543,10.62
CA_2,FOODS_1_006,202544,10.62
CA_2,FOODS_1_006,202545,10.62
CA_2,FOODS_1_006,202546,10.62
CA_2,FOODS_1_006,202547,10.62
CA_2,FOODS_1_006,202548,10.09
CA_2,FOODS_1_006,202549,10.62
CA_2,FOODS_1_006,202550,10.62
CA_2,FOODS_1_006,202551,10.62
CA_2,FOODS_1_006,202552,10.62
CA_2,FOODS_1_006,202501,11.15
CA_2,FOODS_1_006,202601,10.62
CA_2,FOODS_1_006,202602,9.56
CA_2,FOODS_1_006,202603,10.62
CA_2,FOODS_1_006,202604,9.56
CA_2,FOODS_1_006,202605,10.62
CA_2,FOODS_1_006,202606,10.62
CA_2,FOODS_1_006,202607,10.62
CA_2,FOODS_1_006,202608,10.62
CA_2,FOODS_1_006,202609,10.62
CA_2,FOODS_1_006,202610,11.15
CA_2,FOODS_1_006,202611,10.62
CA_2,FOODS_1_006,202612,10.62
CA_2,FOODS_1_006,202613,10.62
CA_2,FOODS_1_006,202614,10.62
CA_2,FOODS_1_006,202615,11.15
CA_2,FOODS_1_006,202616,10.09
CA_2,FOODS_1_006,202617,10.09
CA_2,FOODS_1_006,202618,10.62
CA_2,FOODS_1_006,202619,10.62
CA_2,FOODS_1_006,202620,10.62
CA_2,FOODS_1_007,202520,5.61
CA_2,FOODS_1_007,202521,5.34
CA_2,FOODS_1_007,202522,5.07
CA_2,FOODS_1_007,202523,5.34
CA_2,FOODS_1_007,202524,5.34
CA_2,FOODS_1_007,202525,5.34
CA_2,FOODS_1_007,202526,5.34
CA_2,FOODS_1_007,202527,5.34
CA_2,FOODS_1_007,202528,5.34
CA_2,FOODS_1_007,202529,5.61
CA_2,FOODS_1_007,202530,5.07
CA_2,FOODS_1_007,202531,5.34
CA_2,FOODS_1_007,202532,5.34
CA_2,FOODS_1_007,202533,5.34
CA_2,FOODS_1_007,202534,5.34
CA_2,FOODS_1_007,202535,5.34
CA_2,FOODS_1_007,202536,4.81
CA_2,FOODS_1_007,202537,5.34
CA_2,FOODS_1_007,202538,5.61
CA_2,FOODS_1_007,202539,4.81
CA_2,FOODS_1_007,202540,5.07
CA_2,FOODS_1_007,202541,5.34
CA_2,FOODS_1_007,202542,5.34
CA_2,FOODS_1_007,202543,5.34
CA_2,FOODS_1_007,202544,5.34
CA_2,FOODS_1_007,202545,4.81
CA_2,FOODS_1_007,202546,5.34
CA_2,FOODS_1_007,202547,5.34
CA_2,FOODS_1_007,202548,5.34
CA_2,FOODS_1_007,202549,5.34
CA_2,FOODS_1_007,202550,5.34
CA_2,FOODS_1_007,202551,5.07
CA_2,FOODS_1_007,202552,5.34
CA_2,FOODS_1_007,202501,5.34
CA_2,FOODS_1_007,202601,5.34
CA_2,FOODS_1_007,202602,5.34
CA_2,FOODS_1_007,202603,5.34
CA_2,FOODS_1_007,202604,5.34
CA_2,FOODS_1_007,202605,5.34
CA_2,FOODS_1_007,202606,5.07
CA_2,FOODS_1_007,202607,5.34
CA_2,FOODS_1_007,202608,5.07
CA_2,FOODS_1_007,202609,4.81
CA_2,FOODS_1_007,202610,5.61
CA_2,FOODS_1_007,202611,5.61
CA_2,FOODS_1_007,202612,4.81
CA_2,FOODS_1_007,202613,5.61
CA_2,FOODS_1_007,202614,5.34
CA_2,FOODS_1_007,202615,5.34
CA_2,FOODS_1_007,202616,5.34
CA_2,FOODS_1_007,202617,5.07
CA_2,FOODS_1_007,202618,5.34
CA_2,FOODS_1_007,202619,5.07
CA_2,FOODS_1_007,202620,5.34
CA_2,FOODS_1_008,202520,23.16
CA_2,FOODS_1_008,202521,24.38
CA_2,FOODS_1_008,202522,25.59
CA_2,FOODS_1_008,202523,21.94
CA_2,FOODS_1_008,202524,24.38
CA_2,FOODS_1_008,202525,25.59
CA_2,FOODS_1_008,202526,24.38
CA_2,FOODS_1_008,202527,24.38
CA_2,FOODS_1_008,202528,24.38
CA_2,FOODS_1_008,202529,21.94
CA_2,FOODS_1_008,202530,21.94
CA_2,FOODS_1_008,202531,23.16
CA_2,FOODS_1_008,202532,24.38
CA_2,FOODS_1_008,202533,25.59
CA_2,FOODS_1_008,202534,24.38
CA_2,FOODS_1_008,202535,24.38
CA_2,FOODS_1_008,202536,24.38
CA_2,FOODS_1_008,202537,24.38
CA_2,FOODS_1_008,202538,24.38
CA_2,FOODS_1_008,202539,24.38
CA_2,FOODS_1_008,202540,24.38
CA_2,FOODS_1_008,202541,24.38
CA_2,FOODS_1_008,202542,24.38
CA_2,FOODS_1_008,202543,23.16
CA_2,FOODS_1_008,202544,24.38
CA_2,FOODS_1_008,202545,24.38
CA_2,FOODS_1_008,202546,25.59
CA_2,FOODS_1_008,202547,23.16
CA_2,FOODS_1_008,202548,24.38
CA_2,FOODS_1_008,202549,24.38
CA_2,FOODS_1_008,202550,21.94
CA_2,FOODS_1_008,202551,21.94
CA_2,FOODS_1_008,202552,21.94
CA_2,FOODS_1_008,202501,24.38
CA_2,FOODS_1_008,202601,24.38
CA_2,FOODS_1_008,202602,24.38
CA_2,FOODS_1_008,202603,24.38
CA_2,FOODS_1_008,202604,24.38
CA_2,FOODS_1_008,202605,21.94
CA_2,FOODS_1_008,202606,24.38
CA_2,FOODS_1_008,202607,24.38
CA_2,FOODS_1_008,202608,24.38
CA_2,FOODS_1_008,202609,24.38
CA_2,FOODS_1_008,202610,24.38
CA_2,FOODS_1_008,202611,25.59
CA_2,FOODS_1_008,202612,24.38
CA_2,FOODS_1_008,202613,24.38
CA_2,FOODS_1_008,202614,24.38
CA_2,FOODS_1_008,202615,24.38
CA_2,FOODS_1_008,202616,21.94
CA_2,FOODS_1_008,202617,24.38
CA_2,FOODS_1_008,202618,24.38
CA_2,FOODS_1_008,202619,24.38
CA_2,FOODS_1_008,202620,21.94
CA_2,FOODS_1_009,202520,22.9
CA_2,FOODS_1_009,202521,21.75
CA_2,FOODS_1_009,202522,22.9
CA_2,FOODS_1_009,202523,22.9
CA_2,FOODS_1_009,202524,22.9
CA_2,FOODS_1_009,202525,21.75
CA_2,FOODS_1_009,202526,20.61
CA_2,FOODS_1_009,202527,22.9
CA_2,FOODS_1_009,202528,22.9
CA_2,FOODS_1_009,202529,20.61
CA_2,FOODS_1_009,202530,22.9
CA_2,FOODS_1_009,202531,22.9
CA_2,FOODS_1_009,202532,22.9
CA_2,FOODS_1_009,202533,24.04
CA_2,FOODS_1_009,202534,22.9
CA_2,FOODS_1_009,202535,22.9
CA_2,FOODS_1_009,202536,21.75
CA_2,FOODS_1_009,202537,22.9
CA_2,FOODS_1_009,202538,22.9
CA_2,FOODS_1_009,202539,22.9
CA_2,FOODS_1_009,202540,24.04
CA_2,FOODS_1_009,202541,22.9
CA_2,FOODS_1_009,202542,21.75
CA_2,FOODS_1_009,202543,22.9
CA_2,FOODS_1_009,202544,22.9
CA_2,FOODS_1_009,202545,22.9
CA_2,FOODS_1_009,202546,22.9
CA_2,FOODS_1_009,202547,22.9
CA_2,FOODS_1_009,202548,22.9
CA_2,FOODS_1_009,202549,22.9
CA_2,FOODS_1_009,202550,22.9
CA_2,FOODS_1_009,202551,24.04
CA_2,FOODS_1_009,202552,21.75
CA_2,FOODS_1_009,202501,24.04
CA_2,FOODS_1_009,202601,21.75
CA_2,FOODS_1_009,202602,22.9
CA_2,FOODS_1_009,202603,21.75
CA_2,FOODS_1_009,202604,20.61
CA_2,FOODS_1_009,202605,20.61
CA_2,FOODS_1_009,202606,22.9
CA_2,FOODS_1_009,202607,22.9
CA_2,FOODS_1_009,202608,22.9
CA_2,FOODS_1_009,202609,22.9
CA_2,FOODS_1_009,202610,22.9
CA_2,FOODS_1_009,202611,22.9
CA_2,FOODS_1_009,202612,22.9
CA_2,FOODS_1_009,202613,20.61
CA_2,FOODS_1_009,202614,22.9
CA_2,FOODS_1_009,202615,22.9
CA_2,FOODS_1_009,202616,20.61
CA_2,FOODS_1_009,202617,22.9
CA_2,FOODS_1_009,202618,22.9
CA_2,FOODS_1_009,202619,20.61
CA_2,FOODS_1_009,202620,22.9
CA_2,FOODS_1_010,202520,18.06
CA_2,FOODS_1_010,202521,18.06
CA_2,FOODS_1_010,202522,18.06
CA_2,FOODS_1_010,202523,16.26
CA_2,FOODS_1_010,202524,18.06
CA_2,FOODS_1_010,202525,18.97
CA_2,FOODS_1_010,202526,18.06
CA_2,FOODS_1_010,202527,18.97
CA_2,FOODS_1_010,202528,18.06
CA_2,FOODS_1_010,202529,18.06
CA_2,FOODS_1_010,202530,18.06
CA_2,FOODS_1_010,202531,17.16
CA_2,FOODS_1_010,202532,18.06
CA_2,FOODS_1_010,202533,18.97
CA_2,FOODS_1_010,202534,18.06
CA_2,FOODS_1_010,202535,18.06
CA_2,FOODS_1_010,202536,18.06
CA_2,FOODS_1_010,202537,17.16
CA_2,FOODS_1_010,202538,18.06
CA_2,FOODS_1_010,202539,18.06
CA_2,FOODS_1_010,202540,17.16
CA_2,FOODS_1_010,202541,18.06
CA_2,FOODS_1_010,202542,18.06
CA_2,FOODS_1_010,202543,18.97
CA_2,FOODS_1_010,202544,16.26
CA_2,FOODS_1_010,202545,18.06
CA_2,FOODS_1_010,202546,18.06
CA_2,FOODS_1_010,202547,16.26
CA_2,FOODS_1_010,202548,18.06
CA_2,FOODS_1_010,202549,18.06
CA_2,FOODS_1_010,202550,18.06
CA_2,FOODS_1_010,202551,18.06
CA_2,FOODS_1_010,202552,18.06
CA_2,FOODS_1_010,202501,17.16
CA_2,FOODS_1_010,202601,17.16
CA_2,FOODS_1_010,202602,18.06
CA_2,FOODS_1_010,202603,18.06
CA_2,FOODS_1_010,202604,18.06
CA_2,FOODS_1_010,202605,18.06
CA_2,FOODS_1_010,202606,16.26
CA_2,FOODS_1_010,202607,18.06
CA_2,FOODS_1_010,202608,18.06
CA_2,FOODS_1_010,202609,18.06
CA_2,FOODS_1_010,202610,18.97
CA_2,FOODS_1_010,202611,18.06
CA_2,FOODS_1_010,202612,18.06
CA_2,FOODS_1_010,202613,17.16
CA_2,FOODS_1_010,202614,17.16
CA_2,FOODS_1_010,202615,18.06
CA_2,FOODS_1_010,202616,17.16
CA_2,FOODS_1_010,202617,18.97
CA_2,FOODS_1_010,202618,18.06
CA_2,FOODS_1_010,202619,18.06
CA_2,FOODS_1_010,202620,18.06
CA_2,HOBBIES_2_001,202520,19.09
CA_2,HOBBIES_2_001,202521,19.09
CA_2,HOBBIES_2_001,202522,19.09
CA_2,HOBBIES_2_001,202523,19.09
CA_2,HOBBIES_2_001,202524,19.09
CA_2,HOBBIES_2_001,202525,18.14
CA_2,HOBBIES_2_001,202526,19.09
CA_2,HOBBIES_2_001,202527,18.14
CA_2,HOBBIES_2_001,202528,18.14
CA_2,HOBBIES_2_001,202529,19.09
CA_2,HOBBIES_2_001,202530,20.05
CA_2,HOBBIES_2_001,202531,19.09
CA_2,HOBBIES_2_001,202532,19.09
CA_2,HOBBIES_2_001,202533,19.09
CA_2,HOBBIES_2_001,202534,18.14
CA_2,HOBBIES_2_001,202535,19.09
CA_2,HOBBIES_2_001,202536,17.18
CA_2,HOBBIES_2_001,202537,19.09
CA_2,HOBBIES_2_001,202538,19.09
CA_2,HOBBIES_2_001,202539,19.09
CA_2,HOBBIES_2_001,202540,19.09
CA_2,HOBBIES_2_001,202541,19.09
CA_2,HOBBIES_2_001,202542,19.09
CA_2,HOBBIES_2_001,202543,19.09
CA_2,HOBBIES_2_001,202544,19.09
CA_2,HOBBIES_2_001,202545,19.09
CA_2,HOBBIES_2_001,202546,20.05
CA_2,HOBBIES_2_001,202547,19.09
CA_2,HOBBIES_2_001,202548,19.09
CA_2,HOBBIES_2_001,202549,18.14
CA_2,HOBBIES_2_001,202550,18.14
CA_2,HOBBIES_2_001,202551,19.09
CA_2,HOBBIES_2_001,202552,20.05
CA_2,HOBBIES_2_001,202501,20.05
CA_2,HOBBIES_2_001,202601,19.09
CA_2,HOBBIES_2_001,202602,19.09
CA_2,HOBBIES_2_001,202603,19.09
CA_2,HOBBIES_2_001,202604,19.09
CA_2,HOBBIES_2_001,202605,19.09
CA_2,HOBBIES_2_001,202606,19.09
CA_2,HOBBIES_2_001,202607,18.14
CA_2,HOBBIES_2_001,202608,18.14
CA_2,HOBBIES_2_001,202609,18.14
CA_2,HOBBIES_2_001,202610,19.09
CA_2,HOBBIES_2_001,202611,19.09
CA_2,HOBBIES_2_001,202612,17.18
CA_2,HOBBIES_2_001,202613,19.09
CA_2,HOBBIES_2_001,202614,19.09
CA_2,HOBBIES_2_001,202615,19.09
CA_2,HOBBIES_2_001,202616,17.18
CA_2,HOBBIES_2_001,202617,18.14
CA_2,HOBBIES_2_001,202618,19.09
CA_2,HOBBIES_2_001,202619,19.09
CA_2,HOBBIES_2_001,202620,19.09
CA_2,HOBBIES_2_002,202520,23.64
CA_2,HOBBIES_2_002,202521,22.52
CA_2,HOBBIES_2_002,202522,22.52
CA_2,HOBBIES_2_002,202523,22.52
CA_2,HOBBIES_2_002,202524,22.52
CA_2,HOBBIES_2_002,202525,22.52
CA_2,HOBBIES_2_002,202526,21.39
CA_2,HOBBIES_2_002,202527,22.52
CA_2,HOBBIES_2_002,202528,22.52
CA_2,HOBBIES_2_002,202529,22.52
CA_2,HOBBIES_2_002,202530,22.52
CA_2,HOBBIES_2_002,202531,23.64
CA_2,HOBBIES_2_002,202532,22.52
CA_2,HOBBIES_2_002,202533,22.52
CA_2,HOBBIES_2_002,202534,22.52
CA_2,HOBBIES_2_002,202535,20.27
CA_2,HOBBIES_2_002,202536,22.52
CA_2,HOBBIES_2_002,202537,20.27
CA_2,HOBBIES_2_002,202538,22.52
CA_2,HOBBIES_2_002,202539,22.52
CA_2,HOBBIES_2_002,202540,21.39
CA_2,HOBBIES_2_002,202541,22.52
CA_2,HOBBIES_2_002,202542,22.52
CA_2,HOBBIES_2_002,202543,22.52
CA_2,HOBBIES_2_002,202544,22.52
CA_2,HOBBIES_2_002,202545,20.27
CA_2,HOBBIES_2_002,202546,22.52
CA_2,HOBBIES_2_002,202547,21.39
CA_2,HOBBIES_2_002,202548,22.52
CA_2,HOBBIES_2_002,202549,22.52
CA_2,HOBBIES_2_002,202550,22.52
CA_2,HOBBIES_2_002,202551,23.64
CA_2,HOBBIES_2_002,202552,22.52
CA_2,HOBBIES_2_002,202501,22.52
CA_2,HOBBIES_2_002,202601,22.52
CA_2,HOBBIES_2_002,202602,22.52
CA_2,HOBBIES_2_002,202603,22.52
CA_2,HOBBIES_2_002,202604,21.39
CA_2,HOBBIES_2_002,202605,22.52
CA_2,HOBBIES_2_002,202606,22.52
CA_2,HOBBIES_2_002,202607,20.27
CA_2,HOBBIES_2_002,202608,22.52
CA_2,HOBBIES_2_002,202609,22.52
CA_2,HOBBIES_2_002,202610,22.52
CA_2,HOBBIES_2_002,202611,22.52
CA_2,HOBBIES_2_002,202612,22.52
CA_2,HOBBIES_2_002,202613,23.64
CA_2,HOBBIES_2_002,202614,22.52
CA_2,HOBBIES_2_002,202615,22.52
CA_2,HOBBIES_2_002,202616,21.39
CA_2,HOBBIES_2_002,202617,22.52
CA_2,HOBBIES_2_002,202618,22.52
CA_2,HOBBIES_2_002,202619,22.52
CA_2,HOBBIES_2_002,202620,22.52
CA_2,HOBBIES_2_003,202520,19.66
CA_2,HOBBIES_2_003,202521,20.69
CA_2,HOBBIES_2_003,202522,20.69
CA_2,HOBBIES_2_003,202523,20.69
CA_2,HOBBIES_2_003,202524,21.73
CA_2,HOBBIES_2_003,202525,20.69
CA_2,HOBBIES_2_003,202526,20.69
CA_2,HOBBIES_2_003,202527,20.69
CA_2,HOBBIES_2_003,202528,19.66
CA_2,HOBBIES_2_003,202529,20.69
CA_2,HOBBIES_2_003,202530,20.69
CA_2,HOBBIES_2_003,202531,21.73
CA_2,HOBBIES_2_003,202532,18.62
CA_2,HOBBIES_2_003,202533,20.69
CA_2,HOBBIES_2_003,202534,20.69
CA_2,HOBBIES_2_003,202535,20.69
CA_2,HOBBIES_2_003,202536,20.69
CA_2,HOBBIES_2_003,202537,20.69
CA_2,HOBBIES_2_003,202538,20.69
CA_2,HOBBIES_2_003,202539,20.69
CA_2,HOBBIES_2_003,202540,20.69
CA_2,HOBBIES_2_003,202541,20.69
CA_2,HOBBIES_2_003,202542,20.69
CA_2,HOBBIES_2_003,202543,20.69
CA_2,HOBBIES_2_003,202544,20.69
CA_2,HOBBIES_2_003,202545,20.69
CA_2,HOBBIES_2_003,202546,18.62
CA_2,HOBBIES_2_003,202547,19.66
CA_2,HOBBIES_2_003,202548,21.73
CA_2,HOBBIES_2_003,202549,20.69
CA_2,HOBBIES_2_003,202550,20.69
CA_2,HOBBIES_2_003,202551,21.73
CA_2,HOBBIES_2_003,202552,20.69
CA_2,HOBBIES_2_003,202501,19.66
CA_2,HOBBIES_2_003,202601,20.69
CA_2,HOBBIES_2_003,202602,20.69
CA_2,HOBBIES_2_003,202603,20.69
CA_2,HOBBIES_2_003,202604,21.73
CA_2,HOBBIES_2_003,202605,20.69
CA_2,HOBBIES_2_003,202606,20.69
CA_2,HOBBIES_2_003,202607,20.69
CA_2,HOBBIES_2_003,202608,19.66
CA_2,HOBBIES_2_003,202609,18.62
CA_2,HOBBIES_2_003,202610,20.69
CA_2,HOBBIES_2_003,202611,19.66
CA_2,HOBBIES_2_003,202612,20.69
CA_2,HOBBIES_2_003,202613,20.69
CA_2,HOBBIES_2_003,202614,20.69
CA_2,HOBBIES_2_003,202615,20.69
CA_2,HOBBIES_2_003,202616,20.69
CA_2,HOBBIES_2_003,202617,19.66
CA_2,HOBBIES_2_003,202618,21.73
CA_2,HOBBIES_2_003,202619,20.69
CA_2,HOBBIES_2_003,202620,21.73
CA_2,HOBBIES_2_004,202520,27.36
CA_2,HOBBIES_2_004,202521,27.36
CA_2,HOBBIES_2_004,202522,24.63
CA_2,HOBBIES_2_004,202523,27.36
CA_2,HOBBIES_2_004,202524,24.63
CA_2,HOBBIES_2_004,202525,27.36
CA_2,HOBBIES_2_004,202526,27.36
CA_2,HOBBIES_2_004,202527,27.36
CA_2,HOBBIES_2_004,202528,27.36
CA_2,HOBBIES_2_004,202529,27.36
CA_2,HOBBIES_2_004,202530,24.63
CA_2,HOBBIES_2_004,202531,27.36
CA_2,HOBBIES_2_004,202532,27.36
CA_2,HOBBIES_2_004,202533,27.36
CA_2,HOBBIES_2_004,202534,27.36
CA_2,HOBBIES_2_004,202535,27.36
CA_2,HOBBIES_2_004,202536,24.63
CA_2,HOBBIES_2_004,202537,27.36
CA_2,HOBBIES_2_004,202538,27.36
CA_2,HOBBIES_2_004,202539,27.36
CA_2,HOBBIES_2_004,202540,27.36
CA_2,HOBBIES_2_004,202541,28.73
CA_2,HOBBIES_2_004,202542,26.0
CA_2,HOBBIES_2_004,202543,27.36
CA_2,HOBBIES_2_004,202544,27.36
CA_2,HOBBIES_2_004,202545,27.36
CA_2,HOBBIES_2_004,202546,27.36
CA_2,HOBBIES_2_004,202547,27.36
CA_2,HOBBIES_2_004,202548,27.36
CA_2,HOBBIES_2_004,202549,27.36
CA_2,HOBBIES_2_004,202550,26.0
CA_2,HOBBIES_2_004,202551,27.36
CA_2,HOBBIES_2_004,202552,27.36
CA_2,HOBBIES_2_004,202501,27.36
CA_2,HOBBIES_2_004,202601,27.36
CA_2,HOBBIES_2_004,202602,28.73
CA_2,HOBBIES_2_004,202603,27.36
CA_2,HOBBIES_2_004,202604,27.36
CA_2,HOBBIES_2_004,202605,28.73
CA_2,HOBBIES_2_004,202606,27.36
CA_2,HOBBIES_2_004,202607,27.36
CA_2,HOBBIES_2_004,202608,27.36
CA_2,HOBBIES_2_004,202609,27.36
CA_2,HOBBIES_2_004,202610,27.36
CA_2,HOBBIES_2_004,202611,27.36
CA_2,HOBBIES_2_004,202612,28.73
CA_2,HOBBIES_2_004,202613,27.36
CA_2,HOBBIES_2_004,202614,26.0
CA_2,HOBBIES_2_004,202615,28.73
CA_2,HOBBIES_2_004,202616,28.73
CA_2,HOBBIES_2_004,202617,27.36
CA_2,HOBBIES_2_004,202618,27.36
CA_2,HOBBIES_2_004,202619,28.73
CA_2,HOBBIES_2_004,202620,27.36
CA_2,HOBBIES_2_005,202520,26.26
CA_2,HOBBIES_2_005,202521,27.64
CA_2,HOBBIES_2_005,202522,27.64
CA_2,HOBBIES_2_005,202523,27.64
CA_2,HOBBIES_2_005,202524,27.64
CA_2,HOBBIES_2_005,202525,27.64
CA_2,HOBBIES_2_005,202526,27.64
CA_2,HOBBIES_2_005,202527,26.26
CA_2,HOBBIES_2_005,202528,27.64
CA_2,HOBBIES_2_005,202529,24.88
CA_2,HOBBIES_2_005,202530,29.03
CA_2,HOBBIES_2_005,202531,27.64
CA_2,HOBBIES_2_005,202532,27.64
CA_2,HOBBIES_2_005,202533,27.64
CA_2,HOBBIES_2_005,202534,29.03
CA_2,HOBBIES_2_005,202535,24.88
CA_2,HOBBIES_2_005,202536,27.64
CA_2,HOBBIES_2_005,202537,27.64
CA_2,HOBBIES_2_005,202538,27.64
CA_2,HOBBIES_2_005,202539,27.64
CA_2,HOBBIES_2_005,202540,29.03
CA_2,HOBBIES_2_005,202541,26.26
CA_2,HOBBIES_2_005,202542,24.88
CA_2,HOBBIES_2_005,202543,24.88
CA_2,HOBBIES_2_005,202544,27.64
CA_2,HOBBIES_2_005,202545,27.64
CA_2,HOBBIES_2_005,202546,27.64
CA_2,HOBBIES_2_005,202547,27.64
CA_2,HOBBIES_2_005,202548,27.64
CA_2,HOBBIES_2_005,202549,27.64
CA_2,HOBBIES_2_005,202550,27.64
CA_2,HOBBIES_2_005,202551,27.64
CA_2,HOBBIES_2_005,202552,27.64
CA_2,HOBBIES_2_005,202501,27.64
CA_2,HOBBIES_2_005,202601,27.64
CA_2,HOBBIES_2_005,202602,24.88
CA_2,HOBBIES_2_005,202603,27.64
CA_2,HOBBIES_2_005,202604,26.26
CA_2,HOBBIES_2_005,202605,27.64
CA_2,HOBBIES_2_005,202606,26.26
CA_2,HOBBIES_2_005,202607,29.03
CA_2,HOBBIES_2_005,202608,27.64
CA_2,HOBBIES_2_005,202609,24.88
CA_2,HOBBIES_2_005,202610,27.64
CA_2,HOBBIES_2_005,202611,27.64
CA_2,HOBBIES_2_005,202612,27.64
CA_2,HOBBIES_2_005,202613,26.26
CA_2,HOBBIES_2_005,202614,27.64
CA_2,HOBBIES_2_005,202615,27.64
CA_2,HOBBIES_2_005,202616,27.64
CA_2,HOBBIES_2_005,202617,27.64
CA_2,HOBBIES_2_005,202618,27.64
CA_2,HOBBIES_2_005,202619,27.64
CA_2,HOBBIES_2_005,202620,27.64
CA_2,HOBBIES_2_006,202520,5.11
CA_2,HOBBIES_2_006,202521,5.11
CA_2,HOBBIES_2_006,202522,5.11
CA_2,HOBBIES_2_006,202523,5.11
CA_2,HOBBIES_2_006,202524,5.11
CA_2,HOBBIES_2_006,202525,5.11
CA_2,HOBBIES_2_006,202526,5.11
CA_2,HOBBIES_2_006,202527,5.11
CA_2,HOBBIES_2_006,202528,5.11
CA_2,HOBBIES_2_006,202529,5.11
CA_2,HOBBIES_2_006,202530,5.11
CA_2,HOBBIES_2_006,202531,5.11
CA_2,HOBBIES_2_006,202532,5.11
CA_2,HOBBIES_2_006,202533,5.11
CA_2,HOBBIES_2_006,202534,5.11
CA_2,HOBBIES_2_006,202535,4.85
CA_2,HOBBIES_2_006,202536,4.85
CA_2,HOBBIES_2_006,202537,5.11
CA_2,HOBBIES_2_006,202538,5.11
CA_2,HOBBIES_2_006,202539,5.11
CA_2,HOBBIES_2_006,202540,5.11
CA_2,HOBBIES_2_006,202541,5.36
CA_2,HOBBIES_2_006,202542,4.85
CA_2,HOBBIES_2_006,202543,5.11
CA_2,HOBBIES_2_006,202544,5.11
CA_2,HOBBIES_2_006,202545,4.85
CA_2,HOBBIES_2_006,202546,5.11
CA_2,HOBBIES_2_006,202547,5.11
CA_2,HOBBIES_2_006,202548,5.11
CA_2,HOBBIES_2_006,202549,4.85
CA_2,HOBBIES_2_006,202550,5.11
CA_2,HOBBIES_2_006,202551,4.6
CA_2,HOBBIES_2_006,202552,5.11
CA_2,HOBBIES_2_006,202501,5.11
CA_2,HOBBIES_2_006,202601,5.11
CA_2,HOBBIES_2_006,202602,5.11
CA_2,HOBBIES_2_006,202603,5.11
CA_2,HOBBIES_2_006,202604,5.11
CA_2,HOBBIES_2_006,202605,4.85
CA_2,HOBBIES_2_006,202606,5.11
CA_2,HOBBIES_2_006,202607,5.11
CA_2,HOBBIES_2_006,202608,5.11
CA_2,HOBBIES_2_006,202609,5.11
CA_2,HOBBIES_2_006,202610,5.11
CA_2,HOBBIES_2_006,202611,4.6
CA_2,HOBBIES_2_006,202612,5.11
CA_2,HOBBIES_2_006,202613,5.11
CA_2,HOBBIES_2_006,202614,5.11
CA_2,HOBBIES_2_006,202615,5.11
CA_2,HOBBIES_2_006,202616,5.11
CA_2,HOBBIES_2_006,202617,4.6
CA_2,HOBBIES_2_006,202618,5.36
CA_2,HOBBIES_2_006,202619,5.11
CA_2,HOBBIES_2_006,202620,5.11
CA_2,HOBBIES_2_007,202520,22.85
CA_2,HOBBIES_2_007,202521,22.85
CA_2,HOBBIES_2_007,202522,22.85
CA_2,HOBBIES_2_007,202523,20.56
CA_2,HOBBIES_2_007,202524,23.99
CA_2,HOBBIES_2_007,202525,20.56
CA_2,HOBBIES_2_007,202526,22.85
CA_2,HOBBIES_2_007,202527,22.85
CA_2,HOBBIES_2_007,202528,23.99
CA_2,HOBBIES_2_007,202529,22.85
CA_2,HOBBIES_2_007,202530,22.85
CA_2,HOBBIES_2_007,202531,22.85
CA_2,HOBBIES_2_007,202532,22.85
CA_2,HOBBIES_2_007,202533,22.85
CA_2,HOBBIES_2_007,202534,22.85
CA_2,HOBBIES_2_007,202535,22.85
CA_2,HOBBIES_2_007,202536,23.99
CA_2,HOBBIES_2_007,202537,22.85
CA_2,HOBBIES_2_007,202538,22.85
CA_2,HOBBIES_2_007,202539,22.85
CA_2,HOBBIES_2_007,202540,22.85
CA_2,HOBBIES_2_007,202541,23.99
CA_2,HOBBIES_2_007,202542,23.99
CA_2,HOBBIES_2_007,202543,22.85
CA_2,HOBBIES_2_007,202544,20.56
CA_2,HOBBIES_2_007,202545,20.56
CA_2,HOBBIES_2_007,202546,23.99
CA_2,HOBBIES_2_007,202547,22.85
CA_2,HOBBIES_2_007,202548,23.99
CA_2,HOBBIES_2_007,202549,22.85
CA_2,HOBBIES_2_007,202550,21.7
CA_2,HOBBIES_2_007,202551,21.7
CA_2,HOBBIES_2_007,202552,20.56
CA_2,HOBBIES_2_007,202501,22.85
CA_2,HOBBIES_2_007,202601,20.56
CA_2,HOBBIES_2_007,202602,22.85
CA_2,HOBBIES_2_007,202603,22.85
CA_2,HOBBIES_2_007,202604,21.7
CA_2,HOBBIES_2_007,202605,22.85
CA_2,HOBBIES_2_007,202606,22.85
CA_2,HOBBIES_2_007,202607,22.85
CA_2,HOBBIES_2_007,202608,21.7
CA_2,HOBBIES_2_007,202609,22.85
CA_2,HOBBIES_2_007,202610,22.85
CA_2,HOBBIES_2_007,202611,22.85
CA_2,HOBBIES_2_007,202612,22.85
CA_2,HOBBIES_2_007,202613,22.85
CA_2,HOBBIES_2_007,202614,20.56
CA_2,HOBBIES_2_007,202615,23.99
CA_2,HOBBIES_2_007,202616,22.85
CA_2,HOBBIES_2_007,202617,22.85
CA_2,HOBBIES_2_007,202618,21.7
CA_2,HOBBIES_2_007,202619,22.85
CA_2,HOBBIES_2_007,202620,20.56
CA_2,HOBBIES_2_008,202520,12.96
CA_2,HOBBIES_2_008,202521,13.64
CA_2,HOBBIES_2_008,202522,14.32
CA_2,HOBBIES_2_008,202523,13.64
CA_2,HOBBIES_2_008,202524,13.64
CA_2,HOBBIES_2_008,202525,13.64
CA_2,HOBBIES_2_008,202526,12.96
CA_2,HOBBIES_2_008,202527,14.32
CA_2,HOBBIES_2_008,202528,12.96
CA_2,HOBBIES_2_008,202529,12.27
CA_2,HOBBIES_2_008,202530,13.64
CA_2,HOBBIES_2_008,202531,13.64
CA_2,HOBBIES_2_008,202532,13.64
CA_2,HOBBIES_2_008,202533,12.27
CA_2,HOBBIES_2_008,202534,13.64
CA_2,HOBBIES_2_008,202535,12.27
CA_2,HOBBIES_2_008,202536,14.32
CA_2,HOBBIES_2_008,202537,13.64
CA_2,HOBBIES_2_008,202538,13.64
CA_2,HOBBIES_2_008,202539,13.64
CA_2,HOBBIES_2_008,202540,13.64
CA_2,HOBBIES_2_008,202541,13.64
CA_2,HOBBIES_2_008,202542,13.64
CA_2,HOBBIES_2_008,202543,13.64
CA_2,HOBBIES_2_008,202544,13.64
CA_2,HOBBIES_2_008,202545,13.64
CA_2,HOBBIES_2_008,202546,13.64
CA_2,HOBBIES_2_008,202547,13.64
CA_2,HOBBIES_2_008,202548,13.64
CA_2,HOBBIES_2_008,202549,12.96
CA_2,HOBBIES_2_008,202550,14.32
CA_2,HOBBIES_2_008,202551,13.64
CA_2,HOBBIES_2_008,202552,13.64
CA_2,HOBBIES_2_008,202501,13.64
CA_2,HOBBIES_2_008,202601,13.64
CA_2,HOBBIES_2_008,202602,13.64
CA_2,HOBBIES_2_008,202603,14.32
CA_2,HOBBIES_2_008,202604,13.64
CA_2,HOBBIES_2_008,202605,13.64
CA_2,HOBBIES_2_008,202606,12.27
CA_2,HOBBIES_2_008,202607,14.32
CA_2,HOBBIES_2_008,202608,13.64
CA_2,HOBBIES_2_008,202609,13.64
CA_2,HOBBIES_2_008,202610,13.64
CA_2,HOBBIES_2_008,202611,13.64
CA_2,HOBBIES_2_008,202612,13.64
CA_2,HOBBIES_2_008,202613,13.64
CA_2,HOBBIES_2_008,202614,13.64
CA_2,HOBBIES_2_008,202615,13.64
CA_2,HOBBIES_2_008,202616,13.64
CA_2,HOBBIES_2_008,202617,13.64
CA_2,HOBBIES_2_008,202618,13.64
CA_2,HOBBIES_2_008,202619,14.32
CA_2,HOBBIES_2_008,202620,13.64
CA_2,HOBBIES_2_009,202520,15.41
CA_2,HOBBIES_2_009,202521,13.87
CA_2,HOBBIES_2_009,202522,15.41
CA_2,HOBBIES_2_009,202523,16.18
CA_2,HOBBIES_2_009,202524,14.64
CA_2,HOBBIES_2_009,202525,15.41
CA_2,HOBBIES_2_009,202526,15.41
CA_2,HOBBIES_2_009,202527,15.41
CA_2,HOBBIES_2_009,202528,15.41
CA_2,HOBBIES_2_009,202529,14.64
CA_2,HOBBIES_2_009,202530,15.41
CA_2,HOBBIES_2_009,202531,15.41
CA_2,HOBBIES_2_009,202532,13.87
CA_2,HOBBIES_2_009,202533,15.41
CA_2,HOBBIES_2_009,202534,15.41
CA_2,HOBBIES_2_009,202535,14.64
CA_2,HOBBIES_2_009,202536,15.41
CA_2,HOBBIES_2_009,202537,15.41
CA_2,HOBBIES_2_009,202538,15.41
CA_2,HOBBIES_2_009,202539,15.41
CA_2,HOBBIES_2_009,202540,14.64
CA_2,HOBBIES_2_009,202541,15.41
CA_2,HOBBIES_2_009,202542,15.41
CA_2,HOBBIES_2_009,202543,14.64
CA_2,HOBBIES_2_009,202544,14.64
CA_2,HOBBIES_2_009,202545,15.41
CA_2,HOBBIES_2_009,202546,13.87
CA_2,HOBBIES_2_009,202547,15.41
CA_2,HOBBIES_2_009,202548,15.41
CA_2,HOBBIES_2_009,202549,15.41
CA_2,HOBBIES_2_009,202550,15.41
CA_2,HOBBIES_2_009,202551,15.41
CA_2,HOBBIES_2_009,202552,15.41
CA_2,HOBBIES_2_009,202501,13.87
CA_2,HOBBIES_2_009,202601,13.87
CA_2,HOBBIES_2_009,202602,15.41
CA_2,HOBBIES_2_009,202603,15.41
CA_2,HOBBIES_2_009,202604,15.41
CA_2,HOBBIES_2_009,202605,15.41
CA_2,HOBBIES_2_009,202606,16.18
CA_2,HOBBIES_2_009,202607,15.41
CA_2,HOBBIES_2_009,202608,15.41
CA_2,HOBBIES_2_009,202609,15.41
CA_2,HOBBIES_2_009,202610,15.41
CA_2,HOBBIES_2_009,202611,14.64
CA_2,HOBBIES_2_009,202612,16.18
CA_2,HOBBIES_2_009,202613,15.41
CA_2,HOBBIES_2_009,202614,14.64
CA_2,HOBBIES_2_009,202615,15.41
CA_2,HOBBIES_2_009,202616,15.41
CA_2,HOBBIES_2_009,202617,15.41
CA_2,HOBBIES_2_009,202618,15.41
CA_2,HOBBIES_2_009,202619,16.18
CA_2,HOBBIES_2_009,202620,15.41
CA_2,HOBBIES_2_010,202520,9.31
CA_2,HOBBIES_2_010,202521,9.31
CA_2,HOBBIES_2_010,202522,9.31
CA_2,HOBBIES_2_010,202523,9.31
CA_2,HOBBIES_2_010,202524,9.77
CA_2,HOBBIES_2_010,202525,9.31
CA_2,HOBBIES_2_010,202526,9.31
CA_2,HOBBIES_2_010,202527,9.31
CA_2,HOBBIES_2_010,202528,9.31
CA_2,HOBBIES_2_010,202529,9.31
CA_2,HOBBIES_2_010,202530,9.31
CA_2,HOBBIES_2_010,202531,9.31
CA_2,HOBBIES_2_010,202532,8.84
CA_2,HOBBIES_2_010,202533,8.38
CA_2,HOBBIES_2_010,202534,9.31
CA_2,HOBBIES_2_010,202535,8.38
CA_2,HOBBIES_2_010,202536,9.31
CA_2,HOBBIES_2_010,202537,9.31
CA_2,HOBBIES_2_010,202538,9.31
CA_2,HOBBIES_2_010,202539,8.84
CA_2,HOBBIES_2_010,202540,8.84
CA_2,HOBBIES_2_010,202541,9.31
CA_2,HOBBIES_2_010,202542,9.31
CA_2,HOBBIES_2_010,202543,9.31
CA_2,HOBBIES_2_010,202544,9.31
CA_2,HOBBIES_2_010,202545,9.31
CA_2,HOBBIES_2_010,202546,9.31
CA_2,HOBBIES_2_010,202547,9.31
CA_2,HOBBIES_2_010,202548,9.31
CA_2,HOBBIES_2_010,202549,9.31
CA_2,HOBBIES_2_010,202550,9.77
CA_2,HOBBIES_2_010,202551,9.31
CA_2,HOBBIES_2_010,202552,9.31
CA_2,HOBBIES_2_010,202501,9.31
CA_2,HOBBIES_2_010,202601,9.31
CA_2,HOBBIES_2_010,202602,9.31
CA_2,HOBBIES_2_010,202603,9.77
CA_2,HOBBIES_2_010,202604,9.31
CA_2,HOBBIES_2_010,202605,8.84
CA_2,HOBBIES_2_010,202606,9.77
CA_2,HOBBIES_2_010,202607,9.31
CA_2,HOBBIES_2_010,202608,9.77
CA_2,HOBBIES_2_010,202609,9.31
CA_2,HOBBIES_2_010,202610,9.31
CA_2,HOBBIES_2_010,202611,8.38
CA_2,HOBBIES_2_010,202612,9.77
CA_2,HOBBIES_2_010,202613,9.31
CA_2,HOBBIES_2_010,202614,9.31
CA_2,HOBBIES_2_010,202615,9.77
CA_2,HOBBIES_2_010,202616,9.31
CA_2,HOBBIES_2_010,202617,9.31
CA_2,HOBBIES_2_010,202618,9.31
CA_2,HOBBIES_2_010,202619,9.31
CA_2,HOBBIES_2_010,202620,9.31
CA_2,HOUSEHOLD_3_001,202520,28.21
CA_2,HOUSEHOLD_3_001,202521,28.21
CA_2,HOUSEHOLD_3_001,202522,26.8
CA_2,HOUSEHOLD_3_001,202523,28.21
CA_2,HOUSEHOLD_3_001,202524,28.21
CA_2,HOUSEHOLD_3_001,202525,28.21
CA_2,HOUSEHOLD_3_001,202526,25.39
CA_2,HOUSEHOLD_3_001,202527,28.21
CA_2,HOUSEHOLD_3_001,202528,28.21
CA_2,HOUSEHOLD_3_001,202529,26.8
CA_2,HOUSEHOLD_3_001,202530,25.39
CA_2,HOUSEHOLD_3_001,202531,28.21
CA_2,HOUSEHOLD_3_001,202532,28.21
CA_2,HOUSEHOLD_3_001,202533,28.21
CA_2,HOUSEHOLD_3_001,202534,25.39
CA_2,HOUSEHOLD_3_001,202535,28.21
CA_2,HOUSEHOLD_3_001,202536,28.21
CA_2,HOUSEHOLD_3_001,202537,25.39
CA_2,HOUSEHOLD_3_001,202538,29.62
CA_2,HOUSEHOLD_3_001,202539,28.21
CA_2,HOUSEHOLD_3_001,202540,26.8
CA_2,HOUSEHOLD_3_001,202541,28.21
CA_2,HOUSEHOLD_3_001,202542,28.21
CA_2,HOUSEHOLD_3_001,202543,28.21
CA_2,HOUSEHOLD_3_001,202544,25.39
CA_2,HOUSEHOLD_3_001,202545,28.21
CA_2,HOUSEHOLD_3_001,202546,28.21
CA_2,HOUSEHOLD_3_001,202547,29.62
CA_2,HOUSEHOLD_3_001,202548,25.39
CA_2,HOUSEHOLD_3_001,202549,28.21
CA_2,HOUSEHOLD_3_001,202550,28.21
CA_2,HOUSEHOLD_3_001,202551,28.21
CA_2,HOUSEHOLD_3_001,202552,28.21
CA_2,HOUSEHOLD_3_001,202501,28.21
CA_2,HOUSEHOLD_3_001,202601,25.39
CA_2,HOUSEHOLD_3_001,202602,28.21
CA_2,HOUSEHOLD_3_001,202603,28.21
CA_2,HOUSEHOLD_3_001,202604,28.21
CA_2,HOUSEHOLD_3_001,202605,28.21
CA_2,HOUSEHOLD_3_001,202606,28.21
CA_2,HOUSEHOLD_3_001,202607,28.21
CA_2,HOUSEHOLD_3_001,202608,26.8
CA_2,HOUSEHOLD_3_001,202609,28.21
CA_2,HOUSEHOLD_3_001,202610,29.62
CA_2,HOUSEHOLD_3_001,202611,28.21
CA_2,HOUSEHOLD_3_001,202612,28.21
CA_2,HOUSEHOLD_3_001,202613,28.21
CA_2,HOUSEHOLD_3_001,202614,28.21
CA_2,HOUSEHOLD_3_001,202615,28.21
CA_2,HOUSEHOLD_3_001,202616,28.21
CA_2,HOUSEHOLD_3_001,202617,28.21
CA_2,HOUSEHOLD_3_001,202618,29.62
CA_2,HOUSEHOLD_3_001,202619,26.8
CA_2,HOUSEHOLD_3_001,202620,28.21
CA_2,HOUSEHOLD_3_002,202520,21.48
CA_2,HOUSEHOLD_3_002,202521,21.48
CA_2,HOUSEHOLD_3_002,202522,20.46
CA_2,HOUSEHOLD_3_002,202523,18.41
CA_2,HOUSEHOLD_3_002,202524,20.46
CA_2,HOUSEHOLD_3_002,202525,20.46
CA_2,HOUSEHOLD_3_002,202526,20.46
CA_2,HOUSEHOLD_3_002,202527,20.46
CA_2,HOUSEHOLD_3_002,202528,20.46
CA_2,HOUSEHOLD_3_002,202529,20.46
CA_2,HOUSEHOLD_3_002,202530,18.41
CA_2,HOUSEHOLD_3_002,202531,21.48
CA_2,HOUSEHOLD_3_002,202532,18.41
CA_2,HOUSEHOLD_3_002,202533,20.46
CA_2,HOUSEHOLD_3_002,202534,20.46
CA_2,HOUSEHOLD_3_002,202535,20.46
CA_2,HOUSEHOLD_3_002,202536,20.46
CA_2,HOUSEHOLD_3_002,202537,20.46
CA_2,HOUSEHOLD_3_002,202538,18.41
CA_2,HOUSEHOLD_3_002,202539,20.46
CA_2,HOUSEHOLD_3_002,202540,19.43
CA_2,HOUSEHOLD_3_002,202541,20.46
CA_2,HOUSEHOLD_3_002,202542,20.46
CA_2,HOUSEHOLD_3_002,202543,20.46
CA_2,HOUSEHOLD_3_002,202544,20.46
CA_2,HOUSEHOLD_3_002,202545,20.46
CA_2,HOUSEHOLD_3_002,202546,19.43
CA_2,HOUSEHOLD_3_002,202547,20.46
CA_2,HOUSEHOLD_3_002,202548,20.46
CA_2,HOUSEHOLD_3_002,202549,20.46
CA_2,HOUSEHOLD_3_002,202550,20.46
CA_2,HOUSEHOLD_3_002,202551,20.46
CA_2,HOUSEHOLD_3_002,202552,20.46
CA_2,HOUSEHOLD_3_002,202501,18.41
CA_2,HOUSEHOLD_3_002,202601,20.46
CA_2,HOUSEHOLD_3_002,202602,20.46
CA_2,HOUSEHOLD_3_002,202603,20.46
CA_2,HOUSEHOLD_3_002,202604,20.46
CA_2,HOUSEHOLD_3_002,202605,20.46
CA_2,HOUSEHOLD_3_002,202606,20.46
CA_2,HOUSEHOLD_3_002,202607,21.48
CA_2,HOUSEHOLD_3_002,202608,20.46
CA_2,HOUSEHOLD_3_002,202609,20.46
CA_2,HOUSEHOLD_3_002,202610,20.46
CA_2,HOUSEHOLD_3_002,202611,20.46
CA_2,HOUSEHOLD_3_002,202612,20.46
CA_2,HOUSEHOLD_3_002,202613,20.46
CA_2,HOUSEHOLD_3_002,202614,20.46
CA_2,HOUSEHOLD_3_002,202615,18.41
CA_2,HOUSEHOLD_3_002,202616,20.46
CA_2,HOUSEHOLD_3_002,202617,20.46
CA_2,HOUSEHOLD_3_002,202618,21.48
CA_2,HOUSEHOLD_3_002,202619,20.46
CA_2,HOUSEHOLD_3_002,202620,20.46
CA_2,HOUSEHOLD_3_003,202520,23.85
CA_2,HOUSEHOLD_3_003,202521,26.5
CA_2,HOUSEHOLD_3_003,202522,26.5
CA_2,HOUSEHOLD_3_003,202523,26.5
CA_2,HOUSEHOLD_3_003,202524,26.5
CA_2,HOUSEHOLD_3_003,202525,26.5
CA_2,HOUSEHOLD_3_003,202526,26.5
CA_2,HOUSEHOLD_3_003,202527,23.85
CA_2,HOUSEHOLD_3_003,202528,27.82
CA_2,HOUSEHOLD_3_003,202529,26.5
CA_2,HOUSEHOLD_3_003,202530,25.17
CA_2,HOUSEHOLD_3_003,202531,26.5
CA_2,HOUSEHOLD_3_003,202532,26.5
CA_2,HOUSEHOLD_3_003,202533,25.17
CA_2,HOUSEHOLD_3_003,202534,23.85
CA_2,HOUSEHOLD_3_003,202535,26.5
CA_2,HOUSEHOLD_3_003,202536,26.5
CA_2,HOUSEHOLD_3_003,202537,27.82
CA_2,HOUSEHOLD_3_003,202538,27.82
CA_2,HOUSEHOLD_3_003,202539,26.5
CA_2,HOUSEHOLD_3_003,202540,26.5
CA_2,HOUSEHOLD_3_003,202541,26.5
CA_2,HOUSEHOLD_3_003,202542,25.17
CA_2,HOUSEHOLD_3_003,202543,26.5
CA_2,HOUSEHOLD_3_003,202544,26.5
CA_2,HOUSEHOLD_3_003,202545,26.5
CA_2,HOUSEHOLD_3_003,202546,26.5
CA_2,HOUSEHOLD_3_003,202547,26.5
CA_2,HOUSEHOLD_3_003,202548,26.5
CA_2,HOUSEHOLD_3_003,202549,26.5
CA_2,HOUSEHOLD_3_003,202550,26.5
CA_2,HOUSEHOLD_3_003,202551,26.5
CA_2,HOUSEHOLD_3_003,202552,23.85
CA_2,HOUSEHOLD_3_003,202501,26.5
CA_2,HOUSEHOLD_3_003,202601,25.17
CA_2,HOUSEHOLD_3_003,202602,26.5
CA_2,HOUSEHOLD_3_003,202603,26.5
CA_2,HOUSEHOLD_3_003,202604,26.5
CA_2,HOUSEHOLD_3_003,202605,25.17
CA_2,HOUSEHOLD_3_003,202606,26.5
CA_2,HOUSEHOLD_3_003,202607,26.5
CA_2,HOUSEHOLD_3_003,202608,26.5
CA_2,HOUSEHOLD_3_003,202609,26.5
CA_2,HOUSEHOLD_3_003,202610,26.5
CA_2,HOUSEHOLD_3_003,202611,27.82
CA_2,HOUSEHOLD_3_003,202612,23.85
CA_2,HOUSEHOLD_3_003,202613,26.5
CA_2,HOUSEHOLD_3_003,202614,26.5
CA_2,HOUSEHOLD_3_003,202615,26.5
CA_2,HOUSEHOLD_3_003,202616,26.5
CA_2,HOUSEHOLD_3_003,202617,23.85
CA_2,HOUSEHOLD_3_003,202618,26.5
CA_2,HOUSEHOLD_3_003,202619,26.5
CA_2,HOUSEHOLD_3_003,202620,27.82
CA_2,HOUSEHOLD_3_004,202520,25.47
CA_2,HOUSEHOLD_3_004,202521,25.47
CA_2,HOUSEHOLD_3_004,202522,25.47
CA_2,HOUSEHOLD_3_004,202523,25.47
CA_2,HOUSEHOLD_3_004,202524,25.47
CA_2,HOUSEHOLD_3_004,202525,25.47
CA_2,HOUSEHOLD_3_004,202526,25.47
CA_2,HOUSEHOLD_3_004,202527,25.47
CA_2,HOUSEHOLD_3_004,202528,26.74
CA_2,HOUSEHOLD_3_004,202529,22.92
CA_2,HOUSEHOLD_3_004,202530,25.47
CA_2,HOUSEHOLD_3_004,202531,25.47
CA_2,HOUSEHOLD_3_004,202532,25.47
CA_2,HOUSEHOLD_3_004,202533,26.74
CA_2,HOUSEHOLD_3_004,202534,25.47
CA_2,HOUSEHOLD_3_004,202535,24.19
CA_2,HOUSEHOLD_3_004,202536,25.47
CA_2,HOUSEHOLD_3_004,202537,25.47
CA_2,HOUSEHOLD_3_004,202538,25.47
CA_2,HOUSEHOLD_3_004,202539,25.47
CA_2,HOUSEHOLD_3_004,202540,24.19
CA_2,HOUSEHOLD_3_004,202541,25.47
CA_2,HOUSEHOLD_3_004,202542,25.47
CA_2,HOUSEHOLD_3_004,202543,24.19
CA_2,HOUSEHOLD_3_004,202544,22.92
CA_2,HOUSEHOLD_3_004,202545,25.47
CA_2,HOUSEHOLD_3_004,202546,25.47
CA_2,HOUSEHOLD_3_004,202547,26.74
CA_2,HOUSEHOLD_3_004,202548,25.47
CA_2,HOUSEHOLD_3_004,202549,24.19
CA_2,HOUSEHOLD_3_004,202550,26.74
CA_2,HOUSEHOLD_3_004,202551,25.47
CA_2,HOUSEHOLD_3_004,202552,22.92
CA_2,HOUSEHOLD_3_004,202501,25.47
CA_2,HOUSEHOLD_3_004,202601,25.47
CA_2,HOUSEHOLD_3_004,202602,22.92
CA_2,HOUSEHOLD_3_004,202603,25.47
CA_2,HOUSEHOLD_3_004,202604,25.47
CA_2,HOUSEHOLD_3_004,202605,25.47
CA_2,HOUSEHOLD_3_004,202606,22.92
CA_2,HOUSEHOLD_3_004,202607,25.47
CA_2,HOUSEHOLD_3_004,202608,25.47
CA_2,HOUSEHOLD_3_004,202609,25.47
CA_2,HOUSEHOLD_3_004,202610,25.47
CA_2,HOUSEHOLD_3_004,202611,25.47
CA_2,HOUSEHOLD_3_004,202612,25.47
CA_2,HOUSEHOLD_3_004,202613,25.47
CA_2,HOUSEHOLD_3_004,202614,25.47
CA_2,HOUSEHOLD_3_004,202615,24.19
CA_2,HOUSEHOLD_3_004,202616,24.19
CA_2,HOUSEHOLD_3_004,202617,25.47
CA_2,HOUSEHOLD_3_004,202618,25.47
CA_2,HOUSEHOLD_3_004,202619,22.92
CA_2,HOUSEHOLD_3_004,202620,25.47
CA_2,HOUSEHOLD_3_005,202520,22.77
CA_2,HOUSEHOLD_3_005,202521,22.77
CA_2,HOUSEHOLD_3_005,202522,23.91
CA_2,HOUSEHOLD_3_005,202523,21.63
CA_2,HOUSEHOLD_3_005,202524,22.77
CA_2,HOUSEHOLD_3_005,202525,23.91
CA_2,HOUSEHOLD_3_005,202526,22.77
CA_2,HOUSEHOLD_3_005,202527,23.91
CA_2,HOUSEHOLD_3_005,202528,21.63
CA_2,HOUSEHOLD_3_005,202529,22.77
CA_2,HOUSEHOLD_3_005,202530,22.77
CA_2,HOUSEHOLD_3_005,202531,21.63
CA_2,HOUSEHOLD_3_005,202532,22.77
CA_2,HOUSEHOLD_3_005,202533,22.77
CA_2,HOUSEHOLD_3_005,202534,22.77
CA_2,HOUSEHOLD_3_005,202535,22.77
CA_2,HOUSEHOLD_3_005,202536,22.77
CA_2,HOUSEHOLD_3_005,202537,22.77
CA_2,HOUSEHOLD_3_005,202538,22.77
CA_2,HOUSEHOLD_3_005,202539,22.77
CA_2,HOUSEHOLD_3_005,202540,22.77
CA_2,HOUSEHOLD_3_005,202541,22.77
CA_2,HOUSEHOLD_3_005,202542,22.77
CA_2,HOUSEHOLD_3_005,202543,22.77
CA_2,HOUSEHOLD_3_005,202544,22.77
CA_2,HOUSEHOLD_3_005,202545,23.91
CA_2,HOUSEHOLD_3_005,202546,23.91
CA_2,HOUSEHOLD_3_005,202547,22.77
CA_2,HOUSEHOLD_3_005,202548,20.49
CA_2,HOUSEHOLD_3_005,202549,21.63
CA_2,HOUSEHOLD_3_005,202550,22.77
CA_2,HOUSEHOLD_3_005,202551,21.63
CA_2,HOUSEHOLD_3_005,202552,22.77
CA_2,HOUSEHOLD_3_005,202501,22.77
CA_2,HOUSEHOLD_3_005,202601,22.77
CA_2,HOUSEHOLD_3_005,202602,20.49
CA_2,HOUSEHOLD_3_005,202603,23.91
CA_2,HOUSEHOLD_3_005,202604,22.77
CA_2,HOUSEHOLD_3_005,202605,22.77
CA_2,HOUSEHOLD_3_005,202606,22.77
CA_2,HOUSEHOLD_3_005,202607,22.77
CA_2,HOUSEHOLD_3_005,202608,21.63
CA_2,HOUSEHOLD_3_005,202609,22.77
CA_2,HOUSEHOLD_3_005,202610,22.77
CA_2,HOUSEHOLD_3_005,202611,22.77
CA_2,HOUSEHOLD_3_005,202612,22.77
CA_2,HOUSEHOLD_3_005,202613,21.63
CA_2,HOUSEHOLD_3_005,202614,22.77
CA_2,HOUSEHOLD_3_005,202615,22.77
CA_2,HOUSEHOLD_3_005,202616,22.77
CA_2,HOUSEHOLD_3_005,202617,22.77
CA_2,HOUSEHOLD_3_005,202618,22.77
CA_2,HOUSEHOLD_3_005,202619,23.91
CA_2,HOUSEHOLD_3_005,202620,22.77
CA_2,HOUSEHOLD_3_006,202520,21.78
CA_2,HOUSEHOLD_3_006,202521,24.2
CA_2,HOUSEHOLD_3_006,202522,24.2
CA_2,HOUSEHOLD_3_006,202523,25.41
CA_2,HOUSEHOLD_3_006,202524,24.2
CA_2,HOUSEHOLD_3_006,202525,24.2
CA_2,HOUSEHOLD_3_006,202526,21.78
CA_2,HOUSEHOLD_3_006,202527,24.2
CA_2,HOUSEHOLD_3_006,202528,21.78
CA_2,HOUSEHOLD_3_006,202529,24.2
CA_2,HOUSEHOLD_3_006,202530,24.2
CA_2,HOUSEHOLD_3_006,202531,24.2
CA_2,HOUSEHOLD_3_006,202532,24.2
CA_2,HOUSEHOLD_3_006,202533,24.2
CA_2,HOUSEHOLD_3_006,202534,22.99
CA_2,HOUSEHOLD_3_006,202535,24.2
CA_2,HOUSEHOLD_3_006,202536,21.78
CA_2,HOUSEHOLD_3_006,202537,25.41
CA_2,HOUSEHOLD_3_006,202538,24.2
CA_2,HOUSEHOLD_3_006,202539,24.2
CA_2,HOUSEHOLD_3_006,202540,24.2
CA_2,HOUSEHOLD_3_006,202541,24.2
CA_2,HOUSEHOLD_3_006,202542,24.2
CA_2,HOUSEHOLD_3_006,202543,24.2
CA_2,HOUSEHOLD_3_006,202544,24.2
CA_2,HOUSEHOLD_3_006,202545,24.2
CA_2,HOUSEHOLD_3_006,202546,24.2
CA_2,HOUSEHOLD_3_006,202547,22.99
CA_2,HOUSEHOLD_3_006,202548,24.2
CA_2,HOUSEHOLD_3_006,202549,24.2
CA_2,HOUSEHOLD_3_006,202550,24.2
CA_2,HOUSEHOLD_3_006,202551,24.2
CA_2,HOUSEHOLD_3_006,202552,24.2
CA_2,HOUSEHOLD_3_006,202501,22.99
CA_2,HOUSEHOLD_3_006,202601,24.2
CA_2,HOUSEHOLD_3_006,202602,24.2
CA_2,HOUSEHOLD_3_006,202603,24.2
CA_2,HOUSEHOLD_3_006,202604,24.2
CA_2,HOUSEHOLD_3_006,202605,24.2
CA_2,HOUSEHOLD_3_006,202606,21.78
CA_2,HOUSEHOLD_3_006,202607,24.2
CA_2,HOUSEHOLD_3_006,202608,24.2
CA_2,HOUSEHOLD_3_006,202609,25.41
CA_2,HOUSEHOLD_3_006,202610,24.2
CA_2,HOUSEHOLD_3_006,202611,24.2
CA_2,HOUSEHOLD_3_006,202612,24.2
CA_2,HOUSEHOLD_3_006,202613,24.2
CA_2,HOUSEHOLD_3_006,202614,24.2
CA_2,HOUSEHOLD_3_006,202615,24.2
CA_2,HOUSEHOLD_3_006,202616,24.2
CA_2,HOUSEHOLD_3_006,202617,25.41
CA_2,HOUSEHOLD_3_006,202618,24.2
CA_2,HOUSEHOLD_3_006,202619,24.2
CA_2,HOUSEHOLD_3_006,202620,24.2
CA_2,HOUSEHOLD_3_007,202520,21.89
CA_2,HOUSEHOLD_3_007,202521,21.89
CA_2,HOUSEHOLD_3_007,202522,21.89
CA_2,HOUSEHOLD_3_007,202523,22.99
CA_2,HOUSEHOLD_3_007,202524,21.89
CA_2,HOUSEHOLD_3_007,202525,22.99
CA_2,HOUSEHOLD_3_007,202526,21.89
CA_2,HOUSEHOLD_3_007,202527,21.89
CA_2,HOUSEHOLD_3_007,202528,21.89
CA_2,HOUSEHOLD_3_007,202529,21.89
CA_2,HOUSEHOLD_3_007,202530,21.89
CA_2,HOUSEHOLD_3_007,202531,21.89
CA_2,HOUSEHOLD_3_007,202532,21.89
CA_2,HOUSEHOLD_3_007,202533,20.8
CA_2,HOUSEHOLD_3_007,202534,21.89
CA_2,HOUSEHOLD_3_007,202535,21.89
CA_2,HOUSEHOLD_3_007,202536,21.89
CA_2,HOUSEHOLD_3_007,202537,21.89
CA_2,HOUSEHOLD_3_007,202538,19.7
CA_2,HOUSEHOLD_3_007,202539,21.89
CA_2,HOUSEHOLD_3_007,202540,20.8
CA_2,HOUSEHOLD_3_007,202541,21.89
CA_2,HOUSEHOLD_3_007,202542,21.89
CA_2,HOUSEHOLD_3_007,202543,21.89
CA_2,HOUSEHOLD_3_007,202544,21.89
CA_2,HOUSEHOLD_3_007,202545,21.89
CA_2,HOUSEHOLD_3_007,202546,22.99
CA_2,HOUSEHOLD_3_007,202547,21.89
CA_2,HOUSEHOLD_3_007,202548,21.89
CA_2,HOUSEHOLD_3_007,202549,20.8
CA_2,HOUSEHOLD_3_007,202550,21.89
CA_2,HOUSEHOLD_3_007,202551,21.89
CA_2,HOUSEHOLD_3_007,202552,21.89
CA_2,HOUSEHOLD_3_007,202501,21.89
CA_2,HOUSEHOLD_3_007,202601,20.8
CA_2,HOUSEHOLD_3_007,202602,21.89
CA_2,HOUSEHOLD_3_007,202603,21.89
CA_2,HOUSEHOLD_3_007,202604,22.99
CA_2,HOUSEHOLD_3_007,202605,21.89
CA_2,HOUSEHOLD_3_007,202606,21.89
CA_2,HOUSEHOLD_3_007,202607,21.89
CA_2,HOUSEHOLD_3_007,202608,22.99
CA_2,HOUSEHOLD_3_007,202609,20.8
CA_2,HOUSEHOLD_3_007,202610,21.89
CA_2,HOUSEHOLD_3_007,202611,22.99
CA_2,HOUSEHOLD_3_007,202612,21.89
CA_2,HOUSEHOLD_3_007,202613,22.99
CA_2,HOUSEHOLD_3_007,202614,20.8
CA_2,HOUSEHOLD_3_007,202615,22.99
CA_2,HOUSEHOLD_3_007,202616,21.89
CA_2,HOUSEHOLD_3_007,202617,21.89
CA_2,HOUSEHOLD_3_007,202618,19.7
CA_2,HOUSEHOLD_3_007,202619,21.89
CA_2,HOUSEHOLD_3_007,202620,21.89
CA_2,HOUSEHOLD_3_008,202520,19.32
CA_2,HOUSEHOLD_3_008,202521,21.46
CA_2,HOUSEHOLD_3_008,202522,21.46
CA_2,HOUSEHOLD_3_008,202523,21.46
CA_2,HOUSEHOLD_3_008,202524,21.46
CA_2,HOUSEHOLD_3_008,202525,20.39
CA_2,HOUSEHOLD_3_008,202526,21.46
CA_2,HOUSEHOLD_3_008,202527,21.46
CA_2,HOUSEHOLD_3_008,202528,21.46
CA_2,HOUSEHOLD_3_008,202529,21.46
CA_2,HOUSEHOLD_3_008,202530,21.46
CA_2,HOUSEHOLD_3_008,202531,21.46
CA_2,HOUSEHOLD_3_008,202532,21.46
CA_2,HOUSEHOLD_3_008,202533,19.32
CA_2,HOUSEHOLD_3_008,202534,21.46
CA_2,HOUSEHOLD_3_008,202535,21.46
CA_2,HOUSEHOLD_3_008,202536,22.53
CA_2,HOUSEHOLD_3_008,202537,19.32
CA_2,HOUSEHOLD_3_008,202538,21.46
CA_2,HOUSEHOLD_3_008,202539,21.46
CA_2,HOUSEHOLD_3_008,202540,22.53
CA_2,HOUSEHOLD_3_008,202541,19.32
CA_2,HOUSEHOLD_3_008,202542,21.46
CA_2,HOUSEHOLD_3_008,202543,22.53
CA_2,HOUSEHOLD_3_008,202544,21.46
CA_2,HOUSEHOLD_3_008,202545,21.46
CA_2,HOUSEHOLD_3_008,202546,21.46
CA_2,HOUSEHOLD_3_008,202547,22.53
CA_2,HOUSEHOLD_3_008,202548,22.53
CA_2,HOUSEHOLD_3_008,202549,21.46
CA_2,HOUSEHOLD_3_008,202550,19.32
CA_2,HOUSEHOLD_3_008,202551,20.39
CA_2,HOUSEHOLD_3_008,202552,20.39
CA_2,HOUSEHOLD_3_008,202501,21.46
CA_2,HOUSEHOLD_3_008,202601,21.46
CA_2,HOUSEHOLD_3_008,202602,21.46
CA_2,HOUSEHOLD_3_008,202603,21.46
CA_2,HOUSEHOLD_3_008,202604,21.46
CA_2,HOUSEHOLD_3_008,202605,21.46
CA_2,HOUSEHOLD_3_008,202606,20.39
CA_2,HOUSEHOLD_3_008,202607,21.46
CA_2,HOUSEHOLD_3_008,202608,21.46
CA_2,HOUSEHOLD_3_008,202609,21.46
CA_2,HOUSEHOLD_3_008,202610,21.46
CA_2,HOUSEHOLD_3_008,202611,21.46
CA_2,HOUSEHOLD_3_008,202612,21.46
CA_2,HOUSEHOLD_3_008,202613,21.46
CA_2,HOUSEHOLD_3_008,202614,21.46
CA_2,HOUSEHOLD_3_008,202615,20.39
CA_2,HOUSEHOLD_3_008,202616,21.46
CA_2,HOUSEHOLD_3_008,202617,20.39
CA_2,HOUSEHOLD_3_008,202618,19.32
CA_2,HOUSEHOLD_3_008,202619,21.46
CA_2,HOUSEHOLD_3_008,202620,21.46
CA_2,HOUSEHOLD_3_009,202520,29.33
CA_2,HOUSEHOLD_3_009,202521,29.33
CA_2,HOUSEHOLD_3_009,202522,29.33
CA_2,HOUSEHOLD_3_009,202523,27.86
CA_2,HOUSEHOLD_3_009,202524,29.33
CA_2,HOUSEHOLD_3_009,202525,29.33
CA_2,HOUSEHOLD_3_009,202526,29.33
CA_2,HOUSEHOLD_3_009,202527,29.33
CA_2,HOUSEHOLD_3_009,202528,29.33
CA_2,HOUSEHOLD_3_009,202529,30.79
CA_2,HOUSEHOLD_3_009,202530,30.79
CA_2,HOUSEHOLD_3_009,202531,29.33
CA_2,HOUSEHOLD_3_009,202532,29.33
CA_2,HOUSEHOLD_3_009,202533,29.33
CA_2,HOUSEHOLD_3_009,202534,29.33
CA_2,HOUSEHOLD_3_009,202535,29.33
CA_2,HOUSEHOLD_3_009,202536,29.33
CA_2,HOUSEHOLD_3_009,202537,29.33
CA_2,HOUSEHOLD_3_009,202538,29.33
CA_2,HOUSEHOLD_3_009,202539,26.39
CA_2,HOUSEHOLD_3_009,202540,27.86
CA_2,HOUSEHOLD_3_009,202541,29.33
CA_2,HOUSEHOLD_3_009,202542,29.33
CA_2,HOUSEHOLD_3_009,202543,30.79
CA_2,HOUSEHOLD_3_009,202544,29.33
CA_2,HOUSEHOLD_3_009,202545,30.79
CA_2,HOUSEHOLD_3_009,202546,29.33
CA_2,HOUSEHOLD_3_009,202547,29.33
CA_2,HOUSEHOLD_3_009,202548,29.33
CA_2,HOUSEHOLD_3_009,202549,30.79
CA_2,HOUSEHOLD_3_009,202550,29.33
CA_2,HOUSEHOLD_3_009,202551,27.86
CA_2,HOUSEHOLD_3_009,202552,29.33
CA_2,HOUSEHOLD_3_009,202501,29.33
CA_2,HOUSEHOLD_3_009,202601,29.33
CA_2,HOUSEHOLD_3_009,202602,29.33
CA_2,HOUSEHOLD_3_009,202603,29.33
CA_2,HOUSEHOLD_3_009,202604,29.33
CA_2,HOUSEHOLD_3_009,202605,30.79
CA_2,HOUSEHOLD_3_009,202606,29.33
CA_2,HOUSEHOLD_3_009,202607,29.33
CA_2,HOUSEHOLD_3_009,202608,27.86
CA_2,HOUSEHOLD_3_009,202609,29.33
CA_2,HOUSEHOLD_3_009,202610,29.33
CA_2,HOUSEHOLD_3_009,202611,29.33
CA_2,HOUSEHOLD_3_009,202612,29.33
CA_2,HOUSEHOLD_3_009,202613,29.33
CA_2,HOUSEHOLD_3_009,202614,26.39
CA_2,HOUSEHOLD_3_009,202615,26.39
CA_2,HOUSEHOLD_3_009,202616,27.86
CA_2,HOUSEHOLD_3_009,202617,29.33
CA_2,HOUSEHOLD_3_009,202618,30.79
CA_2,HOUSEHOLD_3_009,202619,29.33
CA_2,HOUSEHOLD_3_009,202620,29.33
CA_2,HOUSEHOLD_3_010,202520,3.88
CA_2,HOUSEHOLD_3_010,202521,3.49
CA_2,HOUSEHOLD_3_010,202522,3.88
CA_2,HOUSEHOLD_3_010,202523,3.88
CA_2,HOUSEHOLD_3_010,202524,3.88
CA_2,HOUSEHOLD_3_010,202525,4.07
CA_2,HOUSEHOLD_3_010,202526,3.49
CA_2,HOUSEHOLD_3_010,202527,3.88
CA_2,HOUSEHOLD_3_010,202528,3.88
CA_2,HOUSEHOLD_3_010,202529,3.68
CA_2,HOUSEHOLD_3_010,202530,3.68
CA_2,HOUSEHOLD_3_010,202531,3.88
CA_2,HOUSEHOLD_3_010,202532,3.88
CA_2,HOUSEHOLD_3_010,202533,3.49
CA_2,HOUSEHOLD_3_010,202534,3.88
CA_2,HOUSEHOLD_3_010,202535,3.68
CA_2,HOUSEHOLD_3_010,202536,3.88
CA_2,HOUSEHOLD_3_010,202537,3.88
CA_2,HOUSEHOLD_3_010,202538,3.88
CA_2,HOUSEHOLD_3_010,202539,3.88
CA_2,HOUSEHOLD_3_010,202540,4.07
CA_2,HOUSEHOLD_3_010,202541,3.49
CA_2,HOUSEHOLD_3_010,202542,3.68
CA_2,HOUSEHOLD_3_010,202543,3.88
CA_2,HOUSEHOLD_3_010,202544,3.88
CA_2,HOUSEHOLD_3_010,202545,3.88
CA_2,HOUSEHOLD_3_010,202546,4.07
CA_2,HOUSEHOLD_3_010,202547,3.88
CA_2,HOUSEHOLD_3_010,202548,3.88
CA_2,HOUSEHOLD_3_010,202549,3.88
CA_2,HOUSEHOLD_3_010,202550,3.88
CA_2,HOUSEHOLD_3_010,202551,3.88
CA_2,HOUSEHOLD_3_010,202552,3.88
CA_2,HOUSEHOLD_3_010,202501,3.88
CA_2,HOUSEHOLD_3_010,202601,3.88
CA_2,HOUSEHOLD_3_010,202602,3.88
CA_2,HOUSEHOLD_3_010,202603,3.88
CA_2,HOUSEHOLD_3_010,202604,3.49
CA_2,HOUSEHOLD_3_010,202605,3.88
CA_2,HOUSEHOLD_3_010,202606,4.07
CA_2,HOUSEHOLD_3_010,202607,3.88
CA_2,HOUSEHOLD_3_010,202608,3.88
CA_2,HOUSEHOLD_3_010,202609,3.88
CA_2,HOUSEHOLD_3_010,202610,3.88
CA_2,HOUSEHOLD_3_010,202611,3.88
CA_2,HOUSEHOLD_3_010,202612,3.49
CA_2,HOUSEHOLD_3_010,202613,3.88
CA_2,HOUSEHOLD_3_010,202614,3.88
CA_2,HOUSEHOLD_3_010,202615,4.07
CA_2,HOUSEHOLD_3_010,202616,3.88
CA_2,HOUSEHOLD_3_010,202617,3.88
CA_2,HOUSEHOLD_3_010,202618,3.88
CA_2,HOUSEHOLD_3_010,202619,3.49
CA_2,HOUSEHOLD_3_010,202620,3.88
TX_1,FOODS_1_001,202520,22.1
TX_1,FOODS_1_001,202521,21.04
TX_1,FOODS_1_001,202522,21.04
TX_1,FOODS_1_001,202523,18.94
TX_1,FOODS_1_001,202524,21.04
TX_1,FOODS_1_001,202525,21.04
TX_1,FOODS_1_001,202526,21.04
TX_1,FOODS_1_001,202527,21.04
TX_1,FOODS_1_001,202528,21.04
TX_1,FOODS_1_001,202529,18.94
TX_1,FOODS_1_001,202530,21.04
TX_1,FOODS_1_001,202531,21.04
TX_1,FOODS_1_001,202532,19.99
TX_1,FOODS_1_001,202533,22.1
TX_1,FOODS_1_001,202534,21.04
TX_1,FOODS_1_001,202535,21.04
TX_1,FOODS_1_001,202536,21.04
TX_1,FOODS_1_001,202537,22.1
TX_1,FOODS_1_001,202538,21.04
TX_1,FOODS_1_001,202539,21.04
TX_1,FOODS_1_001,202540,21.04
TX_1,FOODS_1_001,202541,21.04
TX_1,FOODS_1_001,202542,21.04
TX_1,FOODS_1_001,202543,21.04
TX_1,FOODS_1_001,202544,21.04
TX_1,FOODS_1_001,202545,19.99
TX_1,FOODS_1_001,202546,18.94
TX_1,FOODS_1_001,202547,22.1
TX_1,FOODS_1_001,202548,21.04
TX_1,FOODS_1_001,202549,19.99
TX_1,FOODS_1_001,202550,21.04
TX_1,FOODS_1_001,202551,21.04
TX_1,FOODS_1_001,202552,21.04
TX_1,FOODS_1_001,202501,21.04
TX_1,FOODS_1_001,202601,21.04
TX_1,FOODS_1_001,202602,19.99
TX_1,FOODS_1_001,202603,21.04
TX_1,FOODS_1_001,202604,22.1
TX_1,FOODS_1_001,202605,21.04
TX_1,FOODS_1_001,202606,18.94
TX_1,FOODS_1_001,202607,21.04
TX_1,FOODS_1_001,202608,21.04
TX_1,FOODS_1_001,202609,21.04
TX_1,FOODS_1_001,202610,21.04
TX_1,FOODS_1_001,202611,22.1
TX_1,FOODS_1_001,202612,21.04
TX_1,FOODS_1_001,202613,21.04
TX_1,FOODS_1_001,202614,21.04
TX_1,FOODS_1_001,202615,21.04
TX_1,FOODS_1_001,202616,21.04
TX_1,FOODS_1_001,202617,22.1
TX_1,FOODS_1_001,202618,18.94
TX_1,FOODS_1_001,202619,22.1
TX_1,FOODS_1_001,202620,18.94
TX_1,FOODS_1_002,202520,3.26
TX_1,FOODS_1_002,202521,3.26
TX_1,FOODS_1_002,202522,3.1
TX_1,FOODS_1_002,202523,3.26
TX_1,FOODS_1_002,202524,3.26
TX_1,FOODS_1_002,202525,3.26
TX_1,FOODS_1_002,202526,3.26
TX_1,FOODS_1_002,202527,3.1
TX_1,FOODS_1_002,202528,2.94
TX_1,FOODS_1_002,202529,3.26
TX_1,FOODS_1_002,202530,3.26
TX_1,FOODS_1_002,202531,3.26
TX_1,FOODS_1_002,202532,3.43
TX_1,FOODS_1_002,202533,3.26
TX_1,FOODS_1_002,202534,3.26
TX_1,FOODS_1_002,202535,3.26
TX_1,FOODS_1_002,202536,3.26
TX_1,FOODS_1_002,202537,3.26
TX_1,FOODS_1_002,202538,2.94
TX_1,FOODS_1_002,202539,3.26
TX_1,FOODS_1_002,202540,3.26
TX_1,FOODS_1_002,202541,3.1
TX_1,FOODS_1_002,202542,3.26
TX_1,FOODS_1_002,202543,3.26
TX_1,FOODS_1_002,202544,3.26
TX_1,FOODS_1_002,202545,3.26
TX_1,FOODS_1_002,202546,3.26
TX_1,FOODS_1_002,202547,3.26
TX_1,FOODS_1_002,202548,3.26
TX_1,FOODS_1_002,202549,3.1
TX_1,FOODS_1_002,202550,3.26
TX_1,FOODS_1_002,202551,2.94
TX_1,FOODS_1_002,202552,3.26
TX_1,FOODS_1_002,202501,3.26
TX_1,FOODS_1_002,202601,3.26
TX_1,FOODS_1_002,202602,3.26
TX_1,FOODS_1_002,202603,3.26
TX_1,FOODS_1_002,202604,3.43
TX_1,FOODS_1_002,202605,3.26
TX_1,FOODS_1_002,202606,3.26
TX_1,FOODS_1_002,202607,3.1
TX_1,FOODS_1_002,202608,3.1
TX_1,FOODS_1_002,202609,2.94
TX_1,FOODS_1_002,202610,3.26
TX_1,FOODS_1_002,202611,3.26
TX_1,FOODS_1_002,202612,3.26
TX_1,FOODS_1_002,202613,3.1
TX_1,FOODS_1_002,202614,3.26
TX_1,FOODS_1_002,202615,3.1
TX_1,FOODS_1_002,202616,3.26
TX_1,FOODS_1_002,202617,3.26
TX_1,FOODS_1_002,202618,3.26
TX_1,FOODS_1_002,202619,3.26
TX_1,FOODS_1_002,202620,3.26
TX_1,FOODS_1_003,202520,24.53
TX_1,FOODS_1_003,202521,24.53
TX_1,FOODS_1_003,202522,24.53
TX_1,FOODS_1_003,202523,23.3
TX_1,FOODS_1_003,202524,24.53
TX_1,FOODS_1_003,202525,25.76
TX_1,FOODS_1_003,202526,25.76
TX_1,FOODS_1_003,202527,24.53
TX_1,FOODS_1_003,202528,22.08
TX_1,FOODS_1_003,202529,24.53
TX_1,FOODS_1_003,202530,24.53
TX_1,FOODS_1_003,202531,24.53
TX_1,FOODS_1_003,202532,24.53
TX_1,FOODS_1_003,202533,24.53
TX_1,FOODS_1_003,202534,24.53
TX_1,FOODS_1_003,202535,24.53
TX_1,FOODS_1_003,202536,24.53
TX_1,FOODS_1_003,202537,24.53
TX_1,FOODS_1_003,202538,23.3
TX_1,FOODS_1_003,202539,24.53
TX_1,FOODS_1_003,202540,24.53
TX_1,FOODS_1_003,202541,24.53
TX_1,FOODS_1_003,202542,22.08
TX_1,FOODS_1_003,202543,24.53
TX_1,FOODS_1_003,202544,24.53
TX_1,FOODS_1_003,202545,24.53
TX_1,FOODS_1_003,202546,22.08
TX_1,FOODS_1_003,202547,25.76
TX_1,FOODS_1_003,202548,24.53
TX_1,FOODS_1_003,202549,23.3
TX_1,FOODS_1_003,202550,25.76
TX_1,FOODS_1_003,202551,23.3
TX_1,FOODS_1_003,202552,25.76
TX_1,FOODS_1_003,202501,24.53
TX_1,FOODS_1_003,202601,25.76
TX_1,FOODS_1_003,202602,22.08
TX_1,FOODS_1_003,202603,24.53
TX_1,FOODS_1_003,202604,24.53
TX_1,FOODS_1_003,202605,22.08
TX_1,FOODS_1_003,202606,24.53
TX_1,FOODS_1_003,202607,23.3
TX_1,FOODS_1_003,202608,22.08
TX_1,FOODS_1_003,202609,24.53
TX_1,FOODS_1_003,202610,24.53
TX_1,FOODS_1_003,202611,24.53
TX_1,FOODS_1_003,202612,24.53
TX_1,FOODS_1_003,202613,24.53
TX_1,FOODS_1_003,202614,24.53
TX_1,FOODS_1_003,202615,24.53
TX_1,FOODS_1_003,202616,24.53
TX_1,FOODS_1_003,202617,24.53
TX_1,FOODS_1_003,202618,22.08
TX_1,FOODS_1_003,202619,24.53
TX_1,FOODS_1_003,202620,23.3
TX_1,FOODS_1_004,202520,19.94
TX_1,FOODS_1_004,202521,19.94
TX_1,FOODS_1_004,202522,19.94
TX_1,FOODS_1_004,202523,17.95
TX_1,FOODS_1_004,202524,18.94
TX_1,FOODS_1_004,202525,19.94
TX_1,FOODS_1_004,202526,18.94
TX_1,FOODS_1_004,202527,18.94
TX_1,FOODS_1_004,202528,18.94
TX_1,FOODS_1_004,202529,19.94
TX_1,FOODS_1_004,202530,19.94
TX_1,FOODS_1_004,202531,19.94
TX_1,FOODS_1_004,202532,20.94
TX_1,FOODS_1_004,202533,19.94
TX_1,FOODS_1_004,202534,17.95
TX_1,FOODS_1_004,202535,19.94
TX_1,FOODS_1_004,202536,20.94
TX_1,FOODS_1_004,202537,18.94
TX_1,FOODS_1_004,202538,19.94
TX_1,FOODS_1_004,202539,19.94
TX_1,FOODS_1_004,202540,19.94
TX_1,FOODS_1_004,202541,19.94
TX_1,FOODS_1_004,202542,19.94
TX_1,FOODS_1_004,202543,18.94
TX_1,FOODS_1_004,202544,20.94
TX_1,FOODS_1_004,202545,19.94
TX_1,FOODS_1_004,202546,19.94
TX_1,FOODS_1_004,202547,19.94
TX_1,FOODS_1_004,202548,17.95
TX_1,FOODS_1_004,202549,19.94
TX_1,FOODS_1_004,202550,19.94
TX_1,FOODS_1_004,202551,19.94
TX_1,FOODS_1_004,202552,19.94
TX_1,FOODS_1_004,202501,19.94
TX_1,FOODS_1_004,202601,19.94
TX_1,FOODS_1_004,202602,19.94
TX_1,FOODS_1_004,202603,19.94
TX_1,FOODS_1_004,202604,19.94
TX_1,FOODS_1_004,202605,18.94
TX_1,FOODS_1_004,202606,19.94
TX_1,FOODS_1_004,202607,19.94
TX_1,FOODS_1_004,202608,19.94
TX_1,FOODS_1_004,202609,19.94
TX_1,FOODS_1_004,202610,19.94
TX_1,FOODS_1_004,202611,18.94
TX_1,FOODS_1_004,202612,20.94
TX_1,FOODS_1_004,202613,18.94
TX_1,FOODS_1_004,202614,19.94
TX_1,FOODS_1_004,202615,19.94
TX_1,FOODS_1_004,202616,18.94
TX_1,FOODS_1_004,202617,19.94
TX_1,FOODS_1_004,202618,19.94
TX_1,FOODS_1_004,202619,19.94
TX_1,FOODS_1_004,202620,19.94
TX_1,FOODS_1_005,202520,11.79
TX_1,FOODS_1_005,202521,11.79
TX_1,FOODS_1_005,202522,11.79
TX_1,FOODS_1_005,202523,11.79
TX_1,FOODS_1_005,202524,11.79
TX_1,FOODS_1_005,202525,11.79
TX_1,FOODS_1_005,202526,11.79
TX_1,FOODS_1_005,202527,11.79
TX_1,FOODS_1_005,202528,11.79
TX_1,FOODS_1_005,202529,11.2
TX_1,FOODS_1_005,202530,11.79
TX_1,FOODS_1_005,202531,11.79
TX_1,FOODS_1_005,202532,12.38
TX_1,FOODS_1_005,202533,11.79
TX_1,FOODS_1_005,202534,11.79
TX_1,FOODS_1_005,202535,11.79
TX_1,FOODS_1_005,202536,12.38
TX_1,FOODS_1_005,202537,11.79
TX_1,FOODS_1_005,202538,10.61
TX_1,FOODS_1_005,202539,11.79
TX_1,FOODS_1_005,202540,11.79
TX_1,FOODS_1_005,202541,11.79
TX_1,FOODS_1_005,202542,11.79
TX_1,FOODS_1_005,202543,11.79
TX_1,FOODS_1_005,202544,11.2
TX_1,FOODS_1_005,202545,11.79
TX_1,FOODS_1_005,202546,11.79
TX_1,FOODS_1_005,202547,11.79
TX_1,FOODS_1_005,202548,11.79
TX_1,FOODS_1_005,202549,11.79
TX_1,FOODS_1_005,202550,11.79
TX_1,FOODS_1_005,202551,11.2
TX_1,FOODS_1_005,202552,11.79
TX_1,FOODS_1_005,202501,11.79
TX_1,FOODS_1_005,202601,11.79
TX_1,FOODS_1_005,202602,11.79
TX_1,FOODS_1_005,202603,12.38
TX_1,FOODS_1_005,202604,11.79
TX_1,FOODS_1_005,202605,11.79
TX_1,FOODS_1_005,202606,11.79
TX_1,FOODS_1_005,202607,11.79
TX_1,FOODS_1_005,202608,11.79
TX_1,FOODS_1_005,202609,11.79
TX_1,FOODS_1_005,202610,11.79
TX_1,FOODS_1_005,202611,11.79
TX_1,FOODS_1_005,202612,11.79
TX_1,FOODS_1_005,202613,12.38
TX_1,FOODS_1_005,202614,11.79
TX_1,FOODS_1_005,202615,11.2
TX_1,FOODS_1_005,202616,11.79
TX_1,FOODS_1_005,202617,11.79
TX_1,FOODS_1_005,202618,11.79
TX_1,FOODS_1_005,202619,11.79
TX_1,FOODS_1_005,202620,11.2
TX_1,FOODS_1_006,202520,19.67
TX_1,FOODS_1_006,202521,17.7
TX_1,FOODS_1_006,202522,19.67
TX_1,FOODS_1_006,202523,19.67
TX_1,FOODS_1_006,202524,19.67
TX_1,FOODS_1_006,202525,20.66
TX_1,FOODS_1_006,202526,17.7
TX_1,FOODS_1_006,202527,20.66
TX_1,FOODS_1_006,202528,19.67
TX_1,FOODS_1_006,202529,19.67
TX_1,FOODS_1_006,202530,19.67
TX_1,FOODS_1_006,202531,19.67
TX_1,FOODS_1_006,202532,19.67
TX_1,FOODS_1_006,202533,20.66
TX_1,FOODS_1_006,202534,19.67
TX_1,FOODS_1_006,202535,19.67
TX_1,FOODS_1_006,202536,19.67
TX_1,FOODS_1_006,202537,17.7
TX_1,FOODS_1_006,202538,19.67
TX_1,FOODS_1_006,202539,20.66
TX_1,FOODS_1_006,202540,18.69
TX_1,FOODS_1_006,202541,19.67
TX_1,FOODS_1_006,202542,19.67
TX_1,FOODS_1_006,202543,17.7
TX_1,FOODS_1_006,202544,19.67
TX_1,FOODS_1_006,202545,17.7
TX_1,FOODS_1_006,202546,19.67
TX_1,FOODS_1_006,202547,19.67
TX_1,FOODS_1_006,202548,19.67
TX_1,FOODS_1_006,202549,19.67
TX_1,FOODS_1_006,202550,19.67
TX_1,FOODS_1_006,202551,18.69
TX_1,FOODS_1_006,202552,20.66
TX_1,FOODS_1_006,202501,19.67
TX_1,FOODS_1_006,202601,17.7
TX_1,FOODS_1_006,202602,19.67
TX_1,FOODS_1_006,202603,19.67
TX_1,FOODS_1_006,202604,19.67
TX_1,FOODS_1_006,202605,19.67
TX_1,FOODS_1_006,202606,19.67
TX_1,FOODS_1_006,202607,18.69
TX_1,FOODS_1_006,202608,19.67
TX_1,FOODS_1_006,202609,19.67
TX_1,FOODS_1_006,202610,19.67
TX_1,FOODS_1_006,202611,19.67
TX_1,FOODS_1_006,202612,19.67
TX_1,FOODS_1_006,202613,19.67
TX_1,FOODS_1_006,202614,19.67
TX_1,FOODS_1_006,202615,19.67
TX_1,FOODS_1_006,202616,19.67
TX_1,FOODS_1_006,202617,17.7
TX_1,FOODS_1_006,202618,18.69
TX_1,FOODS_1_006,202619,20.66
TX_1,FOODS_1_006,202620,20.66
TX_1,FOODS_1_007,202520,5.16
TX_1,FOODS_1_007,202521,5.16
TX_1,FOODS_1_007,202522,4.9
TX_1,FOODS_1_007,202523,5.16
TX_1,FOODS_1_007,202524,5.16
TX_1,FOODS_1_007,202525,5.42
TX_1,FOODS_1_007,202526,5.16
TX_1,FOODS_1_007,202527,5.16
TX_1,FOODS_1_007,202528,5.16
TX_1,FOODS_1_007,202529,5.16
TX_1,FOODS_1_007,202530,4.64
TX_1,FOODS_1_007,202531,5.16
TX_1,FOODS_1_007,202532,5.16
TX_1,FOODS_1_007,202533,5.16
TX_1,FOODS_1_007,202534,5.42
TX_1,FOODS_1_007,202535,5.16
TX_1,FOODS_1_007,202536,5.42
TX_1,FOODS_1_007,202537,4.9
TX_1,FOODS_1_007,202538,4.64
TX_1,FOODS_1_007,202539,5.16
TX_1,FOODS_1_007,202540,5.16
TX_1,FOODS_1_007,202541,5.16
TX_1,FOODS_1_007,202542,5.16
TX_1,FOODS_1_007,202543,5.16
TX_1,FOODS_1_007,202544,4.9
TX_1,FOODS_1_007,202545,5.16
TX_1,FOODS_1_007,202546,4.9
TX_1,FOODS_1_007,202547,5.16
TX_1,FOODS_1_007,202548,5.16
TX_1,FOODS_1_007,202549,5.16
TX_1,FOODS_1_007,202550,5.16
TX_1,FOODS_1_007,202551,5.16
TX_1,FOODS_1_007,202552,4.64
TX_1,FOODS_1_007,202501,5.16
TX_1,FOODS_1_007,202601,4.9
TX_1,FOODS_1_007,202602,5.16
TX_1,FOODS_1_007,202603,4.64
TX_1,FOODS_1_007,202604,5.16
TX_1,FOODS_1_007,202605,5.16
TX_1,FOODS_1_007,202606,5.16
TX_1,FOODS_1_007,202607,5.16
TX_1,FOODS_1_007,202608,5.42
TX_1,FOODS_1_007,202609,5.16
TX_1,FOODS_1_007,202610,5.16
TX_1,FOODS_1_007,202611,5.16
TX_1,FOODS_1_007,202612,5.16
TX_1,FOODS_1_007,202613,4.9
TX_1,FOODS_1_007,202614,5.16
TX_1,FOODS_1_007,202615,5.16
TX_1,FOODS_1_007,202616,5.16
TX_1,FOODS_1_007,202617,5.16
TX_1,FOODS_1_007,202618,5.16
TX_1,FOODS_1_007,202619,5.16
TX_1,FOODS_1_007,202620,5.16
TX_1,FOODS_1_008,202520,8.74
TX_1,FOODS_1_008,202521,7.87
TX_1,FOODS_1_008,202522,8.74
TX_1,FOODS_1_008,202523,8.3
TX_1,FOODS_1_008,202524,8.74
TX_1,FOODS_1_008,202525,8.74
TX_1,FOODS_1_008,202526,8.74
TX_1,FOODS_1_008,202527,8.74
TX_1,FOODS_1_008,202528,8.3
TX_1,FOODS_1_008,202529,8.74
TX_1,FOODS_1_008,202530,8.74
TX_1,FOODS_1_008,202531,8.74
TX_1,FOODS_1_008,202532,8.74
TX_1,FOODS_1_008,202533,7.87
TX_1,FOODS_1_008,202534,9.18
TX_1,FOODS_1_008,202535,7.87
TX_1,FOODS_1_008,202536,8.3
TX_1,FOODS_1_008,202537,8.74
TX_1,FOODS_1_008,202538,8.74
TX_1,FOODS_1_008,202539,7.87
TX_1,FOODS_1_008,202540,8.74
TX_1,FOODS_1_008,202541,8.3
TX_1,FOODS_1_008,202542,8.74
TX_1,FOODS_1_008,202543,8.74
TX_1,FOODS_1_008,202544,8.74
TX_1,FOODS_1_008,202545,8.74
TX_1,FOODS_1_008,202546,8.74
TX_1,FOODS_1_008,202547,8.3
TX_1,FOODS_1_008,202548,8.74
TX_1,FOODS_1_008,202549,8.3
TX_1,FOODS_1_008,202550,8.74
TX_1,FOODS_1_008,202551,8.74
TX_1,FOODS_1_008,202552,8.74
TX_1,FOODS_1_008,202501,8.74
TX_1,FOODS_1_008,202601,8.74
TX_1,FOODS_1_008,202602,8.74
TX_1,FOODS_1_008,202603,8.74
TX_1,FOODS_1_008,202604,7.87
TX_1,FOODS_1_008,202605,8.74
TX_1,FOODS_1_008,202606,8.74
TX_1,FOODS_1_008,202607,9.18
TX_1,FOODS_1_008,202608,8.74
TX_1,FOODS_1_008,202609,7.87
TX_1,FOODS_1_008,202610,8.74
TX_1,FOODS_1_008,202611,9.18
TX_1,FOODS_1_008,202612,8.74
TX_1,FOODS_1_008,202613,8.74
TX_1,FOODS_1_008,202614,7.87
TX_1,FOODS_1_008,202615,8.74
TX_1,FOODS_1_008,202616,8.74
TX_1,FOODS_1_008,202617,8.74
TX_1,FOODS_1_008,202618,8.3
TX_1,FOODS_1_008,202619,8.74
TX_1,FOODS_1_008,202620,8.74
TX_1,FOODS_1_009,202520,2.29
TX_1,FOODS_1_009,202521,2.17
TX_1,FOODS_1_009,202522,2.29
TX_1,FOODS_1_009,202523,2.29
TX_1,FOODS_1_009,202524,2.29
TX_1,FOODS_1_009,202525,2.29
TX_1,FOODS_1_009,202526,2.29
TX_1,FOODS_1_009,202527,2.29
TX_1,FOODS_1_009,202528,2.29
TX_1,FOODS_1_009,202529,2.29
TX_1,FOODS_1_009,202530,2.06
TX_1,FOODS_1_009,202531,2.29
TX_1,FOODS_1_009,202532,2.06
TX_1,FOODS_1_009,202533,2.29
TX_1,FOODS_1_009,202534,2.29
TX_1,FOODS_1_009,202535,2.29
TX_1,FOODS_1_009,202536,2.29
TX_1,FOODS_1_009,202537,2.29
TX_1,FOODS_1_009,202538,2.06
TX_1,FOODS_1_009,202539,2.17
TX_1,FOODS_1_009,202540,2.29
TX_1,FOODS_1_009,202541,2.06
TX_1,FOODS_1_009,202542,2.29
TX_1,FOODS_1_009,202543,2.29
TX_1,FOODS_1_009,202544,2.17
TX_1,FOODS_1_009,202545,2.29
TX_1,FOODS_1_009,202546,2.17
TX_1,FOODS_1_009,202547,2.06
TX_1,FOODS_1_009,202548,2.29
TX_1,FOODS_1_009,202549,2.06
TX_1,FOODS_1_009,202550,2.06
TX_1,FOODS_1_009,202551,2.29
TX_1,FOODS_1_009,202552,2.29
TX_1,FOODS_1_009,202501,2.29
TX_1,FOODS_1_009,202601,2.29
TX_1,FOODS_1_009,202602,2.29
TX_1,FOODS_1_009,202603,2.29
TX_1,FOODS_1_009,202604,2.29
TX_1,FOODS_1_009,202605,2.29
TX_1,FOODS_1_009,202606,2.29
TX_1,FOODS_1_009,202607,2.29
TX_1,FOODS_1_009,202608,2.29
TX_1,FOODS_1_009,202609,2.29
TX_1,FOODS_1_009,202610,2.29
TX_1,FOODS_1_009,202611,2.4
TX_1,FOODS_1_009,202612,2.29
TX_1,FOODS_1_009,202613,2.29
TX_1,FOODS_1_009,202614,2.29
TX_1,FOODS_1_009,202615,2.29
TX_1,FOODS_1_009,202616,2.4
TX_1,FOODS_1_009,202617,2.29
TX_1,FOODS_1_009,202618,2.17
TX_1,FOODS_1_009,202619,2.29
TX_1,FOODS_1_009,202620,2.29
TX_1,FOODS_1_010,202520,15.97
TX_1,FOODS_1_010,202521,15.21
TX_1,FOODS_1_010,202522,14.45
TX_1,FOODS_1_010,202523,15.21
TX_1,FOODS_1_010,202524,14.45
TX_1,FOODS_1_010,202525,15.21
TX_1,FOODS_1_010,202526,15.21
TX_1,FOODS_1_010,202527,15.21
TX_1,FOODS_1_010,202528,15.97
TX_1,FOODS_1_010,202529,15.21
TX_1,FOODS_1_010,202530,15.21
TX_1,FOODS_1_010,202531,15.21
TX_1,FOODS_1_010,202532,15.21
TX_1,FOODS_1_010,202533,15.21
TX_1,FOODS_1_010,202534,15.21
TX_1,FOODS_1_010,202535,15.21
TX_1,FOODS_1_010,202536,15.97
TX_1,FOODS_1_010,202537,14.45
TX_1,FOODS_1_010,202538,15.21
TX_1,FOODS_1_010,202539,15.97
TX_1,FOODS_1_010,202540,13.69
TX_1,FOODS_1_010,202541,15.21
TX_1,FOODS_1_010,202542,15.21
TX_1,FOODS_1_010,202543,15.97
TX_1,FOODS_1_010,202544,15.21
TX_1,FOODS_1_010,202545,15.21
TX_1,FOODS_1_010,202546,15.21
TX_1,FOODS_1_010,202547,13.69
TX_1,FOODS_1_010,202548,15.21
TX_1,FOODS_1_010,202549,15.97
TX_1,FOODS_1_010,202550,15.21
TX_1,FOODS_1_010,202551,15.21
TX_1,FOODS_1_010,202552,15.21
TX_1,FOODS_1_010,202501,15.21
TX_1,FOODS_1_010,202601,15.97
TX_1,FOODS_1_010,202602,13.69
TX_1,FOODS_1_010,202603,15.21
TX_1,FOODS_1_010,202604,15.97
TX_1,FOODS_1_010,202605,15.21
TX_1,FOODS_1_010,202606,15.21
TX_1,FOODS_1_010,202607,14.45
TX_1,FOODS_1_010,202608,15.21
TX_1,FOODS_1_010,202609,15.21
TX_1,FOODS_1_010,202610,15.21
TX_1,FOODS_1_010,202611,15.21
TX_1,FOODS_1_010,202612,15.21
TX_1,FOODS_1_010,202613,15.21
TX_1,FOODS_1_010,202614,15.21
TX_1,FOODS_1_010,202615,15.97
TX_1,FOODS_1_010,202616,14.45
TX_1,FOODS_1_010,202617,15.21
TX_1,FOODS_1_010,202618,15.21
TX_1,FOODS_1_010,202619,15.21
TX_1,FOODS_1_010,202620,15.21
TX_1,HOBBIES_2_001,202520,9.35
TX_1,HOBBIES_2_001,202521,9.35
TX_1,HOBBIES_2_001,202522,8.88
TX_1,HOBBIES_2_001,202523,8.88
TX_1,HOBBIES_2_001,202524,8.42
TX_1,HOBBIES_2_001,202525,8.42
TX_1,HOBBIES_2_001,202526,9.35
TX_1,HOBBIES_2_001,202527,8.42
TX_1,HOBBIES_2_001,202528,8.88
TX_1,HOBBIES_2_001,202529,9.35
TX_1,HOBBIES_2_001,202530,9.82
TX_1,HOBBIES_2_001,202531,9.82
TX_1,HOBBIES_2_001,202532,9.35
TX_1,HOBBIES_2_001,202533,9.82
TX_1,HOBBIES_2_001,202534,9.35
TX_1,HOBBIES_2_001,202535,9.82
TX_1,HOBBIES_2_001,202536,8.88
TX_1,HOBBIES_2_001,202537,9.82
TX_1,HOBBIES_2_001,202538,9.35
TX_1,HOBBIES_2_001,202539,9.35
TX_1,HOBBIES_2_001,202540,9.35
TX_1,HOBBIES_2_001,202541,9.35
TX_1,HOBBIES_2_001,202542,9.35
TX_1,HOBBIES_2_001,202543,9.82
TX_1,HOBBIES_2_001,202544,9.35
TX_1,HOBBIES_2_001,202545,9.35
TX_1,HOBBIES_2_001,202546,9.35
TX_1,HOBBIES_2_001,202547,9.35
TX_1,HOBBIES_2_001,202548,9.35
TX_1,HOBBIES_2_001,202549,9.82
TX_1,HOBBIES_2_001,202550,8.88
TX_1,HOBBIES_2_001,202551,9.35
TX_1,HOBBIES_2_001,202552,9.35
TX_1,HOBBIES_2_001,202501,9.35
TX_1,HOBBIES_2_001,202601,8.42
TX_1,HOBBIES_2_001,202602,8.42
TX_1,HOBBIES_2_001,202603,9.82
TX_1,HOBBIES_2_001,202604,9.35
TX_1,HOBBIES_2_001,202605,9.35
TX_1,HOBBIES_2_001,202606,9.35
TX_1,HOBBIES_2_001,202607,9.35
TX_1,HOBBIES_2_001,202608,9.35
TX_1,HOBBIES_2_001,202609,9.35
TX_1,HOBBIES_2_001,202610,9.35
TX_1,HOBBIES_2_001,202611,9.35
TX_1,HOBBIES_2_001,202612,9.35
TX_1,HOBBIES_2_001,202613,9.35
TX_1,HOBBIES_2_001,202614,9.35
TX_1,HOBBIES_2_001,202615,9.35
TX_1,HOBBIES_2_001,202616,9.35
TX_1,HOBBIES_2_001,202617,9.35
TX_1,HOBBIES_2_001,202618,8.88
TX_1,HOBBIES_2_001,202619,9.82
TX_1,HOBBIES_2_001,202620,9.35
TX_1,HOBBIES_2_002,202520,21.85
TX_1,HOBBIES_2_002,202521,21.85
TX_1,HOBBIES_2_002,202522,21.85
TX_1,HOBBIES_2_002,202523,21.85
TX_1,HOBBIES_2_002,202524,21.85
TX_1,HOBBIES_2_002,202525,21.85
TX_1,HOBBIES_2_002,202526,21.85
TX_1,HOBBIES_2_002,202527,20.75
TX_1,HOBBIES_2_002,202528,22.94
TX_1,HOBBIES_2_002,202529,21.85
TX_1,HOBBIES_2_002,202530,19.66
TX_1,HOBBIES_2_002,202531,21.85
TX_1,HOBBIES_2_002,202532,21.85
TX_1,HOBBIES_2_002,202533,21.85
TX_1,HOBBIES_2_002,202534,20.75
TX_1,HOBBIES_2_002,202535,21.85
TX_1,HOBBIES_2_002,202536,19.66
TX_1,HOBBIES_2_002,202537,21.85
TX_1,HOBBIES_2_002,202538,19.66
TX_1,HOBBIES_2_002,202539,22.94
TX_1,HOBBIES_2_002,202540,22.94
TX_1,HOBBIES_2_002,202541,21.85
TX_1,HOBBIES_2_002,202542,20.75
TX_1,HOBBIES_2_002,202543,21.85
TX_1,HOBBIES_2_002,202544,21.85
TX_1,HOBBIES_2_002,202545,22.94
TX_1,HOBBIES_2_002,202546,21.85
TX_1,HOBBIES_2_002,202547,21.85
TX_1,HOBBIES_2_002,202548,21.85
TX_1,HOBBIES_2_002,202549,19.66
TX_1,HOBBIES_2_002,202550,21.85
TX_1,HOBBIES_2_002,202551,21.85
TX_1,HOBBIES_2_002,202552,22.94
TX_1,HOBBIES_2_002,202501,21.85
TX_1,HOBBIES_2_002,202601,21.85
TX_1,HOBBIES_2_002,202602,21.85
TX_1,HOBBIES_2_002,202603,21.85
TX_1,HOBBIES_2_002,202604,20.75
TX_1,HOBBIES_2_002,202605,20.75
TX_1,HOBBIES_2_002,202606,21.85
TX_1,HOBBIES_2_002,202607,21.85
TX_1,HOBBIES_2_002,202608,21.85
TX_1,HOBBIES_2_002,202609,21.85
TX_1,HOBBIES_2_002,202610,21.85
TX_1,HOBBIES_2_002,202611,21.85
TX_1,HOBBIES_2_002,202612,21.85
TX_1,HOBBIES_2_002,202613,21.85
TX_1,HOBBIES_2_002,202614,21.85
TX_1,HOBBIES_2_002,202615,21.85
TX_1,HOBBIES_2_002,202616,21.85
TX_1,HOBBIES_2_002,202617,21.85
TX_1,HOBBIES_2_002,202618,21.85
TX_1,HOBBIES_2_002,202619,21.85
TX_1,HOBBIES_2_002,202620,21.85
TX_1,HOBBIES_2_003,202520,26.32
TX_1,HOBBIES_2_003,202521,30.7
TX_1,HOBBIES_2_003,202522,29.24
TX_1,HOBBIES_2_003,202523,29.24
TX_1,HOBBIES_2_003,202524,29.24
TX_1,HOBBIES_2_003,202525,29.24
TX_1,HOBBIES_2_003,202526,29.24
TX_1,HOBBIES_2_003,202527,29.24
TX_1,HOBBIES_2_003,202528,29.24
TX_1,HOBBIES_2_003,202529,29.24
TX_1,HOBBIES_2_003,202530,27.78
TX_1,HOBBIES_2_003,202531,29.24
TX_1,HOBBIES_2_003,202532,29.24
TX_1,HOBBIES_2_003,202533,30.7
TX_1,HOBBIES_2_003,202534,29.24
TX_1,HOBBIES_2_003,202535,29.24
TX_1,HOBBIES_2_003,202536,27.78
TX_1,HOBBIES_2_003,202537,27.78
TX_1,HOBBIES_2_003,202538,29.24
TX_1,HOBBIES_2_003,202539,27.78
TX_1,HOBBIES_2_003,202540,29.24
TX_1,HOBBIES_2_003,202541,29.24
TX_1,HOBBIES_2_003,202542,29.24
TX_1,HOBBIES_2_003,202543,29.24
TX_1,HOBBIES_2_003,202544,29.24
TX_1,HOBBIES_2_003,202545,29.24
TX_1,HOBBIES_2_003,202546,29.24
TX_1,HOBBIES_2_003,202547,29.24
TX_1,HOBBIES_2_003,202548,30.7
TX_1,HOBBIES_2_003,202549,29.24
TX_1,HOBBIES_2_003,202550,29.24
TX_1,HOBBIES_2_003,202551,29.24
TX_1,HOBBIES_2_003,202552,29.24
TX_1,HOBBIES_2_003,202501,30.7
TX_1,HOBBIES_2_003,202601,29.24
TX_1,HOBBIES_2_003,202602,29.24
TX_1,HOBBIES_2_003,202603,29.24
TX_1,HOBBIES_2_003,202604,29.24
TX_1,HOBBIES_2_003,202605,29.24
TX_1,HOBBIES_2_003,202606,29.24
TX_1,HOBBIES_2_003,202607,27.78
TX_1,HOBBIES_2_003,202608,29.24
TX_1,HOBBIES_2_003,202609,27.78
TX_1,HOBBIES_2_003,202610,29.24
TX_1,HOBBIES_2_003,202611,29.24
TX_1,HOBBIES_2_003,202612,27.78
TX_1,HOBBIES_2_003,202613,29.24
TX_1,HOBBIES_2_003,202614,29.24
TX_1,HOBBIES_2_003,202615,29.24
TX_1,HOBBIES_2_003,202616,29.24
TX_1,HOBBIES_2_003,202617,27.78
TX_1,HOBBIES_2_003,202618,29.24
TX_1,HOBBIES_2_003,202619,29.24
TX_1,HOBBIES_2_003,202620,29.24
TX_1,HOBBIES_2_004,202520,28.87
TX_1,HOBBIES_2_004,202521,28.87
TX_1,HOBBIES_2_004,202522,30.32
TX_1,HOBBIES_2_004,202523,28.87
TX_1,HOBBIES_2_004,202524,25.98
TX_1,HOBBIES_2_004,202525,28.87
TX_1,HOBBIES_2_004,202526,25.98
TX_1,HOBBIES_2_004,202527,27.43
TX_1,HOBBIES_2_004,202528,28.87
TX_1,HOBBIES_2_004,202529,28.87
TX_1,HOBBIES_2_004,202530,30.32
TX_1,HOBBIES_2_004,202531,28.87
TX_1,HOBBIES_2_004,202532,28.87
TX_1,HOBBIES_2_004,202533,28.87
TX_1,HOBBIES_2_004,202534,28.87
TX_1,HOBBIES_2_004,202535,28.87
TX_1,HOBBIES_2_004,202536,27.43
TX_1,HOBBIES_2_004,202537,27.43
TX_1,HOBBIES_2_004,202538,27.43
TX_1,HOBBIES_2_004,202539,28.87
TX_1,HOBBIES_2_004,202540,28.87
TX_1,HOBBIES_2_004,202541,27.43
TX_1,HOBBIES_2_004,202542,28.87
TX_1,HOBBIES_2_004,202543,28.87
TX_1,HOBBIES_2_004,202544,30.32
TX_1,HOBBIES_2_004,202545,28.87
TX_1,HOBBIES_2_004,202546,28.87
TX_1,HOBBIES_2_004,202547,28.87
TX_1,HOBBIES_2_004,202548,28.87
TX_1,HOBBIES_2_004,202549,27.43
TX_1,HOBBIES_2_004,202550,28.87
TX_1,HOBBIES_2_004,202551,28.87
TX_1,HOBBIES_2_004,202552,28.87
TX_1,HOBBIES_2_004,202501,28.87
TX_1,HOBBIES_2_004,202601,27.43
TX_1,HOBBIES_2_004,202602,28.87
TX_1,HOBBIES_2_004,202603,28.87
TX_1,HOBBIES_2_004,202604,28.87
TX_1,HOBBIES_2_004,202605,28.87
TX_1,HOBBIES_2_004,202606,25.98
TX_1,HOBBIES_2_004,202607,28.87
TX_1,HOBBIES_2_004,202608,28.87
TX_1,HOBBIES_2_004,202609,27.43
TX_1,HOBBIES_2_004,202610,28.87
TX_1,HOBBIES_2_004,202611,28.87
TX_1,HOBBIES_2_004,202612,28.87
TX_1,HOBBIES_2_004,202613,27.43
TX_1,HOBBIES_2_004,202614,28.87
TX_1,HOBBIES_2_004,202615,28.87
TX_1,HOBBIES_2_004,202616,28.87
TX_1,HOBBIES_2_004,202617,28.87
TX_1,HOBBIES_2_004,202618,28.87
TX_1,HOBBIES_2_004,202619,28.87
TX_1,HOBBIES_2_004,202620,30.32
TX_1,HOBBIES_2_005,202520,14.37
TX_1,HOBBIES_2_005,202521,13.69
TX_1,HOBBIES_2_005,202522,12.32
TX_1,HOBBIES_2_005,202523,13.69
TX_1,HOBBIES_2_005,202524,13.69
TX_1,HOBBIES_2_005,202525,13.69
TX_1,HOBBIES_2_005,202526,13.69
TX_1,HOBBIES_2_005,202527,14.37
TX_1,HOBBIES_2_005,202528,13.69
TX_1,HOBBIES_2_005,202529,14.37
TX_1,HOBBIES_2_005,202530,13.69
TX_1,HOBBIES_2_005,202531,12.32
TX_1,HOBBIES_2_005,202532,13.69
TX_1,HOBBIES_2_005,202533,13.69
TX_1,HOBBIES_2_005,202534,13.69
TX_1,HOBBIES_2_005,202535,13.69
TX_1,HOBBIES_2_005,202536,13.69
TX_1,HOBBIES_2_005,202537,12.32
TX_1,HOBBIES_2_005,202538,12.32
TX_1,HOBBIES_2_005,202539,13.0
TX_1,HOBBIES_2_005,202540,13.0
TX_1,HOBBIES_2_005,202541,13.69
TX_1,HOBBIES_2_005,202542,12.32
TX_1,HOBBIES_2_005,202543,13.69
TX_1,HOBBIES_2_005,202544,13.69
TX_1,HOBBIES_2_005,202545,13.69
TX_1,HOBBIES_2_005,202546,13.69
TX_1,HOBBIES_2_005,202547,13.69
TX_1,HOBBIES_2_005,202548,12.32
TX_1,HOBBIES_2_005,202549,14.37
TX_1,HOBBIES_2_005,202550,13.0
TX_1,HOBBIES_2_005,202551,14.37
TX_1,HOBBIES_2_005,202552,13.69
TX_1,HOBBIES_2_005,202501,13.69
TX_1,HOBBIES_2_005,202601,13.69
TX_1,HOBBIES_2_005,202602,13.69
TX_1,HOBBIES_2_005,202603,13.0
TX_1,HOBBIES_2_005,202604,13.69
TX_1,HOBBIES_2_005,202605,14.37
TX_1,HOBBIES_2_005,202606,13.69
TX_1,HOBBIES_2_005,202607,13.69
TX_1,HOBBIES_2_005,202608,13.69
TX_1,HOBBIES_2_005,202609,13.69
TX_1,HOBBIES_2_005,202610,13.69
TX_1,HOBBIES_2_005,202611,13.69
TX_1,HOBBIES_2_005,202612,13.69
TX_1,HOBBIES_2_005,202613,13.69
TX_1,HOBBIES_2_005,202614,13.69
TX_1,HOBBIES_2_005,202615,13.69
TX_1,HOBBIES_2_005,202616,13.69
TX_1,HOBBIES_2_005,202617,14.37
TX_1,HOBBIES_2_005,202618,13.69
TX_1,HOBBIES_2_005,202619,13.69
TX_1,HOBBIES_2_005,202620,13.69
TX_1,HOBBIES_2_006,202520,24.84
TX_1,HOBBIES_2_006,202521,24.84
TX_1,HOBBIES_2_006,202522,24.84
TX_1,HOBBIES_2_006,202523,23.6
TX_1,HOBBIES_2_006,202524,22.35
TX_1,HOBBIES_2_006,202525,24.84
TX_1,HOBBIES_2_006,202526,24.84
TX_1,HOBBIES_2_006,202527,24.84
TX_1,HOBBIES_2_006,202528,26.08
TX_1,HOBBIES_2_006,202529,23.6
TX_1,HOBBIES_2_006,202530,24.84
TX_1,HOBBIES_2_006,202531,24.84
TX_1,HOBBIES_2_006,202532,24.84
TX_1,HOBBIES_2_006,202533,26.08
TX_1,HOBBIES_2_006,202534,22.35
TX_1,HOBBIES_2_006,202535,23.6
TX_1,HOBBIES_2_006,202536,24.84
TX_1,HOBBIES_2_006,202537,24.84
TX_1,HOBBIES_2_006,202538,24.84
TX_1,HOBBIES_2_006,202539,23.6
TX_1,HOBBIES_2_006,202540,26.08
TX_1,HOBBIES_2_006,202541,24.84
TX_1,HOBBIES_2_006,202542,24.84
TX_1,HOBBIES_2_006,202543,23.6
TX_1,HOBBIES_2_006,202544,26.08
TX_1,HOBBIES_2_006,202545,24.84
TX_1,HOBBIES_2_006,202546,24.84
TX_1,HOBBIES_2_006,202547,24.84
TX_1,HOBBIES_2_006,202548,24.84
TX_1,HOBBIES_2_006,202549,24.84
TX_1,HOBBIES_2_006,202550,24.84
TX_1,HOBBIES_2_006,202551,24.84
TX_1,HOBBIES_2_006,202552,24.84
TX_1,HOBBIES_2_006,202501,26.08
TX_1,HOBBIES_2_006,202601,26.08
TX_1,HOBBIES_2_006,202602,24.84
TX_1,HOBBIES_2_006,202603,24.84
TX_1,HOBBIES_2_006,202604,24.84
TX_1,HOBBIES_2_006,202605,24.84
TX_1,HOBBIES_2_006,202606,24.84
TX_1,HOBBIES_2_006,202607,23.6
TX_1,HOBBIES_2_006,202608,24.84
TX_1,HOBBIES_2_006,202609,24.84
TX_1,HOBBIES_2_006,202610,24.84
TX_1,HOBBIES_2_006,202611,24.84
TX_1,HOBBIES_2_006,202612,24.84
TX_1,HOBBIES_2_006,202613,23.6
TX_1,HOBBIES_2_006,202614,24.84
TX_1,HOBBIES_2_006,202615,26.08
TX_1,HOBBIES_2_006,202616,24.84
TX_1,HOBBIES_2_006,202617,26.08
TX_1,HOBBIES_2_006,202618,26.08
TX_1,HOBBIES_2_006,202619,24.84
TX_1,HOBBIES_2_006,202620,22.35
TX_1,HOBBIES_2_007,202520,12.81
TX_1,HOBBIES_2_007,202521,14.23
TX_1,HOBBIES_2_007,202522,14.94
TX_1,HOBBIES_2_007,202523,12.81
TX_1,HOBBIES_2_007,202524,12.81
TX_1,HOBBIES_2_007,202525,13.52
TX_1,HOBBIES_2_007,202526,14.23
TX_1,HOBBIES_2_007,202527,14.23
TX_1,HOBBIES_2_007,202528,14.23
TX_1,HOBBIES_2_007,202529,14.23
TX_1,HOBBIES_2_007,202530,14.23
TX_1,HOBBIES_2_007,202531,14.23
TX_1,HOBBIES_2_007,202532,13.52
TX_1,HOBBIES_2_007,202533,14.94
TX_1,HOBBIES_2_007,202534,12.81
TX_1,HOBBIES_2_007,202535,13.52
TX_1,HOBBIES_2_007,202536,14.23
TX_1,HOBBIES_2_007,202537,14.23
TX_1,HOBBIES_2_007,202538,14.94
TX_1,HOBBIES_2_007,202539,14.23
TX_1,HOBBIES_2_007,202540,14.23
TX_1,HOBBIES_2_007,202541,14.23
TX_1,HOBBIES_2_007,202542,14.23
TX_1,HOBBIES_2_007,202543,14.23
TX_1,HOBBIES_2_007,202544,12.81
TX_1,HOBBIES_2_007,202545,12.81
TX_1,HOBBIES_2_007,202546,12.81
TX_1,HOBBIES_2_007,202547,14.23
TX_1,HOBBIES_2_007,202548,14.23
TX_1,HOBBIES_2_007,202549,14.23
TX_1,HOBBIES_2_007,202550,12.81
TX_1,HOBBIES_2_007,202551,13.52
TX_1,HOBBIES_2_007,202552,14.23
TX_1,HOBBIES_2_007,202501,14.23
TX_1,HOBBIES_2_007,202601,14.94
TX_1,HOBBIES_2_007,202602,14.23
TX_1,HOBBIES_2_007,202603,14.23
TX_1,HOBBIES_2_007,202604,14.23
TX_1,HOBBIES_2_007,202605,13.52
TX_1,HOBBIES_2_007,202606,12.81
TX_1,HOBBIES_2_007,202607,14.23
TX_1,HOBBIES_2_007,202608,14.23
TX_1,HOBBIES_2_007,202609,14.23
TX_1,HOBBIES_2_007,202610,14.23
TX_1,HOBBIES_2_007,202611,14.23
TX_1,HOBBIES_2_007,202612,14.23
TX_1,HOBBIES_2_007,202613,14.23
TX_1,HOBBIES_2_007,202614,14.23
TX_1,HOBBIES_2_007,202615,14.23
TX_1,HOBBIES_2_007,202616,14.23
TX_1,HOBBIES_2_007,202617,12.81
TX_1,HOBBIES_2_007,202618,14.23
TX_1,HOBBIES_2_007,202619,14.23
TX_1,HOBBIES_2_007,202620,14.23
TX_1,HOBBIES_2_008,202520,8.26
TX_1,HOBBIES_2_008,202521,7.43
TX_1,HOBBIES_2_008,202522,8.26
TX_1,HOBBIES_2_008,202523,8.26
TX_1,HOBBIES_2_008,202524,8.26
TX_1,HOBBIES_2_008,202525,8.26
TX_1,HOBBIES_2_008,202526,8.26
TX_1,HOBBIES_2_008,202527,8.26
TX_1,HOBBIES_2_008,202528,8.26
TX_1,HOBBIES_2_008,202529,8.26
TX_1,HOBBIES_2_008,202530,8.67
TX_1,HOBBIES_2_008,202531,8.26
TX_1,HOBBIES_2_008,202532,7.85
TX_1,HOBBIES_2_008,202533,7.43
TX_1,HOBBIES_2_008,202534,8.26
TX_1,HOBBIES_2_008,202535,8.26
TX_1,HOBBIES_2_008,202536,8.26
TX_1,HOBBIES_2_008,202537,8.26
TX_1,HOBBIES_2_008,202538,7.43
TX_1,HOBBIES_2_008,202539,8.67
TX_1,HOBBIES_2_008,202540,8.26
TX_1,HOBBIES_2_008,202541,8.26
TX_1,HOBBIES_2_008,202542,8.26
TX_1,HOBBIES_2_008,202543,7.85
TX_1,HOBBIES_2_008,202544,8.26
TX_1,HOBBIES_2_008,202545,7.85
TX_1,HOBBIES_2_008,202546,7.85
TX_1,HOBBIES_2_008,202547,8.26
TX_1,HOBBIES_2_008,202548,8.26
TX_1,HOBBIES_2_008,202549,8.26
TX_1,HOBBIES_2_008,202550,8.26
TX_1,HOBBIES_2_008,202551,8.26
TX_1,HOBBIES_2_008,202552,7.43
TX_1,HOBBIES_2_008,202501,8.26
TX_1,HOBBIES_2_008,202601,8.26
TX_1,HOBBIES_2_008,202602,8.26
TX_1,HOBBIES_2_008,202603,8.26
TX_1,HOBBIES_2_008,202604,8.26
TX_1,HOBBIES_2_008,202605,8.26
TX_1,HOBBIES_2_008,202606,8.26
TX_1,HOBBIES_2_008,202607,8.67
TX_1,HOBBIES_2_008,202608,7.43
TX_1,HOBBIES_2_008,202609,7.43
TX_1,HOBBIES_2_008,202610,8.26
TX_1,HOBBIES_2_008,202611,8.26
TX_1,HOBBIES_2_008,202612,8.26
TX_1,HOBBIES_2_008,202613,8.26
TX_1,HOBBIES_2_008,202614,8.26
TX_1,HOBBIES_2_008,202615,7.43
TX_1,HOBBIES_2_008,202616,8.26
TX_1,HOBBIES_2_008,202617,7.85
TX_1,HOBBIES_2_008,202618,8.26
TX_1,HOBBIES_2_008,202619,7.43
TX_1,HOBBIES_2_008,202620,8.26
TX_1,HOBBIES_2_009,202520,3.43
TX_1,HOBBIES_2_009,202521,3.43
TX_1,HOBBIES_2_009,202522,3.43
TX_1,HOBBIES_2_009,202523,3.09
TX_1,HOBBIES_2_009,202524,3.43
TX_1,HOBBIES_2_009,202525,3.43
TX_1,HOBBIES_2_009,202526,3.43
TX_1,HOBBIES_2_009,202527,3.43
TX_1,HOBBIES_2_009,202528,3.43
TX_1,HOBBIES_2_009,202529,3.43
TX_1,HOBBIES_2_009,202530,3.43
TX_1,HOBBIES_2_009,202531,3.26
TX_1,HOBBIES_2_009,202532,3.43
TX_1,HOBBIES_2_009,202533,3.43
TX_1,HOBBIES_2_009,202534,3.43
TX_1,HOBBIES_2_009,202535,3.09
TX_1,HOBBIES_2_009,202536,3.43
TX_1,HOBBIES_2_009,202537,3.26
TX_1,HOBBIES_2_009,202538,3.43
TX_1,HOBBIES_2_009,202539,3.43
TX_1,HOBBIES_2_009,202540,3.43
TX_1,HOBBIES_2_009,202541,3.26
TX_1,HOBBIES_2_009,202542,3.43
TX_1,HOBBIES_2_009,202543,3.43
TX_1,HOBBIES_2_009,202544,3.26
TX_1,HOBBIES_2_009,202545,3.43
TX_1,HOBBIES_2_009,202546,3.43
TX_1,HOBBIES_2_009,202547,3.43
TX_1,HOBBIES_2_009,202548,3.43
TX_1,HOBBIES_2_009,202549,3.43
TX_1,HOBBIES_2_009,202550,3.6
TX_1,HOBBIES_2_009,202551,3.43
TX_1,HOBBIES_2_009,202552,3.43
TX_1,HOBBIES_2_009,202501,3.43
TX_1,HOBBIES_2_009,202601,3.43
TX_1,HOBBIES_2_009,202602,3.43
TX_1,HOBBIES_2_009,202603,3.6
TX_1,HOBBIES_2_009,202604,3.43
TX_1,HOBBIES_2_009,202605,3.43
TX_1,HOBBIES_2_009,202606,3.43
TX_1,HOBBIES_2_009,202607,3.26
TX_1,HOBBIES_2_009,202608,3.43
TX_1,HOBBIES_2_009,202609,3.43
TX_1,HOBBIES_2_009,202610,3.6
TX_1,HOBBIES_2_009,202611,3.43
TX_1,HOBBIES_2_009,202612,3.26
TX_1,HOBBIES_2_009,202613,3.43
TX_1,HOBBIES_2_009,202614,3.43
TX_1,HOBBIES_2_009,202615,3.6
TX_1,HOBBIES_2_009,202616,3.43
TX_1,HOBBIES_2_009,202617,3.43
TX_1,HOBBIES_2_009,202618,3.09
TX_1,HOBBIES_2_009,202619,3.43
TX_1,HOBBIES_2_009,202620,3.26
TX_1,HOBBIES_2_010,202520,10.24
TX_1,HOBBIES_2_010,202521,9.75
TX_1,HOBBIES_2_010,202522,10.24
TX_1,HOBBIES_2_010,202523,8.77
TX_1,HOBBIES_2_010,202524,10.24
TX_1,HOBBIES_2_010,202525,8.77
TX_1,HOBBIES_2_010,202526,8.77
TX_1,HOBBIES_2_010,202527,9.75
TX_1,HOBBIES_2_010,202528,9.75
TX_1,HOBBIES_2_010,202529,9.75
TX_1,HOBBIES_2_010,202530,9.75
TX_1,HOBBIES_2_010,202531,9.75
TX_1,HOBBIES_2_010,202532,9.75
TX_1,HOBBIES_2_010,202533,9.75
TX_1,HOBBIES_2_010,202534,9.75
TX_1,HOBBIES_2_010,202535,9.75
TX_1,HOBBIES_2_010,202536,10.24
TX_1,HOBBIES_2_010,202537,9.75
TX_1,HOBBIES_2_010,202538,9.75
TX_1,HOBBIES_2_010,202539,9.75
TX_1,HOBBIES_2_010,202540,9.75
TX_1,HOBBIES_2_010,202541,9.75
TX_1,HOBBIES_2_010,202542,9.75
TX_1,HOBBIES_2_010,202543,9.75
TX_1,HOBBIES_2_010,202544,9.75
TX_1,HOBBIES_2_010,202545,9.26
TX_1,HOBBIES_2_010,202546,9.75
TX_1,HOBBIES_2_010,202547,9.75
TX_1,HOBBIES_2_010,202548,9.75
TX_1,HOBBIES_2_010,202549,9.75
TX_1,HOBBIES_2_010,202550,9.75
TX_1,HOBBIES_2_010,202551,9.75
TX_1,HOBBIES_2_010,202552,10.24
TX_1,HOBBIES_2_010,202501,9.75
TX_1,HOBBIES_2_010,202601,9.75
TX_1,HOBBIES_2_010,202602,9.75
TX_1,HOBBIES_2_010,202603,9.75
TX_1,HOBBIES_2_010,202604,9.75
TX_1,HOBBIES_2_010,202605,9.75
TX_1,HOBBIES_2_010,202606,9.26
TX_1,HOBBIES_2_010,202607,9.75
TX_1,HOBBIES_2_010,202608,9.75
TX_1,HOBBIES_2_010,202609,8.77
TX_1,HOBBIES_2_010,202610,9.75
TX_1,HOBBIES_2_010,202611,9.75
TX_1,HOBBIES_2_010,202612,9.26
TX_1,HOBBIES_2_010,202613,9.75
TX_1,HOBBIES_2_010,202614,9.75
TX_1,HOBBIES_2_010,202615,9.75
TX_1,HOBBIES_2_010,202616,8.77
TX_1,HOBBIES_2_010,202617,9.75
TX_1,HOBBIES_2_010,202618,9.75
TX_1,HOBBIES_2_010,202619,10.24
TX_1,HOBBIES_2_010,202620,8.77
TX_1,HOUSEHOLD_3_001,202520,25.16
TX_1,HOUSEHOLD_3_001,202521,25.16
TX_1,HOUSEHOLD_3_001,202522,25.16
TX_1,HOUSEHOLD_3_001,202523,25.16
TX_1,HOUSEHOLD_3_001,202524,26.42
TX_1,HOUSEHOLD_3_001,202525,25.16
TX_1,HOUSEHOLD_3_001,202526,22.65
TX_1,HOUSEHOLD_3_001,202527,22.65
TX_1,HOUSEHOLD_3_001,202528,25.16
TX_1,HOUSEHOLD_3_001,202529,25.16
TX_1,HOUSEHOLD_3_001,202530,25.16
TX_1,HOUSEHOLD_3_001,202531,22.65
TX_1,HOUSEHOLD_3_001,202532,25.16
TX_1,HOUSEHOLD_3_001,202533,26.42
TX_1,HOUSEHOLD_3_001,202534,25.16
TX_1,HOUSEHOLD_3_001,202535,25.16
TX_1,HOUSEHOLD_3_001,202536,26.42
TX_1,HOUSEHOLD_3_001,202537,25.16
TX_1,HOUSEHOLD_3_001,202538,23.91
TX_1,HOUSEHOLD_3_001,202539,25.16
TX_1,HOUSEHOLD_3_001,202540,25.16
TX_1,HOUSEHOLD_3_001,202541,25.16
TX_1,HOUSEHOLD_3_001,202542,25.16
TX_1,HOUSEHOLD_3_001,202543,22.65
TX_1,HOUSEHOLD_3_001,202544,23.91
TX_1,HOUSEHOLD_3_001,202545,22.65
TX_1,HOUSEHOLD_3_001,202546,25.16
TX_1,HOUSEHOLD_3_001,202547,26.42
TX_1,HOUSEHOLD_3_001,202548,26.42
TX_1,HOUSEHOLD_3_001,202549,25.16
TX_1,HOUSEHOLD_3_001,202550,25.16
TX_1,HOUSEHOLD_3_001,202551,25.16
TX_1,HOUSEHOLD_3_001,202552,22.65
TX_1,HOUSEHOLD_3_001,202501,25.16
TX_1,HOUSEHOLD_3_001,202601,26.42
TX_1,HOUSEHOLD_3_001,202602,22.65
TX_1,HOUSEHOLD_3_001,202603,25.16
TX_1,HOUSEHOLD_3_001,202604,25.16
TX_1,HOUSEHOLD_3_001,202605,25.16
TX_1,HOUSEHOLD_3_001,202606,25.16
TX_1,HOUSEHOLD_3_001,202607,25.16
TX_1,HOUSEHOLD_3_001,202608,23.91
TX_1,HOUSEHOLD_3_001,202609,25.16
TX_1,HOUSEHOLD_3_001,202610,23.91
TX_1,HOUSEHOLD_3_001,202611,25.16
TX_1,HOUSEHOLD_3_001,202612,22.65
TX_1,HOUSEHOLD_3_001,202613,23.91
TX_1,HOUSEHOLD_3_001,202614,26.42
TX_1,HOUSEHOLD_3_001,202615,25.16
TX_1,HOUSEHOLD_3_001,202616,26.42
TX_1,HOUSEHOLD_3_001,202617,25.16
TX_1,HOUSEHOLD_3_001,202618,25.16
TX_1,HOUSEHOLD_3_001,202619,25.16
TX_1,HOUSEHOLD_3_001,202620,26.42
TX_1,HOUSEHOLD_3_002,202520,3.51
TX_1,HOUSEHOLD_3_002,202521,3.51
TX_1,HOUSEHOLD_3_002,202522,3.16
TX_1,HOUSEHOLD_3_002,202523,3.51
TX_1,HOUSEHOLD_3_002,202524,3.51
TX_1,HOUSEHOLD_3_002,202525,3.51
TX_1,HOUSEHOLD_3_002,202526,3.16
TX_1,HOUSEHOLD_3_002,202527,3.51
TX_1,HOUSEHOLD_3_002,202528,3.51
TX_1,HOUSEHOLD_3_002,202529,3.51
TX_1,HOUSEHOLD_3_002,202530,3.51
TX_1,HOUSEHOLD_3_002,202531,3.69
TX_1,HOUSEHOLD_3_002,202532,3.51
TX_1,HOUSEHOLD_3_002,202533,3.51
TX_1,HOUSEHOLD_3_002,202534,3.16
TX_1,HOUSEHOLD_3_002,202535,3.51
TX_1,HOUSEHOLD_3_002,202536,3.34
TX_1,HOUSEHOLD_3_002,202537,3.51
TX_1,HOUSEHOLD_3_002,202538,3.69
TX_1,HOUSEHOLD_3_002,202539,3.16
TX_1,HOUSEHOLD_3_002,202540,3.16
TX_1,HOUSEHOLD_3_002,202541,3.51
TX_1,HOUSEHOLD_3_002,202542,3.51
TX_1,HOUSEHOLD_3_002,202543,3.51
TX_1,HOUSEHOLD_3_002,202544,3.16
TX_1,HOUSEHOLD_3_002,202545,3.51
TX_1,HOUSEHOLD_3_002,202546,3.51
TX_1,HOUSEHOLD_3_002,202547,3.34
TX_1,HOUSEHOLD_3_002,202548,3.51
TX_1,HOUSEHOLD_3_002,202549,3.51
TX_1,HOUSEHOLD_3_002,202550,3.51
TX_1,HOUSEHOLD_3_002,202551,3.69
TX_1,HOUSEHOLD_3_002,202552,3.69
TX_1,HOUSEHOLD_3_002,202501,3.51
TX_1,HOUSEHOLD_3_002,202601,3.51
TX_1,HOUSEHOLD_3_002,202602,3.51
TX_1,HOUSEHOLD_3_002,202603,3.51
TX_1,HOUSEHOLD_3_002,202604,3.51
TX_1,HOUSEHOLD_3_002,202605,3.51
TX_1,HOUSEHOLD_3_002,202606,3.51
TX_1,HOUSEHOLD_3_002,202607,3.51
TX_1,HOUSEHOLD_3_002,202608,3.51
TX_1,HOUSEHOLD_3_002,202609,3.51
TX_1,HOUSEHOLD_3_002,202610,3.51
TX_1,HOUSEHOLD_3_002,202611,3.51
TX_1,HOUSEHOLD_3_002,202612,3.51
TX_1,HOUSEHOLD_3_002,202613,3.51
TX_1,HOUSEHOLD_3_002,202614,3.51
TX_1,HOUSEHOLD_3_002,202615,3.51
TX_1,HOUSEHOLD_3_002,202616,3.69
TX_1,HOUSEHOLD_3_002,202617,3.51
TX_1,HOUSEHOLD_3_002,202618,3.51
TX_1,HOUSEHOLD_3_002,202619,3.51
TX_1,HOUSEHOLD_3_002,202620,3.34
TX_1,HOUSEHOLD_3_003,202520,28.53
TX_1,HOUSEHOLD_3_003,202521,28.53
TX_1,HOUSEHOLD_3_003,202522,28.53
TX_1,HOUSEHOLD_3_003,202523,28.53
TX_1,HOUSEHOLD_3_003,202524,25.68
TX_1,HOUSEHOLD_3_003,202525,28.53
TX_1,HOUSEHOLD_3_003,202526,27.11
TX_1,HOUSEHOLD_3_003,202527,28.53
TX_1,HOUSEHOLD_3_003,202528,28.53
TX_1,HOUSEHOLD_3_003,202529,28.53
TX_1,HOUSEHOLD_3_003,202530,28.53
TX_1,HOUSEHOLD_3_003,202531,27.11
TX_1,HOUSEHOLD_3_003,202532,28.53
TX_1,HOUSEHOLD_3_003,202533,28.53
TX_1,HOUSEHOLD_3_003,202534,28.53
TX_1,HOUSEHOLD_3_003,202535,27.11
TX_1,HOUSEHOLD_3_003,202536,27.11
TX_1,HOUSEHOLD_3_003,202537,27.11
TX_1,HOUSEHOLD_3_003,202538,27.11
TX_1,HOUSEHOLD_3_003,202539,28.53
TX_1,HOUSEHOLD_3_003,202540,28.53
TX_1,HOUSEHOLD_3_003,202541,25.68
TX_1,HOUSEHOLD_3_003,202542,27.11
TX_1,HOUSEHOLD_3_003,202543,28.53
TX_1,HOUSEHOLD_3_003,202544,28.53
TX_1,HOUSEHOLD_3_003,202545,28.53
TX_1,HOUSEHOLD_3_003,202546,28.53
TX_1,HOUSEHOLD_3_003,202547,28.53
TX_1,HOUSEHOLD_3_003,202548,28.53
TX_1,HOUSEHOLD_3_003,202549,28.53
TX_1,HOUSEHOLD_3_003,202550,27.11
TX_1,HOUSEHOLD_3_003,202551,27.11
TX_1,HOUSEHOLD_3_003,202552,28.53
TX_1,HOUSEHOLD_3_003,202501,28.53
TX_1,HOUSEHOLD_3_003,202601,28.53
TX_1,HOUSEHOLD_3_003,202602,28.53
TX_1,HOUSEHOLD_3_003,202603,28.53
TX_1,HOUSEHOLD_3_003,202604,28.53
TX_1,HOUSEHOLD_3_003,202605,28.53
TX_1,HOUSEHOLD_3_003,202606,28.53
TX_1,HOUSEHOLD_3_003,202607,28.53
TX_1,HOUSEHOLD_3_003,202608,28.53
TX_1,HOUSEHOLD_3_003,202609,27.11
TX_1,HOUSEHOLD_3_003,202610,28.53
TX_1,HOUSEHOLD_3_003,202611,28.53
TX_1,HOUSEHOLD_3_003,202612,28.53
TX_1,HOUSEHOLD_3_003,202613,28.53
TX_1,HOUSEHOLD_3_003,202614,27.11
TX_1,HOUSEHOLD_3_003,202615,28.53
TX_1,HOUSEHOLD_3_003,202616,28.53
TX_1,HOUSEHOLD_3_003,202617,28.53
TX_1,HOUSEHOLD_3_003,202618,28.53
TX_1,HOUSEHOLD_3_003,202619,28.53
TX_1,HOUSEHOLD_3_003,202620,28.53
TX_1,HOUSEHOLD_3_004,202520,22.66
TX_1,HOUSEHOLD_3_004,202521,20.39
TX_1,HOUSEHOLD_3_004,202522,22.66
TX_1,HOUSEHOLD_3_004,202523,22.66
TX_1,HOUSEHOLD_3_004,202524,22.66
TX_1,HOUSEHOLD_3_004,202525,22.66
TX_1,HOUSEHOLD_3_004,202526,20.39
TX_1,HOUSEHOLD_3_004,202527,22.66
TX_1,HOUSEHOLD_3_004,202528,22.66
TX_1,HOUSEHOLD_3_004,202529,22.66
TX_1,HOUSEHOLD_3_004,202530,22.66
TX_1,HOUSEHOLD_3_004,202531,22.66
TX_1,HOUSEHOLD_3_004,202532,22.66
TX_1,HOUSEHOLD_3_004,202533,22.66
TX_1,HOUSEHOLD_3_004,202534,22.66
TX_1,HOUSEHOLD_3_004,202535,22.66
TX_1,HOUSEHOLD_3_004,202536,23.79
TX_1,HOUSEHOLD_3_004,202537,22.66
TX_1,HOUSEHOLD_3_004,202538,22.66
TX_1,HOUSEHOLD_3_004,202539,22.66
TX_1,HOUSEHOLD_3_004,202540,22.66
TX_1,HOUSEHOLD_3_004,202541,22.66
TX_1,HOUSEHOLD_3_004,202542,23.79
TX_1,HOUSEHOLD_3_004,202543,21.53
TX_1,HOUSEHOLD_3_004,202544,20.39
TX_1,HOUSEHOLD_3_004,202545,22.66
TX_1,HOUSEHOLD_3_004,202546,22.66
TX_1,HOUSEHOLD_3_004,202547,22.66
TX_1,HOUSEHOLD_3_004,202548,22.66
TX_1,HOUSEHOLD_3_004,202549,22.66
TX_1,HOUSEHOLD_3_004,202550,22.66
TX_1,HOUSEHOLD_3_004,202551,20.39
TX_1,HOUSEHOLD_3_004,202552,20.39
TX_1,HOUSEHOLD_3_004,202501,22.66
TX_1,HOUSEHOLD_3_004,202601,22.66
TX_1,HOUSEHOLD_3_004,202602,22.66
TX_1,HOUSEHOLD_3_004,202603,22.66
TX_1,HOUSEHOLD_3_004,202604,21.53
TX_1,HOUSEHOLD_3_004,202605,22.66
TX_1,HOUSEHOLD_3_004,202606,22.66
TX_1,HOUSEHOLD_3_004,202607,22.66
TX_1,HOUSEHOLD_3_004,202608,20.39
TX_1,HOUSEHOLD_3_004,202609,22.66
TX_1,HOUSEHOLD_3_004,202610,22.66
TX_1,HOUSEHOLD_3_004,202611,21.53
TX_1,HOUSEHOLD_3_004,202612,22.66
TX_1,HOUSEHOLD_3_004,202613,22.66
TX_1,HOUSEHOLD_3_004,202614,22.66
TX_1,HOUSEHOLD_3_004,202615,22.66
TX_1,HOUSEHOLD_3_004,202616,20.39
TX_1,HOUSEHOLD_3_004,202617,21.53
TX_1,HOUSEHOLD_3_004,202618,22.66
TX_1,HOUSEHOLD_3_004,202619,22.66
TX_1,HOUSEHOLD_3_004,202620,22.66
TX_1,HOUSEHOLD_3_005,202520,16.14
TX_1,HOUSEHOLD_3_005,202521,15.37
TX_1,HOUSEHOLD_3_005,202522,15.37
TX_1,HOUSEHOLD_3_005,202523,15.37
TX_1,HOUSEHOLD_3_005,202524,15.37
TX_1,HOUSEHOLD_3_005,202525,15.37
TX_1,HOUSEHOLD_3_005,202526,15.37
TX_1,HOUSEHOLD_3_005,202527,15.37
TX_1,HOUSEHOLD_3_005,202528,15.37
TX_1,HOUSEHOLD_3_005,202529,15.37
TX_1,HOUSEHOLD_3_005,202530,15.37
TX_1,HOUSEHOLD_3_005,202531,15.37
TX_1,HOUSEHOLD_3_005,202532,14.61
TX_1,HOUSEHOLD_3_005,202533,14.61
TX_1,HOUSEHOLD_3_005,202534,15.37
TX_1,HOUSEHOLD_3_005,202535,15.37
TX_1,HOUSEHOLD_3_005,202536,14.61
TX_1,HOUSEHOLD_3_005,202537,15.37
TX_1,HOUSEHOLD_3_005,202538,15.37
TX_1,HOUSEHOLD_3_005,202539,15.37
TX_1,HOUSEHOLD_3_005,202540,15.37
TX_1,HOUSEHOLD_3_005,202541,13.84
TX_1,HOUSEHOLD_3_005,202542,15.37
TX_1,HOUSEHOLD_3_005,202543,14.61
TX_1,HOUSEHOLD_3_005,202544,15.37
TX_1,HOUSEHOLD_3_005,202545,15.37
TX_1,HOUSEHOLD_3_005,202546,15.37
TX_1,HOUSEHOLD_3_005,202547,15.37
TX_1,HOUSEHOLD_3_005,202548,15.37
TX_1,HOUSEHOLD_3_005,202549,13.84
TX_1,HOUSEHOLD_3_005,202550,13.84
TX_1,HOUSEHOLD_3_005,202551,13.84
TX_1,HOUSEHOLD_3_005,202552,15.37
TX_1,HOUSEHOLD_3_005,202501,16.14
TX_1,HOUSEHOLD_3_005,202601,13.84
TX_1,HOUSEHOLD_3_005,202602,14.61
TX_1,HOUSEHOLD_3_005,202603,15.37
TX_1,HOUSEHOLD_3_005,202604,15.37
TX_1,HOUSEHOLD_3_005,202605,15.37
TX_1,HOUSEHOLD_3_005,202606,15.37
TX_1,HOUSEHOLD_3_005,202607,15.37
TX_1,HOUSEHOLD_3_005,202608,13.84
TX_1,HOUSEHOLD_3_005,202609,15.37
TX_1,HOUSEHOLD_3_005,202610,15.37
TX_1,HOUSEHOLD_3_005,202611,15.37
TX_1,HOUSEHOLD_3_005,202612,15.37
TX_1,HOUSEHOLD_3_005,202613,15.37
TX_1,HOUSEHOLD_3_005,202614,15.37
TX_1,HOUSEHOLD_3_005,202615,15.37
TX_1,HOUSEHOLD_3_005,202616,13.84
TX_1,HOUSEHOLD_3_005,202617,15.37
TX_1,HOUSEHOLD_3_005,202618,16.14
TX_1,HOUSEHOLD_3_005,202619,15.37
TX_1,HOUSEHOLD_3_005,202620,15.37
TX_1,HOUSEHOLD_3_006,202520,11.43
TX_1,HOUSEHOLD_3_006,202521,11.43
TX_1,HOUSEHOLD_3_006,202522,11.43
TX_1,HOUSEHOLD_3_006,202523,11.43
TX_1,HOUSEHOLD_3_006,202524,11.43
TX_1,HOUSEHOLD_3_006,202525,10.86
TX_1,HOUSEHOLD_3_006,202526,11.43
TX_1,HOUSEHOLD_3_006,202527,10.86
TX_1,HOUSEHOLD_3_006,202528,11.43
TX_1,HOUSEHOLD_3_006,202529,10.86
TX_1,HOUSEHOLD_3_006,202530,12.0
TX_1,HOUSEHOLD_3_006,202531,12.0
TX_1,HOUSEHOLD_3_006,202532,11.43
TX_1,HOUSEHOLD_3_006,202533,11.43
TX_1,HOUSEHOLD_3_006,202534,12.0
TX_1,HOUSEHOLD_3_006,202535,11.43
TX_1,HOUSEHOLD_3_006,202536,11.43
TX_1,HOUSEHOLD_3_006,202537,11.43
TX_1,HOUSEHOLD_3_006,202538,12.0
TX_1,HOUSEHOLD_3_006,202539,11.43
TX_1,HOUSEHOLD_3_006,202540,11.43
TX_1,HOUSEHOLD_3_006,202541,11.43
TX_1,HOUSEHOLD_3_006,202542,11.43
TX_1,HOUSEHOLD_3_006,202543,11.43
TX_1,HOUSEHOLD_3_006,202544,11.43
TX_1,HOUSEHOLD_3_006,202545,11.43
TX_1,HOUSEHOLD_3_006,202546,12.0
TX_1,HOUSEHOLD_3_006,202547,11.43
TX_1,HOUSEHOLD_3_006,202548,11.43
TX_1,HOUSEHOLD_3_006,202549,11.43
TX_1,HOUSEHOLD_3_006,202550,11.43
TX_1,HOUSEHOLD_3_006,202551,11.43
TX_1,HOUSEHOLD_3_006,202552,11.43
TX_1,HOUSEHOLD_3_006,202501,10.29
TX_1,HOUSEHOLD_3_006,202601,11.43
TX_1,HOUSEHOLD_3_006,202602,12.0
TX_1,HOUSEHOLD_3_006,202603,11.43
TX_1,HOUSEHOLD_3_006,202604,11.43
TX_1,HOUSEHOLD_3_006,202605,11.43
TX_1,HOUSEHOLD_3_006,202606,11.43
TX_1,HOUSEHOLD_3_006,202607,11.43
TX_1,HOUSEHOLD_3_006,202608,11.43
TX_1,HOUSEHOLD_3_006,202609,10.29
TX_1,HOUSEHOLD_3_006,202610,11.43
TX_1,HOUSEHOLD_3_006,202611,10.29
TX_1,HOUSEHOLD_3_006,202612,11.43
TX_1,HOUSEHOLD_3_006,202613,11.43
TX_1,HOUSEHOLD_3_006,202614,11.43
TX_1,HOUSEHOLD_3_006,202615,12.0
TX_1,HOUSEHOLD_3_006,202616,11.43
TX_1,HOUSEHOLD_3_006,202617,11.43
TX_1,HOUSEHOLD_3_006,202618,11.43
TX_1,HOUSEHOLD_3_006,202619,11.43
TX_1,HOUSEHOLD_3_006,202620,10.29
TX_1,HOUSEHOLD_3_007,202520,4.07
TX_1,HOUSEHOLD_3_007,202521,4.27
TX_1,HOUSEHOLD_3_007,202522,3.66
TX_1,HOUSEHOLD_3_007,202523,4.07
TX_1,HOUSEHOLD_3_007,202524,4.07
TX_1,HOUSEHOLD_3_007,202525,4.27
TX_1,HOUSEHOLD_3_007,202526,4.07
TX_1,HOUSEHOLD_3_007,202527,4.07
TX_1,HOUSEHOLD_3_007,202528,4.07
TX_1,HOUSEHOLD_3_007,202529,4.07
TX_1,HOUSEHOLD_3_007,202530,3.87
TX_1,HOUSEHOLD_3_007,202531,4.07
TX_1,HOUSEHOLD_3_007,202532,3.66
TX_1,HOUSEHOLD_3_007,202533,3.87
TX_1,HOUSEHOLD_3_007,202534,4.07
TX_1,HOUSEHOLD_3_007,202535,4.07
TX_1,HOUSEHOLD_3_007,202536,4.27
TX_1,HOUSEHOLD_3_007,202537,4.07
TX_1,HOUSEHOLD_3_007,202538,4.07
TX_1,HOUSEHOLD_3_007,202539,4.07
TX_1,HOUSEHOLD_3_007,202540,4.07
TX_1,HOUSEHOLD_3_007,202541,4.07
TX_1,HOUSEHOLD_3_007,202542,3.66
TX_1,HOUSEHOLD_3_007,202543,4.27
TX_1,HOUSEHOLD_3_007,202544,3.87
TX_1,HOUSEHOLD_3_007,202545,4.07
TX_1,HOUSEHOLD_3_007,202546,4.07
TX_1,HOUSEHOLD_3_007,202547,4.27
TX_1,HOUSEHOLD_3_007,202548,4.07
TX_1,HOUSEHOLD_3_007,202549,4.07
TX_1,HOUSEHOLD_3_007,202550,4.07
TX_1,HOUSEHOLD_3_007,202551,4.07
TX_1,HOUSEHOLD_3_007,202552,3.66
TX_1,HOUSEHOLD_3_007,202501,4.27
TX_1,HOUSEHOLD_3_007,202601,4.07
TX_1,HOUSEHOLD_3_007,202602,4.07
TX_1,HOUSEHOLD_3_007,202603,4.07
TX_1,HOUSEHOLD_3_007,202604,4.07
TX_1,HOUSEHOLD_3_007,202605,4.07
TX_1,HOUSEHOLD_3_007,202606,4.27
TX_1,HOUSEHOLD_3_007,202607,4.07
TX_1,HOUSEHOLD_3_007,202608,4.07
TX_1,HOUSEHOLD_3_007,202609,4.07
TX_1,HOUSEHOLD_3_007,202610,3.87
TX_1,HOUSEHOLD_3_007,202611,4.07
TX_1,HOUSEHOLD_3_007,202612,4.07
TX_1,HOUSEHOLD_3_007,202613,4.07
TX_1,HOUSEHOLD_3_007,202614,4.07
TX_1,HOUSEHOLD_3_007,202615,4.07
TX_1,HOUSEHOLD_3_007,202616,4.27
TX_1,HOUSEHOLD_3_007,202617,3.87
TX_1,HOUSEHOLD_3_007,202618,4.07
TX_1,HOUSEHOLD_3_007,202619,4.07
TX_1,HOUSEHOLD_3_007,202620,4.27
TX_1,HOUSEHOLD_3_008,202520,15.08
TX_1,HOUSEHOLD_3_008,202521,13.57
TX_1,HOUSEHOLD_3_008,202522,15.08
TX_1,HOUSEHOLD_3_008,202523,15.08
TX_1,HOUSEHOLD_3_008,202524,15.08
TX_1,HOUSEHOLD_3_008,202525,15.08
TX_1,HOUSEHOLD_3_008,202526,15.08
TX_1,HOUSEHOLD_3_008,202527,14.32
TX_1,HOUSEHOLD_3_008,202528,15.08
TX_1,HOUSEHOLD_3_008,202529,15.83
TX_1,HOUSEHOLD_3_008,202530,15.08
TX_1,HOUSEHOLD_3_008,202531,14.32
TX_1,HOUSEHOLD_3_008,202532,15.08
TX_1,HOUSEHOLD_3_008,202533,15.08
TX_1,HOUSEHOLD_3_008,202534,15.08
TX_1,HOUSEHOLD_3_008,202535,15.08
TX_1,HOUSEHOLD_3_008,202536,13.57
TX_1,HOUSEHOLD_3_008,202537,14.32
TX_1,HOUSEHOLD_3_008,202538,15.08
TX_1,HOUSEHOLD_3_008,202539,13.57
TX_1,HOUSEHOLD_3_008,202540,15.08
TX_1,HOUSEHOLD_3_008,202541,13.57
TX_1,HOUSEHOLD_3_008,202542,15.08
TX_1,HOUSEHOLD_3_008,202543,15.83
TX_1,HOUSEHOLD_3_008,202544,15.08
TX_1,HOUSEHOLD_3_008,202545,15.08
TX_1,HOUSEHOLD_3_008,202546,13.57
TX_1,HOUSEHOLD_3_008,202547,14.32
TX_1,HOUSEHOLD_3_008,202548,15.08
TX_1,HOUSEHOLD_3_008,202549,15.08
TX_1,HOUSEHOLD_3_008,202550,14.32
TX_1,HOUSEHOLD_3_008,202551,15.08
TX_1,HOUSEHOLD_3_008,202552,15.08
TX_1,HOUSEHOLD_3_008,202501,14.32
TX_1,HOUSEHOLD_3_008,202601,15.08
TX_1,HOUSEHOLD_3_008,202602,15.08
TX_1,HOUSEHOLD_3_008,202603,13.57
TX_1,HOUSEHOLD_3_008,202604,15.08
TX_1,HOUSEHOLD_3_008,202605,15.08
TX_1,HOUSEHOLD_3_008,202606,14.32
TX_1,HOUSEHOLD_3_008,202607,15.83
TX_1,HOUSEHOLD_3_008,202608,15.08
TX_1,HOUSEHOLD_3_008,202609,15.08
TX_1,HOUSEHOLD_3_008,202610,13.57
TX_1,HOUSEHOLD_3_008,202611,15.08
TX_1,HOUSEHOLD_3_008,202612,15.08
TX_1,HOUSEHOLD_3_008,202613,15.08
TX_1,HOUSEHOLD_3_008,202614,15.08
TX_1,HOUSEHOLD_3_008,202615,15.08
TX_1,HOUSEHOLD_3_008,202616,14.32
TX_1,HOUSEHOLD_3_008,202617,15.08
TX_1,HOUSEHOLD_3_008,202618,15.08
TX_1,HOUSEHOLD_3_008,202619,14.32
TX_1,HOUSEHOLD_3_008,202620,13.57
TX_1,HOUSEHOLD_3_009,202520,24.64
TX_1,HOUSEHOLD_3_009,202521,24.64
TX_1,HOUSEHOLD_3_009,202522,24.64
TX_1,HOUSEHOLD_3_009,202523,23.41
TX_1,HOUSEHOLD_3_009,202524,24.64
TX_1,HOUSEHOLD_3_009,202525,23.41
TX_1,HOUSEHOLD_3_009,202526,24.64
TX_1,HOUSEHOLD_3_009,202527,24.64
TX_1,HOUSEHOLD_3_009,202528,22.17
TX_1,HOUSEHOLD_3_009,202529,24.64
TX_1,HOUSEHOLD_3_009,202530,24.64
TX_1,HOUSEHOLD_3_009,202531,24.64
TX_1,HOUSEHOLD_3_009,202532,24.64
TX_1,HOUSEHOLD_3_009,202533,24.64
TX_1,HOUSEHOLD_3_009,202534,24.64
TX_1,HOUSEHOLD_3_009,202535,24.64
TX_1,HOUSEHOLD_3_009,202536,24.64
TX_1,HOUSEHOLD_3_009,202537,24.64
TX_1,HOUSEHOLD_3_009,202538,24.64
TX_1,HOUSEHOLD_3_009,202539,24.64
TX_1,HOUSEHOLD_3_009,202540,23.41
TX_1,HOUSEHOLD_3_009,202541,24.64
TX_1,HOUSEHOLD_3_009,202542,24.64
TX_1,HOUSEHOLD_3_009,202543,24.64
TX_1,HOUSEHOLD_3_009,202544,23.41
TX_1,HOUSEHOLD_3_009,202545,24.64
TX_1,HOUSEHOLD_3_009,202546,24.64
TX_1,HOUSEHOLD_3_009,202547,24.64
TX_1,HOUSEHOLD_3_009,202548,24.64
TX_1,HOUSEHOLD_3_009,202549,25.87
TX_1,HOUSEHOLD_3_009,202550,24.64
TX_1,HOUSEHOLD_3_009,202551,24.64
TX_1,HOUSEHOLD_3_009,202552,24.64
TX_1,HOUSEHOLD_3_009,202501,23.41
TX_1,HOUSEHOLD_3_009,202601,24.64
TX_1,HOUSEHOLD_3_009,202602,22.17
TX_1,HOUSEHOLD_3_009,202603,22.17
TX_1,HOUSEHOLD_3_009,202604,25.87
TX_1,HOUSEHOLD_3_009,202605,22.17
TX_1,HOUSEHOLD_3_009,202606,24.64
TX_1,HOUSEHOLD_3_009,202607,24.64
TX_1,HOUSEHOLD_3_009,202608,24.64
TX_1,HOUSEHOLD_3_009,202609,24.64
TX_1,HOUSEHOLD_3_009,202610,24.64
TX_1,HOUSEHOLD_3_009,202611,24.64
TX_1,HOUSEHOLD_3_009,202612,24.64
TX_1,HOUSEHOLD_3_009,202613,24.64
TX_1,HOUSEHOLD_3_009,202614,24.64
TX_1,HOUSEHOLD_3_009,202615,25.87
TX_1,HOUSEHOLD_3_009,202616,24.64
TX_1,HOUSEHOLD_3_009,202617,23.41
TX_1,HOUSEHOLD_3_009,202618,24.64
TX_1,HOUSEHOLD_3_009,202619,24.64
TX_1,HOUSEHOLD_3_009,202620,24.64
TX_1,HOUSEHOLD_3_010,202520,2.35
TX_1,HOUSEHOLD_3_010,202521,2.35
TX_1,HOUSEHOLD_3_010,202522,2.35
TX_1,HOUSEHOLD_3_010,202523,2.35
TX_1,HOUSEHOLD_3_010,202524,2.11
TX_1,HOUSEHOLD_3_010,202525,2.35
TX_1,HOUSEHOLD_3_010,202526,2.35
TX_1,HOUSEHOLD_3_010,202527,2.35
TX_1,HOUSEHOLD_3_010,202528,2.35
TX_1,HOUSEHOLD_3_010,202529,2.35
TX_1,HOUSEHOLD_3_010,202530,2.23
TX_1,HOUSEHOLD_3_010,202531,2.35
TX_1,HOUSEHOLD_3_010,202532,2.35
TX_1,HOUSEHOLD_3_010,202533,2.35
TX_1,HOUSEHOLD_3_010,202534,2.46
TX_1,HOUSEHOLD_3_010,202535,2.35
TX_1,HOUSEHOLD_3_010,202536,2.35
TX_1,HOUSEHOLD_3_010,202537,2.46
TX_1,HOUSEHOLD_3_010,202538,2.35
TX_1,HOUSEHOLD_3_010,202539,2.11
TX_1,HOUSEHOLD_3_010,202540,2.11
TX_1,HOUSEHOLD_3_010,202541,2.35
TX_1,HOUSEHOLD_3_010,202542,2.35
TX_1,HOUSEHOLD_3_010,202543,2.35
TX_1,HOUSEHOLD_3_010,202544,2.11
TX_1,HOUSEHOLD_3_010,202545,2.46
TX_1,HOUSEHOLD_3_010,202546,2.35
TX_1,HOUSEHOLD_3_010,202547,2.46
TX_1,HOUSEHOLD_3_010,202548,2.35
TX_1,HOUSEHOLD_3_010,202549,2.35
TX_1,HOUSEHOLD_3_010,202550,2.46
TX_1,HOUSEHOLD_3_010,202551,2.35
TX_1,HOUSEHOLD_3_010,202552,2.23
TX_1,HOUSEHOLD_3_010,202501,2.35
TX_1,HOUSEHOLD_3_010,202601,2.35
TX_1,HOUSEHOLD_3_010,202602,2.35
TX_1,HOUSEHOLD_3_010,202603,2.35
TX_1,HOUSEHOLD_3_010,202604,2.11
TX_1,HOUSEHOLD_3_010,202605,2.35
TX_1,HOUSEHOLD_3_010,202606,2.35
TX_1,HOUSEHOLD_3_010,202607,2.35
TX_1,HOUSEHOLD_3_010,202608,2.35
TX_1,HOUSEHOLD_3_010,202609,2.23
TX_1,HOUSEHOLD_3_010,202610,2.35
TX_1,HOUSEHOLD_3_010,202611,2.35
TX_1,HOUSEHOLD_3_010,202612,2.23
TX_1,HOUSEHOLD_3_010,202613,2.35
TX_1,HOUSEHOLD_3_010,202614,2.35
TX_1,HOUSEHOLD_3_010,202615,2.35
TX_1,HOUSEHOLD_3_010,202616,2.35
TX_1,HOUSEHOLD_3_010,202617,2.35
TX_1,HOUSEHOLD_3_010,202618,2.35
TX_1,HOUSEHOLD_3_010,202619,2.23
TX_1,HOUSEHOLD_3_010,202620,2.35
TX_2,FOODS_1_001,202520,9.39
TX_2,FOODS_1_001,202521,9.86
TX_2,FOODS_1_001,202522,9.39
TX_2,FOODS_1_001,202523,9.39
TX_2,FOODS_1_001,202524,9.39
TX_2,FOODS_1_001,202525,8.92
TX_2,FOODS_1_001,202526,8.45
TX_2,FOODS_1_001,202527,9.39
TX_2,FOODS_1_001,202528,9.39
TX_2,FOODS_1_001,202529,9.39
TX_2,FOODS_1_001,202530,9.39
TX_2,FOODS_1_001,202531,9.39
TX_2,FOODS_1_001,202532,9.39
TX_2,FOODS_1_001,202533,9.39
TX_2,FOODS_1_001,202534,9.39
TX_2,FOODS_1_001,202535,9.39
TX_2,FOODS_1_001,202536,9.39
TX_2,FOODS_1_001,202537,8.92
TX_2,FOODS_1_001,202538,9.39
TX_2,FOODS_1_001,202539,9.39
TX_2,FOODS_1_001,202540,9.39
TX_2,FOODS_1_001,202541,9.39
TX_2,FOODS_1_001,202542,9.39
TX_2,FOODS_1_001,202543,9.39
TX_2,FOODS_1_001,202544,9.39
TX_2,FOODS_1_001,202545,9.39
TX_2,FOODS_1_001,202546,9.39
TX_2,FOODS_1_001,202547,9.39
TX_2,FOODS_1_001,202548,9.39
TX_2,FOODS_1_001,202549,9.86
TX_2,FOODS_1_001,202550,9.39
TX_2,FOODS_1_001,202551,9.39
TX_2,FOODS_1_001,202552,9.39
TX_2,FOODS_1_001,202501,9.86
TX_2,FOODS_1_001,202601,9.39
TX_2,FOODS_1_001,202602,9.39
TX_2,FOODS_1_001,202603,8.45
TX_2,FOODS_1_001,202604,8.92
TX_2,FOODS_1_001,202605,9.39
TX_2,FOODS_1_001,202606,9.39
TX_2,FOODS_1_001,202607,9.39
TX_2,FOODS_1_001,202608,9.39
TX_2,FOODS_1_001,202609,9.39
TX_2,FOODS_1_001,202610,9.86
TX_2,FOODS_1_001,202611,9.39
TX_2,FOODS_1_001,202612,9.39
TX_2,FOODS_1_001,202613,9.39
TX_2,FOODS_1_001,202614,9.86
TX_2,FOODS_1_001,202615,9.39
TX_2,FOODS_1_001,202616,9.39
TX_2,FOODS_1_001,202617,9.86
TX_2,FOODS_1_001,202618,9.39
TX_2,FOODS_1_001,202619,8.45
TX_2,FOODS_1_001,202620,9.39
TX_2,FOODS_1_002,202520,25.99
TX_2,FOODS_1_002,202521,27.36
TX_2,FOODS_1_002,202522,27.36
TX_2,FOODS_1_002,202523,27.36
TX_2,FOODS_1_002,202524,27.36
TX_2,FOODS_1_002,202525,24.62
TX_2,FOODS_1_002,202526,27.36
TX_2,FOODS_1_002,202527,24.62
TX_2,FOODS_1_002,202528,27.36
TX_2,FOODS_1_002,202529,28.72
TX_2,FOODS_1_002,202530,27.36
TX_2,FOODS_1_002,202531,28.72
TX_2,FOODS_1_002,202532,27.36
TX_2,FOODS_1_002,202533,27.36
TX_2,FOODS_1_002,202534,25.99
TX_2,FOODS_1_002,202535,27.36
TX_2,FOODS_1_002,202536,27.36
TX_2,FOODS_1_002,202537,25.99
TX_2,FOODS_1_002,202538,27.36
TX_2,FOODS_1_002,202539,27.36
TX_2,FOODS_1_002,202540,27.36
TX_2,FOODS_1_002,202541,27.36
TX_2,FOODS_1_002,202542,24.62
TX_2,FOODS_1_002,202543,27.36
TX_2,FOODS_1_002,202544,27.36
TX_2,FOODS_1_002,202545,27.36
TX_2,FOODS_1_002,202546,25.99
TX_2,FOODS_1_002,202547,27.36
TX_2,FOODS_1_002,202548,28.72
TX_2,FOODS_1_002,202549,27.36
TX_2,FOODS_1_002,202550,27.36
TX_2,FOODS_1_002,202551,28.72
TX_2,FOODS_1_002,202552,28.72
TX_2,FOODS_1_002,202501,27.36
TX_2,FOODS_1_002,202601,25.99
TX_2,FOODS_1_002,202602,25.99
TX_2,FOODS_1_002,202603,28.72
TX_2,FOODS_1_002,202604,27.36
TX_2,FOODS_1_002,202605,27.36
TX_2,FOODS_1_002,202606,24.62
TX_2,FOODS_1_002,202607,28.72
TX_2,FOODS_1_002,202608,27.36
TX_2,FOODS_1_002,202609,27.36
TX_2,FOODS_1_002,202610,27.36
TX_2,FOODS_1_002,202611,25.99
TX_2,FOODS_1_002,202612,27.36
TX_2,FOODS_1_002,202613,27.36
TX_2,FOODS_1_002,202614,27.36
TX_2,FOODS_1_002,202615,28.72
TX_2,FOODS_1_002,202616,27.36
TX_2,FOODS_1_002,202617,27.36
TX_2,FOODS_1_002,202618,24.62
TX_2,FOODS_1_002,202619,27.36
TX_2,FOODS_1_002,202620,27.36
TX_2,FOODS_1_003,202520,12.04
TX_2,FOODS_1_003,202521,12.04
TX_2,FOODS_1_003,202522,12.04
TX_2,FOODS_1_003,202523,12.04
TX_2,FOODS_1_003,202524,12.04
TX_2,FOODS_1_003,202525,12.04
TX_2,FOODS_1_003,202526,12.04
TX_2,FOODS_1_003,202527,12.04
TX_2,FOODS_1_003,202528,12.04
TX_2,FOODS_1_003,202529,12.65
TX_2,FOODS_1_003,202530,12.04
TX_2,FOODS_1_003,202531,12.04
TX_2,FOODS_1_003,202532,12.04
TX_2,FOODS_1_003,202533,12.65
TX_2,FOODS_1_003,202534,12.04
TX_2,FOODS_1_003,202535,12.65
TX_2,FOODS_1_003,202536,11.44
TX_2,FOODS_1_003,202537,10.84
TX_2,FOODS_1_003,202538,12.04
TX_2,FOODS_1_003,202539,12.04
TX_2,FOODS_1_003,202540,12.04
TX_2,FOODS_1_003,202541,12.04
TX_2,FOODS_1_003,202542,12.04
TX_2,FOODS_1_003,202543,11.44
TX_2,FOODS_1_003,202544,12.04
TX_2,FOODS_1_003,202545,11.44
TX_2,FOODS_1_003,202546,12.04
TX_2,FOODS_1_003,202547,12.04
TX_2,FOODS_1_003,202548,11.44
TX_2,FOODS_1_003,202549,12.04
TX_2,FOODS_1_003,202550,12.04
TX_2,FOODS_1_003,202551,10.84
TX_2,FOODS_1_003,202552,12.04
TX_2,FOODS_1_003,202501,12.04
TX_2,FOODS_1_003,202601,12.04
TX_2,FOODS_1_003,202602,12.04
TX_2,FOODS_1_003,202603,12.04
TX_2,FOODS_1_003,202604,10.84
TX_2,FOODS_1_003,202605,12.04
TX_2,FOODS_1_003,202606,12.04
TX_2,FOODS_1_003,202607,12.04
TX_2,FOODS_1_003,202608,12.04
TX_2,FOODS_1_003,202609,12.04
TX_2,FOODS_1_003,202610,12.04
TX_2,FOODS_1_003,202611,10.84
TX_2,FOODS_1_003,202612,12.04
TX_2,FOODS_1_003,202613,12.04
TX_2,FOODS_1_003,202614,12.04
TX_2,FOODS_1_003,202615,12.04
TX_2,FOODS_1_003,202616,12.04
TX_2,FOODS_1_003,202617,12.04
TX_2,FOODS_1_003,202618,12.65
TX_2,FOODS_1_003,202619,11.44
TX_2,FOODS_1_003,202620,12.04
TX_2,FOODS_1_004,202520,9.01
TX_2,FOODS_1_004,202521,8.56
TX_2,FOODS_1_004,202522,9.01
TX_2,FOODS_1_004,202523,9.01
TX_2,FOODS_1_004,202524,9.01
TX_2,FOODS_1_004,202525,9.01
TX_2,FOODS_1_004,202526,8.11
TX_2,FOODS_1_004,202527,9.01
TX_2,FOODS_1_004,202528,9.01
TX_2,FOODS_1_004,202529,9.01
TX_2,FOODS_1_004,202530,9.46
TX_2,FOODS_1_004,202531,9.01
TX_2,FOODS_1_004,202532,9.01
TX_2,FOODS_1_004,202533,9.46
TX_2,FOODS_1_004,202534,8.56
TX_2,FOODS_1_004,202535,9.46
TX_2,FOODS_1_004,202536,9.01
TX_2,FOODS_1_004,202537,9.46
TX_2,FOODS_1_004,202538,9.01
TX_2,FOODS_1_004,202539,9.01
TX_2,FOODS_1_004,202540,9.01
TX_2,FOODS_1_004,202541,9.01
TX_2,FOODS_1_004,202542,9.01
TX_2,FOODS_1_004,202543,9.01
TX_2,FOODS_1_004,202544,9.01
TX_2,FOODS_1_004,202545,9.01
TX_2,FOODS_1_004,202546,9.01
TX_2,FOODS_1_004,202547,8.11
TX_2,FOODS_1_004,202548,9.01
TX_2,FOODS_1_004,202549,9.01
TX_2,FOODS_1_004,202550,9.01
TX_2,FOODS_1_004,202551,8.56
TX_2,FOODS_1_004,202552,8.11
TX_2,FOODS_1_004,202501,9.46
TX_2,FOODS_1_004,202601,9.01
TX_2,FOODS_1_004,202602,9.01
TX_2,FOODS_1_004,202603,8.11
TX_2,FOODS_1_004,202604,9.46
TX_2,FOODS_1_004,202605,9.01
TX_2,FOODS_1_004,202606,9.01
TX_2,FOODS_1_004,202607,8.11
TX_2,FOODS_1_004,202608,8.11
TX_2,FOODS_1_004,202609,8.56
TX_2,FOODS_1_004,202610,8.11
TX_2,FOODS_1_004,202611,9.01
TX_2,FOODS_1_004,202612,9.01
TX_2,FOODS_1_004,202613,8.56
TX_2,FOODS_1_004,202614,9.01
TX_2,FOODS_1_004,202615,9.01
TX_2,FOODS_1_004,202616,9.01
TX_2,FOODS_1_004,202617,9.01
TX_2,FOODS_1_004,202618,9.01
TX_2,FOODS_1_004,202619,9.01
TX_2,FOODS_1_004,202620,9.01
TX_2,FOODS_1_005,202520,21.82
TX_2,FOODS_1_005,202521,22.97
TX_2,FOODS_1_005,202522,22.97
TX_2,FOODS_1_005,202523,22.97
TX_2,FOODS_1_005,202524,20.67
TX_2,FOODS_1_005,202525,22.97
TX_2,FOODS_1_005,202526,22.97
TX_2,FOODS_1_005,202527,22.97
TX_2,FOODS_1_005,202528,22.97
TX_2,FOODS_1_005,202529,21.82
TX_2,FOODS_1_005,202530,21.82
TX_2,FOODS_1_005,202531,22.97
TX_2,FOODS_1_005,202532,22.97
TX_2,FOODS_1_005,202533,22.97
TX_2,FOODS_1_005,202534,22.97
TX_2,FOODS_1_005,202535,22.97
TX_2,FOODS_1_005,202536,22.97
TX_2,FOODS_1_005,202537,22.97
TX_2,FOODS_1_005,202538,22.97
TX_2,FOODS_1_005,202539,20.67
TX_2,FOODS_1_005,202540,22.97
TX_2,FOODS_1_005,202541,22.97
TX_2,FOODS_1_005,202542,21.82
TX_2,FOODS_1_005,202543,22.97
TX_2,FOODS_1_005,202544,22.97
TX_2,FOODS_1_005,202545,22.97
TX_2,FOODS_1_005,202546,22.97
TX_2,FOODS_1_005,202547,22.97
TX_2,FOODS_1_005,202548,20.67
TX_2,FOODS_1_005,202549,22.97
TX_2,FOODS_1_005,202550,22.97
TX_2,FOODS_1_005,202551,22.97
TX_2,FOODS_1_005,202552,22.97
TX_2,FOODS_1_005,202501,22.97
TX_2,FOODS_1_005,202601,24.12
TX_2,FOODS_1_005,202602,22.97
TX_2,FOODS_1_005,202603,22.97
TX_2,FOODS_1_005,202604,24.12
TX_2,FOODS_1_005,202605,22.97
TX_2,FOODS_1_005,202606,22.97
TX_2,FOODS_1_005,202607,22.97
TX_2,FOODS_1_005,202608,22.97
TX_2,FOODS_1_005,202609,22.97
TX_2,FOODS_1_005,202610,22.97
TX_2,FOODS_1_005,202611,22.97
TX_2,FOODS_1_005,202612,22.97
TX_2,FOODS_1_005,202613,21.82
TX_2,FOODS_1_005,202614,22.97
TX_2,FOODS_1_005,202615,22.97
TX_2,FOODS_1_005,202616,22.97
TX_2,FOODS_1_005,202617,22.97
TX_2,FOODS_1_005,202618,22.97
TX_2,FOODS_1_005,202619,24.12
TX_2,FOODS_1_005,202620,22.97
TX_2,FOODS_1_006,202520,10.4
TX_2,FOODS_1_006,202521,10.4
TX_2,FOODS_1_006,202522,10.4
TX_2,FOODS_1_006,202523,10.4
TX_2,FOODS_1_006,202524,10.92
TX_2,FOODS_1_006,202525,10.4
TX_2,FOODS_1_006,202526,10.4
TX_2,FOODS_1_006,202527,10.4
TX_2,FOODS_1_006,202528,10.4
TX_2,FOODS_1_006,202529,10.4
TX_2,FOODS_1_006,202530,10.4
TX_2,FOODS_1_006,202531,10.4
TX_2,FOODS_1_006,202532,10.4
TX_2,FOODS_1_006,202533,9.36
TX_2,FOODS_1_006,202534,10.4
TX_2,FOODS_1_006,202535,10.4
TX_2,FOODS_1_006,202536,9.36
TX_2,FOODS_1_006,202537,10.4
TX_2,FOODS_1_006,202538,10.4
TX_2,FOODS_1_006,202539,10.4
TX_2,FOODS_1_006,202540,10.4
TX_2,FOODS_1_006,202541,10.4
TX_2,FOODS_1_006,202542,9.36
TX_2,FOODS_1_006,202543,10.4
TX_2,FOODS_1_006,202544,9.88
TX_2,FOODS_1_006,202545,10.4
TX_2,FOODS_1_006,202546,9.88
TX_2,FOODS_1_006,202547,10.4
TX_2,FOODS_1_006,202548,10.4
TX_2,FOODS_1_006,202549,10.4
TX_2,FOODS_1_006,202550,10.4
TX_2,FOODS_1_006,202551,10.4
TX_2,FOODS_1_006,202552,10.4
TX_2,FOODS_1_006,202501,10.4
TX_2,FOODS_1_006,202601,10.4
TX_2,FOODS_1_006,202602,10.4
TX_2,FOODS_1_006,202603,10.4
TX_2,FOODS_1_006,202604,10.4
TX_2,FOODS_1_006,202605,10.4
TX_2,FOODS_1_006,202606,10.4
TX_2,FOODS_1_006,202607,10.4
TX_2,FOODS_1_006,202608,10.4
TX_2,FOODS_1_006,202609,9.36
TX_2,FOODS_1_006,202610,10.92
TX_2,FOODS_1_006,202611,10.92
TX_2,FOODS_1_006,202612,10.4
TX_2,FOODS_1_006,202613,9.36
TX_2,FOODS_1_006,202614,10.4
TX_2,FOODS_1_006,202615,10.4
TX_2,FOODS_1_006,202616,10.4
TX_2,FOODS_1_006,202617,10.4
TX_2,FOODS_1_006,202618,10.4
TX_2,FOODS_1_006,202619,10.4
TX_2,FOODS_1_006,202620,10.4
TX_2,FOODS_1_007,202520,26.57
TX_2,FOODS_1_007,202521,27.97
TX_2,FOODS_1_007,202522,27.97
TX_2,FOODS_1_007,202523,27.97
TX_2,FOODS_1_007,202524,27.97
TX_2,FOODS_1_007,202525,27.97
TX_2,FOODS_1_007,202526,25.17
TX_2,FOODS_1_007,202527,27.97
TX_2,FOODS_1_007,202528,27.97
TX_2,FOODS_1_007,202529,27.97
TX_2,FOODS_1_007,202530,27.97
TX_2,FOODS_1_007,202531,27.97
TX_2,FOODS_1_007,202532,29.37
TX_2,FOODS_1_007,202533,26.57
TX_2,FOODS_1_007,202534,27.97
TX_2,FOODS_1_007,202535,27.97
TX_2,FOODS_1_007,202536,27.97
TX_2,FOODS_1_007,202537,25.17
TX_2,FOODS_1_007,202538,27.97
TX_2,FOODS_1_007,202539,27.97
TX_2,FOODS_1_007,202540,27.97
TX_2,FOODS_1_007,202541,27.97
TX_2,FOODS_1_007,202542,25.17
TX_2,FOODS_1_007,202543,29.37
TX_2,FOODS_1_007,202544,27.97
TX_2,FOODS_1_007,202545,26.57
TX_2,FOODS_1_007,202546,27.97
TX_2,FOODS_1_007,202547,27.97
TX_2,FOODS_1_007,202548,27.97
TX_2,FOODS_1_007,202549,29.37
TX_2,FOODS_1_007,202550,29.37
TX_2,FOODS_1_007,202551,25.17
TX_2,FOODS_1_007,202552,27.97
TX_2,FOODS_1_007,202501,27.97
TX_2,FOODS_1_007,202601,27.97
TX_2,FOODS_1_007,202602,27.97
TX_2,FOODS_1_007,202603,27.97
TX_2,FOODS_1_007,202604,27.97
TX_2,FOODS_1_007,202605,27.97
TX_2,FOODS_1_007,202606,26.57
TX_2,FOODS_1_007,202607,27.97
TX_2,FOODS_1_007,202608,27.97
TX_2,FOODS_1_007,202609,27.97
TX_2,FOODS_1_007,202610,27.97
TX_2,FOODS_1_007,202611,27.97
TX_2,FOODS_1_007,202612,27.97
TX_2,FOODS_1_007,202613,27.97
TX_2,FOODS_1_007,202614,29.37
TX_2,FOODS_1_007,202615,25.17
TX_2,FOODS_1_007,202616,25.17
TX_2,FOODS_1_007,202617,25.17
TX_2,FOODS_1_007,202618,27.97
TX_2,FOODS_1_007,202619,27.97
TX_2,FOODS_1_007,202620,27.97
TX_2,FOODS_1_008,202520,9.8
TX_2,FOODS_1_008,202521,9.8
TX_2,FOODS_1_008,202522,9.8
TX_2,FOODS_1_008,202523,9.8
TX_2,FOODS_1_008,202524,9.8
TX_2,FOODS_1_008,202525,9.8
TX_2,FOODS_1_008,202526,10.29
TX_2,FOODS_1_008,202527,9.8
TX_2,FOODS_1_008,202528,9.8
TX_2,FOODS_1_008,202529,9.8
TX_2,FOODS_1_008,202530,9.8
TX_2,FOODS_1_008,202531,9.8
TX_2,FOODS_1_008,202532,9.31
TX_2,FOODS_1_008,202533,9.8
TX_2,FOODS_1_008,202534,9.8
TX_2,FOODS_1_008,202535,10.29
TX_2,FOODS_1_008,202536,9.8
TX_2,FOODS_1_008,202537,9.8
TX_2,FOODS_1_008,202538,8.82
TX_2,FOODS_1_008,202539,8.82
TX_2,FOODS_1_008,202540,9.8
TX_2,FOODS_1_008,202541,9.8
TX_2,FOODS_1_008,202542,10.29
TX_2,FOODS_1_008,202543,8.82
TX_2,FOODS_1_008,202544,9.8
TX_2,FOODS_1_008,202545,9.31
TX_2,FOODS_1_008,202546,9.31
TX_2,FOODS_1_008,202547,9.8
TX_2,FOODS_1_008,202548,9.8
TX_2,FOODS_1_008,202549,9.8
TX_2,FOODS_1_008,202550,9.8
TX_2,FOODS_1_008,202551,9.8
TX_2,FOODS_1_008,202552,9.8
TX_2,FOODS_1_008,202501,9.31
TX_2,FOODS_1_008,202601,10.29
TX_2,FOODS_1_008,202602,9.8
TX_2,FOODS_1_008,202603,9.8
TX_2,FOODS_1_008,202604,9.8
TX_2,FOODS_1_008,202605,9.8
TX_2,FOODS_1_008,202606,9.8
TX_2,FOODS_1_008,202607,9.8
TX_2,FOODS_1_008,202608,9.31
TX_2,FOODS_1_008,202609,9.31
TX_2,FOODS_1_008,202610,9.8
TX_2,FOODS_1_008,202611,9.8
TX_2,FOODS_1_008,202612,9.8
TX_2,FOODS_1_008,202613,9.8
TX_2,FOODS_1_008,202614,8.82
TX_2,FOODS_1_008,202615,10.29
TX_2,FOODS_1_008,202616,10.29
TX_2,FOODS_1_008,202617,9.8
TX_2,FOODS_1_008,202618,9.8
TX_2,FOODS_1_008,202619,9.8
TX_2,FOODS_1_008,202620,9.31
TX_2,FOODS_1_009,202520,23.55
TX_2,FOODS_1_009,202521,22.43
TX_2,FOODS_1_009,202522,22.43
TX_2,FOODS_1_009,202523,22.43
TX_2,FOODS_1_009,202524,21.31
TX_2,FOODS_1_009,202525,22.43
TX_2,FOODS_1_009,202526,21.31
TX_2,FOODS_1_009,202527,22.43
TX_2,FOODS_1_009,202528,22.43
TX_2,FOODS_1_009,202529,22.43
TX_2,FOODS_1_009,202530,22.43
TX_2,FOODS_1_009,202531,22.43
TX_2,FOODS_1_009,202532,22.43
TX_2,FOODS_1_009,202533,22.43
TX_2,FOODS_1_009,202534,22.43
TX_2,FOODS_1_009,202535,22.43
TX_2,FOODS_1_009,202536,22.43
TX_2,FOODS_1_009,202537,22.43
TX_2,FOODS_1_009,202538,22.43
TX_2,FOODS_1_009,202539,22.43
TX_2,FOODS_1_009,202540,21.31
TX_2,FOODS_1_009,202541,22.43
TX_2,FOODS_1_009,202542,22.43
TX_2,FOODS_1_009,202543,22.43
TX_2,FOODS_1_009,202544,22.43
TX_2,FOODS_1_009,202545,22.43
TX_2,FOODS_1_009,202546,22.43
TX_2,FOODS_1_009,202547,22.43
TX_2,FOODS_1_009,202548,22.43
TX_2,FOODS_1_009,202549,22.43
TX_2,FOODS_1_009,202550,22.43
TX_2,FOODS_1_009,202551,20.19
TX_2,FOODS_1_009,202552,22.43
TX_2,FOODS_1_009,202501,22.43
TX_2,FOODS_1_009,202601,23.55
TX_2,FOODS_1_009,202602,20.19
TX_2,FOODS_1_009,202603,21.31
TX_2,FOODS_1_009,202604,22.43
TX_2,FOODS_1_009,202605,23.55
TX_2,FOODS_1_009,202606,20.19
TX_2,FOODS_1_009,202607,22.43
TX_2,FOODS_1_009,202608,22.43
TX_2,FOODS_1_009,202609,22.43
TX_2,FOODS_1_009,202610,20.19
TX_2,FOODS_1_009,202611,22.43
TX_2,FOODS_1_009,202612,22.43
TX_2,FOODS_1_009,202613,22.43
TX_2,FOODS_1_009,202614,22.43
TX_2,FOODS_1_009,202615,22.43
TX_2,FOODS_1_009,202616,22.43
TX_2,FOODS_1_009,202617,22.43
TX_2,FOODS_1_009,202618,22.43
TX_2,FOODS_1_009,202619,22.43
TX_2,FOODS_1_009,202620,22.43
TX_2,FOODS_1_010,202520,19.53
TX_2,FOODS_1_010,202521,19.53
TX_2,FOODS_1_010,202522,18.55
TX_2,FOODS_1_010,202523,19.53
TX_2,FOODS_1_010,202524,19.53
TX_2,FOODS_1_010,202525,19.53
TX_2,FOODS_1_010,202526,19.53
TX_2,FOODS_1_010,202527,19.53
TX_2,FOODS_1_010,202528,19.53
TX_2,FOODS_1_010,202529,19.53
TX_2,FOODS_1_010,202530,19.53
TX_2,FOODS_1_010,202531,20.5
TX_2,FOODS_1_010,202532,19.53
TX_2,FOODS_1_010,202533,19.53
TX_2,FOODS_1_010,202534,19.53
TX_2,FOODS_1_010,202535,19.53
TX_2,FOODS_1_010,202536,19.53
TX_2,FOODS_1_010,202537,19.53
TX_2,FOODS_1_010,202538,19.53
TX_2,FOODS_1_010,202539,18.55
TX_2,FOODS_1_010,202540,19.53
TX_2,FOODS_1_010,202541,18.55
TX_2,FOODS_1_010,202542,19.53
TX_2,FOODS_1_010,202543,19.53
TX_2,FOODS_1_010,202544,19.53
TX_2,FOODS_1_010,202545,19.53
TX_2,FOODS_1_010,202546,19.53
TX_2,FOODS_1_010,202547,19.53
TX_2,FOODS_1_010,202548,19.53
TX_2,FOODS_1_010,202549,19.53
TX_2,FOODS_1_010,202550,19.53
TX_2,FOODS_1_010,202551,19.53
TX_2,FOODS_1_010,202552,19.53
TX_2,FOODS_1_010,202501,18.55
TX_2,FOODS_1_010,202601,20.5
TX_2,FOODS_1_010,202602,19.53
TX_2,FOODS_1_010,202603,19.53
TX_2,FOODS_1_010,202604,20.5
TX_2,FOODS_1_010,202605,19.53
TX_2,FOODS_1_010,202606,19.53
TX_2,FOODS_1_010,202607,17.58
TX_2,FOODS_1_010,202608,19.53
TX_2,FOODS_1_010,202609,19.53
TX_2,FOODS_1_010,202610,19.53
TX_2,FOODS_1_010,202611,19.53
TX_2,FOODS_1_010,202612,19.53
TX_2,FOODS_1_010,202613,19.53
TX_2,FOODS_1_010,202614,19.53
TX_2,FOODS_1_010,202615,19.53
TX_2,FOODS_1_010,202616,19.53
TX_2,FOODS_1_010,202617,19.53
TX_2,FOODS_1_010,202618,19.53
TX_2,FOODS_1_010,202619,20.5
TX_2,FOODS_1_010,202620,17.58
TX_2,HOBBIES_2_001,202520,17.54
TX_2,HOBBIES_2_001,202521,19.49
TX_2,HOBBIES_2_001,202522,20.47
TX_2,HOBBIES_2_001,202523,19.49
TX_2,HOBBIES_2_001,202524,19.49
TX_2,HOBBIES_2_001,202525,20.47
TX_2,HOBBIES_2_001,202526,19.49
TX_2,HOBBIES_2_001,202527,18.52
TX_2,HOBBIES_2_001,202528,19.49
TX_2,HOBBIES_2_001,202529,19.49
TX_2,HOBBIES_2_001,202530,20.47
TX_2,HOBBIES_2_001,202531,20.47
TX_2,HOBBIES_2_001,202532,20.47
TX_2,HOBBIES_2_001,202533,19.49
TX_2,HOBBIES_2_001,202534,19.49
TX_2,HOBBIES_2_001,202535,19.49
TX_2,HOBBIES_2_001,202536,19.49
TX_2,HOBBIES_2_001,202537,19.49
TX_2,HOBBIES_2_001,202538,20.47
TX_2,HOBBIES_2_001,202539,18.52
TX_2,HOBBIES_2_001,202540,19.49
TX_2,HOBBIES_2_001,202541,19.49
TX_2,HOBBIES_2_001,202542,19.49
TX_2,HOBBIES_2_001,202543,19.49
TX_2,HOBBIES_2_001,202544,19.49
TX_2,HOBBIES_2_001,202545,19.49
TX_2,HOBBIES_2_001,202546,17.54
TX_2,HOBBIES_2_001,202547,19.49
TX_2,HOBBIES_2_001,202548,19.49
TX_2,HOBBIES_2_001,202549,19.49
TX_2,HOBBIES_2_001,202550,19.49
TX_2,HOBBIES_2_001,202551,19.49
TX_2,HOBBIES_2_001,202552,19.49
TX_2,HOBBIES_2_001,202501,17.54
TX_2,HOBBIES_2_001,202601,20.47
TX_2,HOBBIES_2_001,202602,18.52
TX_2,HOBBIES_2_001,202603,19.49
TX_2,HOBBIES_2_001,202604,19.49
TX_2,HOBBIES_2_001,202605,19.49
TX_2,HOBBIES_2_001,202606,19.49
TX_2,HOBBIES_2_001,202607,19.49
TX_2,HOBBIES_2_001,202608,19.49
TX_2,HOBBIES_2_001,202609,19.49
TX_2,HOBBIES_2_001,202610,19.49
TX_2,HOBBIES_2_001,202611,18.52
TX_2,HOBBIES_2_001,202612,19.49
TX_2,HOBBIES_2_001,202613,19.49
TX_2,HOBBIES_2_001,202614,17.54
TX_2,HOBBIES_2_001,202615,19.49
TX_2,HOBBIES_2_001,202616,19.49
TX_2,HOBBIES_2_001,202617,17.54
TX_2,HOBBIES_2_001,202618,19.49
TX_2,HOBBIES_2_001,202619,19.49
TX_2,HOBBIES_2_001,202620,17.54
TX_2,HOBBIES_2_002,202520,9.83
TX_2,HOBBIES_2_002,202521,9.83
TX_2,HOBBIES_2_002,202522,9.33
TX_2,HOBBIES_2_002,202523,9.83
TX_2,HOBBIES_2_002,202524,9.83
TX_2,HOBBIES_2_002,202525,9.83
TX_2,HOBBIES_2_002,202526,9.83
TX_2,HOBBIES_2_002,202527,9.83
TX_2,HOBBIES_2_002,202528,9.83
TX_2,HOBBIES_2_002,202529,9.33
TX_2,HOBBIES_2_002,202530,9.83
TX_2,HOBBIES_2_002,202531,9.83
TX_2,HOBBIES_2_002,202532,9.83
TX_2,HOBBIES_2_002,202533,9.83
TX_2,HOBBIES_2_002,202534,9.83
TX_2,HOBBIES_2_002,202535,9.83
TX_2,HOBBIES_2_002,202536,9.83
TX_2,HOBBIES_2_002,202537,9.83
TX_2,HOBBIES_2_002,202538,9.83
TX_2,HOBBIES_2_002,202539,9.83
TX_2,HOBBIES_2_002,202540,9.83
TX_2,HOBBIES_2_002,202541,9.83
TX_2,HOBBIES_2_002,202542,8.84
TX_2,HOBBIES_2_002,202543,9.33
TX_2,HOBBIES_2_002,202544,9.83
TX_2,HOBBIES_2_002,202545,9.33
TX_2,HOBBIES_2_002,202546,8.84
TX_2,HOBBIES_2_002,202547,9.83
TX_2,HOBBIES_2_002,202548,9.83
TX_2,HOBBIES_2_002,202549,9.83
TX_2,HOBBIES_2_002,202550,9.83
TX_2,HOBBIES_2_002,202551,9.83
TX_2,HOBBIES_2_002,202552,9.33
TX_2,HOBBIES_2_002,202501,9.83
TX_2,HOBBIES_2_002,202601,9.83
TX_2,HOBBIES_2_002,202602,9.83
TX_2,HOBBIES_2_002,202603,9.33
TX_2,HOBBIES_2_002,202604,9.83
TX_2,HOBBIES_2_002,202605,9.83
TX_2,HOBBIES_2_002,202606,8.84
TX_2,HOBBIES_2_002,202607,8.84
TX_2,HOBBIES_2_002,202608,10.32
TX_2,HOBBIES_2_002,202609,8.84
TX_2,HOBBIES_2_002,202610,9.83
TX_2,HOBBIES_2_002,202611,9.33
TX_2,HOBBIES_2_002,202612,9.83
TX_2,HOBBIES_2_002,202613,9.83
TX_2,HOBBIES_2_002,202614,10.32
TX_2,HOBBIES_2_002,202615,9.83
TX_2,HOBBIES_2_002,202616,9.33
TX_2,HOBBIES_2_002,202617,9.83
TX_2,HOBBIES_2_002,202618,8.84
TX_2,HOBBIES_2_002,202619,9.83
TX_2,HOBBIES_2_002,202620,9.83
TX_2,HOBBIES_2_003,202520,7.97
TX_2,HOBBIES_2_003,202521,7.97
TX_2,HOBBIES_2_003,202522,7.18
TX_2,HOBBIES_2_003,202523,7.97
TX_2,HOBBIES_2_003,202524,7.97
TX_2,HOBBIES_2_003,202525,7.97
TX_2,HOBBIES_2_003,202526,8.37
TX_2,HOBBIES_2_003,202527,7.18
TX_2,HOBBIES_2_003,202528,8.37
TX_2,HOBBIES_2_003,202529,8.37
TX_2,HOBBIES_2_003,202530,7.57
TX_2,HOBBIES_2_003,202531,7.97
TX_2,HOBBIES_2_003,202532,7.97
TX_2,HOBBIES_2_003,202533,7.97
TX_2,HOBBIES_2_003,202534,7.57
TX_2,HOBBIES_2_003,202535,7.57
TX_2,HOBBIES_2_003,202536,7.97
TX_2,HOBBIES_2_003,202537,7.18
TX_2,HOBBIES_2_003,202538,8.37
TX_2,HOBBIES_2_003,202539,7.97
TX_2,HOBBIES_2_003,202540,7.97
TX_2,HOBBIES_2_003,202541,7.97
TX_2,HOBBIES_2_003,202542,7.18
TX_2,HOBBIES_2_003,202543,7.57
TX_2,HOBBIES_2_003,202544,7.97
TX_2,HOBBIES_2_003,202545,8.37
TX_2,HOBBIES_2_003,202546,7.97
TX_2,HOBBIES_2_003,202547,7.97
TX_2,HOBBIES_2_003,202548,8.37
TX_2,HOBBIES_2_003,202549,8.37
TX_2,HOBBIES_2_003,202550,7.97
TX_2,HOBBIES_2_003,202551,8.37
TX_2,HOBBIES_2_003,202552,7.97
TX_2,HOBBIES_2_003,202501,7.97
TX_2,HOBBIES_2_003,202601,7.97
TX_2,HOBBIES_2_003,202602,7.97
TX_2,HOBBIES_2_003,202603,7.97
TX_2,HOBBIES_2_003,202604,7.57
TX_2,HOBBIES_2_003,202605,7.97
TX_2,HOBBIES_2_003,202606,7.97
TX_2,HOBBIES_2_003,202607,7.57
TX_2,HOBBIES_2_003,202608,7.97
TX_2,HOBBIES_2_003,202609,7.57
TX_2,HOBBIES_2_003,202610,8.37
TX_2,HOBBIES_2_003,202611,7.18
TX_2,HOBBIES_2_003,202612,7.97
TX_2,HOBBIES_2_003,202613,7.97
TX_2,HOBBIES_2_003,202614,7.97
TX_2,HOBBIES_2_003,202615,7.97
TX_2,HOBBIES_2_003,202616,7.18
TX_2,HOBBIES_2_003,202617,7.97
TX_2,HOBBIES_2_003,202618,7.97
TX_2,HOBBIES_2_003,202619,7.97
TX_2,HOBBIES_2_003,202620,7.97
TX_2,HOBBIES_2_004,202520,14.8
TX_2,HOBBIES_2_004,202521,14.8
TX_2,HOBBIES_2_004,202522,15.54
TX_2,HOBBIES_2_004,202523,15.54
TX_2,HOBBIES_2_004,202524,14.8
TX_2,HOBBIES_2_004,202525,14.8
TX_2,HOBBIES_2_004,202526,14.8
TX_2,HOBBIES_2_004,202527,14.8
TX_2,HOBBIES_2_004,202528,14.8
TX_2,HOBBIES_2_004,202529,14.8
TX_2,HOBBIES_2_004,202530,14.8
TX_2,HOBBIES_2_004,202531,14.8
TX_2,HOBBIES_2_004,202532,15.54
TX_2,HOBBIES_2_004,202533,14.8
TX_2,HOBBIES_2_004,202534,14.8
TX_2,HOBBIES_2_004,202535,14.8
TX_2,HOBBIES_2_004,202536,14.8
TX_2,HOBBIES_2_004,202537,14.8
TX_2,HOBBIES_2_004,202538,13.32
TX_2,HOBBIES_2_004,202539,14.8
TX_2,HOBBIES_2_004,202540,13.32
TX_2,HOBBIES_2_004,202541,14.8
TX_2,HOBBIES_2_004,202542,15.54
TX_2,HOBBIES_2_004,202543,14.8
TX_2,HOBBIES_2_004,202544,14.8
TX_2,HOBBIES_2_004,202545,14.06
TX_2,HOBBIES_2_004,202546,14.06
TX_2,HOBBIES_2_004,202547,13.32
TX_2,HOBBIES_2_004,202548,14.8
TX_2,HOBBIES_2_004,202549,14.8
TX_2,HOBBIES_2_004,202550,14.8
TX_2,HOBBIES_2_004,202551,14.06
TX_2,HOBBIES_2_004,202552,14.8
TX_2,HOBBIES_2_004,202501,14.8
TX_2,HOBBIES_2_004,202601,15.54
TX_2,HOBBIES_2_004,202602,14.8
TX_2,HOBBIES_2_004,202603,15.54
TX_2,HOBBIES_2_004,202604,14.8
TX_2,HOBBIES_2_004,202605,14.8
TX_2,HOBBIES_2_004,202606,14.8
TX_2,HOBBIES_2_004,202607,14.8
TX_2,HOBBIES_2_004,202608,14.8
TX_2,HOBBIES_2_004,202609,14.8
TX_2,HOBBIES_2_004,202610,14.8
TX_2,HOBBIES_2_004,202611,14.06
TX_2,HOBBIES_2_004,202612,14.8
TX_2,HOBBIES_2_004,202613,14.8
TX_2,HOBBIES_2_004,202614,14.8
TX_2,HOBBIES_2_004,202615,14.8
TX_2,HOBBIES_2_004,202616,14.06
TX_2,HOBBIES_2_004,202617,14.8
TX_2,HOBBIES_2_004,202618,14.8
TX_2,HOBBIES_2_004,202619,14.06
TX_2,HOBBIES_2_004,202620,14.06
TX_2,HOBBIES_2_005,202520,23.98
TX_2,HOBBIES_2_005,202521,25.18
TX_2,HOBBIES_2_005,202522,23.98
TX_2,HOBBIES_2_005,202523,21.58
TX_2,HOBBIES_2_005,202524,23.98
TX_2,HOBBIES_2_005,202525,23.98
TX_2,HOBBIES_2_005,202526,22.78
TX_2,HOBBIES_2_005,202527,23.98
TX_2,HOBBIES_2_005,202528,23.98
TX_2,HOBBIES_2_005,202529,23.98
TX_2,HOBBIES_2_005,202530,25.18
TX_2,HOBBIES_2_005,202531,23.98
TX_2,HOBBIES_2_005,202532,23.98
TX_2,HOBBIES_2_005,202533,23.98
TX_2,HOBBIES_2_005,202534,25.18
TX_2,HOBBIES_2_005,202535,23.98
TX_2,HOBBIES_2_005,202536,23.98
TX_2,HOBBIES_2_005,202537,23.98
TX_2,HOBBIES_2_005,202538,23.98
TX_2,HOBBIES_2_005,202539,21.58
TX_2,HOBBIES_2_005,202540,23.98
TX_2,HOBBIES_2_005,202541,23.98
TX_2,HOBBIES_2_005,202542,22.78
TX_2,HOBBIES_2_005,202543,21.58
TX_2,HOBBIES_2_005,202544,21.58
TX_2,HOBBIES_2_005,202545,23.98
TX_2,HOBBIES_2_005,202546,23.98
TX_2,HOBBIES_2_005,202547,23.98
TX_2,HOBBIES_2_005,202548,23.98
TX_2,HOBBIES_2_005,202549,21.58
TX_2,HOBBIES_2_005,202550,23.98
TX_2,HOBBIES_2_005,202551,22.78
TX_2,HOBBIES_2_005,202552,23.98
TX_2,HOBBIES_2_005,202501,23.98
TX_2,HOBBIES_2_005,202601,23.98
TX_2,HOBBIES_2_005,202602,23.98
TX_2,HOBBIES_2_005,202603,25.18
TX_2,HOBBIES_2_005,202604,23.98
TX_2,HOBBIES_2_005,202605,23.98
TX_2,HOBBIES_2_005,202606,23.98
TX_2,HOBBIES_2_005,202607,23.98
TX_2,HOBBIES_2_005,202608,23.98
TX_2,HOBBIES_2_005,202609,25.18
TX_2,HOBBIES_2_005,202610,23.98
TX_2,HOBBIES_2_005,202611,23.98
TX_2,HOBBIES_2_005,202612,22.78
TX_2,HOBBIES_2_005,202613,25.18
TX_2,HOBBIES_2_005,202614,23.98
TX_2,HOBBIES_2_005,202615,25.18
TX_2,HOBBIES_2_005,202616,23.98
TX_2,HOBBIES_2_005,202617,23.98
TX_2,HOBBIES_2_005,202618,23.98
TX_2,HOBBIES_2_005,202619,25.18
TX_2,HOBBIES_2_005,202620,23.98
TX_2,HOBBIES_2_006,202520,10.24
TX_2,HOBBIES_2_006,202521,10.24
TX_2,HOBBIES_2_006,202522,10.24
TX_2,HOBBIES_2_006,202523,9.22
TX_2,HOBBIES_2_006,202524,9.73
TX_2,HOBBIES_2_006,202525,10.24
TX_2,HOBBIES_2_006,202526,10.24
TX_2,HOBBIES_2_006,202527,10.24
TX_2,HOBBIES_2_006,202528,10.24
TX_2,HOBBIES_2_006,202529,10.24
TX_2,HOBBIES_2_006,202530,10.24
TX_2,HOBBIES_2_006,202531,9.22
TX_2,HOBBIES_2_006,202532,9.22
TX_2,HOBBIES_2_006,202533,10.24
TX_2,HOBBIES_2_006,202534,10.24
TX_2,HOBBIES_2_006,202535,9.22
TX_2,HOBBIES_2_006,202536,10.24
TX_2,HOBBIES_2_006,202537,10.24
TX_2,HOBBIES_2_006,202538,10.24
TX_2,HOBBIES_2_006,202539,9.73
TX_2,HOBBIES_2_006,202540,10.24
TX_2,HOBBIES_2_006,202541,10.24
TX_2,HOBBIES_2_006,202542,10.24
TX_2,HOBBIES_2_006,202543,10.24
TX_2,HOBBIES_2_006,202544,10.24
TX_2,HOBBIES_2_006,202545,10.24
TX_2,HOBBIES_2_006,202546,10.75
TX_2,HOBBIES_2_006,202547,10.24
TX_2,HOBBIES_2_006,202548,10.75
TX_2,HOBBIES_2_006,202549,10.24
TX_2,HOBBIES_2_006,202550,10.24
TX_2,HOBBIES_2_006,202551,10.24
TX_2,HOBBIES_2_006,202552,9.73
TX_2,HOBBIES_2_006,202501,9.22
TX_2,HOBBIES_2_006,202601,10.24
TX_2,HOBBIES_2_006,202602,10.24
TX_2,HOBBIES_2_006,202603,10.24
TX_2,HOBBIES_2_006,202604,10.24
TX_2,HOBBIES_2_006,202605,10.24
TX_2,HOBBIES_2_006,202606,10.24
TX_2,HOBBIES_2_006,202607,9.73
TX_2,HOBBIES_2_006,202608,9.73
TX_2,HOBBIES_2_006,202609,10.24
TX_2,HOBBIES_2_006,202610,10.75
TX_2,HOBBIES_2_006,202611,10.24
TX_2,HOBBIES_2_006,202612,10.24
TX_2,HOBBIES_2_006,202613,10.24
TX_2,HOBBIES_2_006,202614,10.24
TX_2,HOBBIES_2_006,202615,9.73
TX_2,HOBBIES_2_006,202616,9.22
TX_2,HOBBIES_2_006,202617,10.24
TX_2,HOBBIES_2_006,202618,10.24
TX_2,HOBBIES_2_006,202619,10.24
TX_2,HOBBIES_2_006,202620,10.24
TX_2,HOBBIES_2_007,202520,8.86
TX_2,HOBBIES_2_007,202521,8.86
TX_2,HOBBIES_2_007,202522,8.86
TX_2,HOBBIES_2_007,202523,7.97
TX_2,HOBBIES_2_007,202524,8.86
TX_2,HOBBIES_2_007,202525,8.86
TX_2,HOBBIES_2_007,202526,8.86
TX_2,HOBBIES_2_007,202527,8.86
TX_2,HOBBIES_2_007,202528,8.86
TX_2,HOBBIES_2_007,202529,9.3
TX_2,HOBBIES_2_007,202530,8.42
TX_2,HOBBIES_2_007,202531,8.86
TX_2,HOBBIES_2_007,202532,8.86
TX_2,HOBBIES_2_007,202533,8.86
TX_2,HOBBIES_2_007,202534,8.86
TX_2,HOBBIES_2_007,202535,8.86
TX_2,HOBBIES_2_007,202536,8.86
TX_2,HOBBIES_2_007,202537,8.42
TX_2,HOBBIES_2_007,202538,8.86
TX_2,HOBBIES_2_007,202539,9.3
TX_2,HOBBIES_2_007,202540,8.42
TX_2,HOBBIES_2_007,202541,8.86
TX_2,HOBBIES_2_007,202542,7.97
TX_2,HOBBIES_2_007,202543,9.3
TX_2,HOBBIES_2_007,202544,8.86
TX_2,HOBBIES_2_007,202545,8.86
TX_2,HOBBIES_2_007,202546,8.86
TX_2,HOBBIES_2_007,202547,9.3
TX_2,HOBBIES_2_007,202548,7.97
TX_2,HOBBIES_2_007,202549,8.86
TX_2,HOBBIES_2_007,202550,8.86
TX_2,HOBBIES_2_007,202551,8.86
TX_2,HOBBIES_2_007,202552,8.86
TX_2,HOBBIES_2_007,202501,8.86
TX_2,HOBBIES_2_007,202601,8.86
TX_2,HOBBIES_2_007,202602,8.86
TX_2,HOBBIES_2_007,202603,8.42
TX_2,HOBBIES_2_007,202604,8.86
TX_2,HOBBIES_2_007,202605,8.86
TX_2,HOBBIES_2_007,202606,8.86
TX_2,HOBBIES_2_007,202607,7.97
TX_2,HOBBIES_2_007,202608,8.86
TX_2,HOBBIES_2_007,202609,8.86
TX_2,HOBBIES_2_007,202610,8.86
TX_2,HOBBIES_2_007,202611,8.86
TX_2,HOBBIES_2_007,202612,8.42
TX_2,HOBBIES_2_007,202613,8.86
TX_2,HOBBIES_2_007,202614,8.86
TX_2,HOBBIES_2_007,202615,8.86
TX_2,HOBBIES_2_007,202616,8.86
TX_2,HOBBIES_2_007,202617,8.86
TX_2,HOBBIES_2_007,202618,8.86
TX_2,HOBBIES_2_007,202619,8.86
TX_2,HOBBIES_2_007,202620,8.86
TX_2,HOBBIES_2_008,202520,17.8
TX_2,HOBBIES_2_008,202521,17.8
TX_2,HOBBIES_2_008,202522,17.8
TX_2,HOBBIES_2_008,202523,17.8
TX_2,HOBBIES_2_008,202524,18.7
TX_2,HOBBIES_2_008,202525,17.8
TX_2,HOBBIES_2_008,202526,17.8
TX_2,HOBBIES_2_008,202527,17.8
TX_2,HOBBIES_2_008,202528,17.8
TX_2,HOBBIES_2_008,202529,16.91
TX_2,HOBBIES_2_008,202530,17.8
TX_2,HOBBIES_2_008,202531,17.8
TX_2,HOBBIES_2_008,202532,16.91
TX_2,HOBBIES_2_008,202533,16.02
TX_2,HOBBIES_2_008,202534,17.8
TX_2,HOBBIES_2_008,202535,17.8
TX_2,HOBBIES_2_008,202536,17.8
TX_2,HOBBIES_2_008,202537,18.7
TX_2,HOBBIES_2_008,202538,18.7
TX_2,HOBBIES_2_008,202539,18.7
TX_2,HOBBIES_2_008,202540,17.8
TX_2,HOBBIES_2_008,202541,18.7
TX_2,HOBBIES_2_008,202542,17.8
TX_2,HOBBIES_2_008,202543,17.8
TX_2,HOBBIES_2_008,202544,17.8
TX_2,HOBBIES_2_008,202545,17.8
TX_2,HOBBIES_2_008,202546,17.8
TX_2,HOBBIES_2_008,202547,17.8
TX_2,HOBBIES_2_008,202548,17.8
TX_2,HOBBIES_2_008,202549,18.7
TX_2,HOBBIES_2_008,202550,17.8
TX_2,HOBBIES_2_008,202551,18.7
TX_2,HOBBIES_2_008,202552,17.8
TX_2,HOBBIES_2_008,202501,17.8
TX_2,HOBBIES_2_008,202601,16.91
TX_2,HOBBIES_2_008,202602,17.8
TX_2,HOBBIES_2_008,202603,17.8
TX_2,HOBBIES_2_008,202604,18.7
TX_2,HOBBIES_2_008,202605,18.7
TX_2,HOBBIES_2_008,202606,17.8
TX_2,HOBBIES_2_008,202607,18.7
TX_2,HOBBIES_2_008,202608,17.8
TX_2,HOBBIES_2_008,202609,17.8
TX_2,HOBBIES_2_008,202610,16.91
TX_2,HOBBIES_2_008,202611,17.8
TX_2,HOBBIES_2_008,202612,17.8
TX_2,HOBBIES_2_008,202613,17.8
TX_2,HOBBIES_2_008,202614,17.8
TX_2,HOBBIES_2_008,202615,17.8
TX_2,HOBBIES_2_008,202616,17.8
TX_2,HOBBIES_2_008,202617,16.91
TX_2,HOBBIES_2_008,202618,18.7
TX_2,HOBBIES_2_008,202619,17.8
TX_2,HOBBIES_2_008,202620,16.02
TX_2,HOBBIES_2_009,202520,16.45
TX_2,HOBBIES_2_009,202521,17.31
TX_2,HOBBIES_2_009,202522,16.45
TX_2,HOBBIES_2_009,202523,17.31
TX_2,HOBBIES_2_009,202524,17.31
TX_2,HOBBIES_2_009,202525,18.18
TX_2,HOBBIES_2_009,202526,17.31
TX_2,HOBBIES_2_009,202527,17.31
TX_2,HOBBIES_2_009,202528,17.31
TX_2,HOBBIES_2_009,202529,17.31
TX_2,HOBBIES_2_009,202530,17.31
TX_2,HOBBIES_2_009,202531,17.31
TX_2,HOBBIES_2_009,202532,17.31
TX_2,HOBBIES_2_009,202533,17.31
TX_2,HOBBIES_2_009,202534,17.31
TX_2,HOBBIES_2_009,202535,17.31
TX_2,HOBBIES_2_009,202536,18.18
TX_2,HOBBIES_2_009,202537,17.31
TX_2,HOBBIES_2_009,202538,17.31
TX_2,HOBBIES_2_009,202539,17.31
TX_2,HOBBIES_2_009,202540,17.31
TX_2,HOBBIES_2_009,202541,17.31
TX_2,HOBBIES_2_009,202542,17.31
TX_2,HOBBIES_2_009,202543,16.45
TX_2,HOBBIES_2_009,202544,17.31
TX_2,HOBBIES_2_009,202545,17.31
TX_2,HOBBIES_2_009,202546,17.31
TX_2,HOBBIES_2_009,202547,17.31
TX_2,HOBBIES_2_009,202548,17.31
TX_2,HOBBIES_2_009,202549,17.31
TX_2,HOBBIES_2_009,202550,17.31
TX_2,HOBBIES_2_009,202551,17.31
TX_2,HOBBIES_2_009,202552,16.45
TX_2,HOBBIES_2_009,202501,15.58
TX_2,HOBBIES_2_009,202601,17.31
TX_2,HOBBIES_2_009,202602,17.31
TX_2,HOBBIES_2_009,202603,17.31
TX_2,HOBBIES_2_009,202604,17.31
TX_2,HOBBIES_2_009,202605,15.58
TX_2,HOBBIES_2_009,202606,16.45
TX_2,HOBBIES_2_009,202607,17.31
TX_2,HOBBIES_2_009,202608,15.58
TX_2,HOBBIES_2_009,202609,17.31
TX_2,HOBBIES_2_009,202610,17.31
TX_2,HOBBIES_2_009,202611,17.31
TX_2,HOBBIES_2_009,202612,17.31
TX_2,HOBBIES_2_009,202613,17.31
TX_2,HOBBIES_2_009,202614,17.31
TX_2,HOBBIES_2_009,202615,16.45
TX_2,HOBBIES_2_009,202616,18.18
TX_2,HOBBIES_2_009,202617,17.31
TX_2,HOBBIES_2_009,202618,17.31
TX_2,HOBBIES_2_009,202619,17.31
TX_2,HOBBIES_2_009,202620,17.31
TX_2,HOBBIES_2_010,202520,8.88
TX_2,HOBBIES_2_010,202521,8.88
TX_2,HOBBIES_2_010,202522,8.88
TX_2,HOBBIES_2_010,202523,8.0
TX_2,HOBBIES_2_010,202524,8.88
TX_2,HOBBIES_2_010,202525,8.88
TX_2,HOBBIES_2_010,202526,8.88
TX_2,HOBBIES_2_010,202527,8.88
TX_2,HOBBIES_2_010,202528,8.88
TX_2,HOBBIES_2_010,202529,8.88
TX_2,HOBBIES_2_010,202530,8.88
TX_2,HOBBIES_2_010,202531,8.88
TX_2,HOBBIES_2_010,202532,8.88
TX_2,HOBBIES_2_010,202533,8.88
TX_2,HOBBIES_2_010,202534,9.33
TX_2,HOBBIES_2_010,202535,8.88
TX_2,HOBBIES_2_010,202536,8.0
TX_2,HOBBIES_2_010,202537,8.88
TX_2,HOBBIES_2_010,202538,8.44
TX_2,HOBBIES_2_010,202539,9.33
TX_2,HOBBIES_2_010,202540,8.44
TX_2,HOBBIES_2_010,202541,8.0
TX_2,HOBBIES_2_010,202542,8.88
TX_2,HOBBIES_2_010,202543,8.88
TX_2,HOBBIES_2_010,202544,8.88
TX_2,HOBBIES_2_010,202545,8.88
TX_2,HOBBIES_2_010,202546,8.88
TX_2,HOBBIES_2_010,202547,8.88
TX_2,HOBBIES_2_010,202548,8.0
TX_2,HOBBIES_2_010,202549,8.88
TX_2,HOBBIES_2_010,202550,8.0
TX_2,HOBBIES_2_010,202551,8.88
TX_2,HOBBIES_2_010,202552,8.88
TX_2,HOBBIES_2_010,202501,9.33
TX_2,HOBBIES_2_010,202601,8.88
TX_2,HOBBIES_2_010,202602,8.0
TX_2,HOBBIES_2_010,202603,8.88
TX_2,HOBBIES_2_010,202604,8.88
TX_2,HOBBIES_2_010,202605,9.33
TX_2,HOBBIES_2_010,202606,8.88
TX_2,HOBBIES_2_010,202607,8.88
TX_2,HOBBIES_2_010,202608,8.44
TX_2,HOBBIES_2_010,202609,8.88
TX_2,HOBBIES_2_010,202610,8.88
TX_2,HOBBIES_2_010,202611,8.88
TX_2,HOBBIES_2_010,202612,9.33
TX_2,HOBBIES_2_010,202613,8.88
TX_2,HOBBIES_2_010,202614,8.88
TX_2,HOBBIES_2_010,202615,8.88
TX_2,HOBBIES_2_010,202616,8.0
TX_2,HOBBIES_2_010,202617,8.88
TX_2,HOBBIES_2_010,202618,9.33
TX_2,HOBBIES_2_010,202619,8.88
TX_2,HOBBIES_2_010,202620,8.88
TX_2,HOUSEHOLD_3_001,202520,9.1
TX_2,HOUSEHOLD_3_001,202521,9.1
TX_2,HOUSEHOLD_3_001,202522,9.56
TX_2,HOUSEHOLD_3_001,202523,8.19
TX_2,HOUSEHOLD_3_001,202524,9.1
TX_2,HOUSEHOLD_3_001,202525,9.1
TX_2,HOUSEHOLD_3_001,202526,9.1
TX_2,HOUSEHOLD_3_001,202527,9.1
TX_2,HOUSEHOLD_3_001,202528,9.1
TX_2,HOUSEHOLD_3_001,202529,9.1
TX_2,HOUSEHOLD_3_001,202530,9.1
TX_2,HOUSEHOLD_3_001,202531,9.1
TX_2,HOUSEHOLD_3_001,202532,9.56
TX_2,HOUSEHOLD_3_001,202533,9.1
TX_2,HOUSEHOLD_3_001,202534,9.1
TX_2,HOUSEHOLD_3_001,202535,9.1
TX_2,HOUSEHOLD_3_001,202536,8.19
TX_2,HOUSEHOLD_3_001,202537,8.65
TX_2,HOUSEHOLD_3_001,202538,9.1
TX_2,HOUSEHOLD_3_001,202539,9.1
TX_2,HOUSEHOLD_3_001,202540,9.1
TX_2,HOUSEHOLD_3_001,202541,8.65
TX_2,HOUSEHOLD_3_001,202542,9.1
TX_2,HOUSEHOLD_3_001,202543,8.65
TX_2,HOUSEHOLD_3_001,202544,9.1
TX_2,HOUSEHOLD_3_001,202545,9.1
TX_2,HOUSEHOLD_3_001,202546,9.1
TX_2,HOUSEHOLD_3_001,202547,9.1
TX_2,HOUSEHOLD_3_001,202548,9.1
TX_2,HOUSEHOLD_3_001,202549,9.1
TX_2,HOUSEHOLD_3_001,202550,9.1
TX_2,HOUSEHOLD_3_001,202551,9.56
TX_2,HOUSEHOLD_3_001,202552,9.1
TX_2,HOUSEHOLD_3_001,202501,9.1
TX_2,HOUSEHOLD_3_001,202601,9.1
TX_2,HOUSEHOLD_3_001,202602,9.1
TX_2,HOUSEHOLD_3_001,202603,9.1
TX_2,HOUSEHOLD_3_001,202604,9.1
TX_2,HOUSEHOLD_3_001,202605,9.56
TX_2,HOUSEHOLD_3_001,202606,9.1
TX_2,HOUSEHOLD_3_001,202607,9.1
TX_2,HOUSEHOLD_3_001,202608,8.19
TX_2,HOUSEHOLD_3_001,202609,8.65
TX_2,HOUSEHOLD_3_001,202610,8.65
TX_2,HOUSEHOLD_3_001,202611,8.65
TX_2,HOUSEHOLD_3_001,202612,8.65
TX_2,HOUSEHOLD_3_001,202613,9.1
TX_2,HOUSEHOLD_3_001,202614,9.1
TX_2,HOUSEHOLD_3_001,202615,9.1
TX_2,HOUSEHOLD_3_001,202616,9.1
TX_2,HOUSEHOLD_3_001,202617,9.1
TX_2,HOUSEHOLD_3_001,202618,9.1
TX_2,HOUSEHOLD_3_001,202619,9.1
TX_2,HOUSEHOLD_3_001,202620,8.19
TX_2,HOUSEHOLD_3_002,202520,19.36
TX_2,HOUSEHOLD_3_002,202521,17.42
TX_2,HOUSEHOLD_3_002,202522,19.36
TX_2,HOUSEHOLD_3_002,202523,19.36
TX_2,HOUSEHOLD_3_002,202524,18.39
TX_2,HOUSEHOLD_3_002,202525,17.42
TX_2,HOUSEHOLD_3_002,202526,18.39
TX_2,HOUSEHOLD_3_002,202527,19.36
TX_2,HOUSEHOLD_3_002,202528,17.42
TX_2,HOUSEHOLD_3_002,202529,19.36
TX_2,HOUSEHOLD_3_002,202530,18.39
TX_2,HOUSEHOLD_3_002,202531,19.36
TX_2,HOUSEHOLD_3_002,202532,19.36
TX_2,HOUSEHOLD_3_002,202533,17.42
TX_2,HOUSEHOLD_3_002,202534,17.42
TX_2,HOUSEHOLD_3_002,202535,19.36
TX_2,HOUSEHOLD_3_002,202536,19.36
TX_2,HOUSEHOLD_3_002,202537,19.36
TX_2,HOUSEHOLD_3_002,202538,20.32
TX_2,HOUSEHOLD_3_002,202539,18.39
TX_2,HOUSEHOLD_3_002,202540,17.42
TX_2,HOUSEHOLD_3_002,202541,20.32
TX_2,HOUSEHOLD_3_002,202542,19.36
TX_2,HOUSEHOLD_3_002,202543,19.36
TX_2,HOUSEHOLD_3_002,202544,18.39
TX_2,HOUSEHOLD_3_002,202545,19.36
TX_2,HOUSEHOLD_3_002,202546,19.36
TX_2,HOUSEHOLD_3_002,202547,17.42
TX_2,HOUSEHOLD_3_002,202548,19.36
TX_2,HOUSEHOLD_3_002,202549,19.36
TX_2,HOUSEHOLD_3_002,202550,18.39
TX_2,HOUSEHOLD_3_002,202551,17.42
TX_2,HOUSEHOLD_3_002,202552,19.36
TX_2,HOUSEHOLD_3_002,202501,19.36
TX_2,HOUSEHOLD_3_002,202601,19.36
TX_2,HOUSEHOLD_3_002,202602,19.36
TX_2,HOUSEHOLD_3_002,202603,17.42
TX_2,HOUSEHOLD_3_002,202604,20.32
TX_2,HOUSEHOLD_3_002,202605,19.36
TX_2,HOUSEHOLD_3_002,202606,19.36
TX_2,HOUSEHOLD_3_002,202607,19.36
TX_2,HOUSEHOLD_3_002,202608,19.36
TX_2,HOUSEHOLD_3_002,202609,19.36
TX_2,HOUSEHOLD_3_002,202610,19.36
TX_2,HOUSEHOLD_3_002,202611,19.36
TX_2,HOUSEHOLD_3_002,202612,20.32
TX_2,HOUSEHOLD_3_002,202613,17.42
TX_2,HOUSEHOLD_3_002,202614,17.42
TX_2,HOUSEHOLD_3_002,202615,17.42
TX_2,HOUSEHOLD_3_002,202616,19.36
TX_2,HOUSEHOLD_3_002,202617,19.36
TX_2,HOUSEHOLD_3_002,202618,17.42
TX_2,HOUSEHOLD_3_002,202619,19.36
TX_2,HOUSEHOLD_3_002,202620,19.36
TX_2,HOUSEHOLD_3_003,202520,30.87
TX_2,HOUSEHOLD_3_003,202521,29.4
TX_2,HOUSEHOLD_3_003,202522,26.46
TX_2,HOUSEHOLD_3_003,202523,29.4
TX_2,HOUSEHOLD_3_003,202524,29.4
TX_2,HOUSEHOLD_3_003,202525,29.4
TX_2,HOUSEHOLD_3_003,202526,29.4
TX_2,HOUSEHOLD_3_003,202527,26.46
TX_2,HOUSEHOLD_3_003,202528,30.87
TX_2,HOUSEHOLD_3_003,202529,29.4
TX_2,HOUSEHOLD_3_003,202530,26.46
TX_2,HOUSEHOLD_3_003,202531,30.87
TX_2,HOUSEHOLD_3_003,202532,29.4
TX_2,HOUSEHOLD_3_003,202533,26.46
TX_2,HOUSEHOLD_3_003,202534,29.4
TX_2,HOUSEHOLD_3_003,202535,29.4
TX_2,HOUSEHOLD_3_003,202536,29.4
TX_2,HOUSEHOLD_3_003,202537,29.4
TX_2,HOUSEHOLD_3_003,202538,30.87
TX_2,HOUSEHOLD_3_003,202539,29.4
TX_2,HOUSEHOLD_3_003,202540,29.4
TX_2,HOUSEHOLD_3_003,202541,29.4
TX_2,HOUSEHOLD_3_003,202542,29.4
TX_2,HOUSEHOLD_3_003,202543,29.4
TX_2,HOUSEHOLD_3_003,202544,30.87
TX_2,HOUSEHOLD_3_003,202545,27.93
TX_2,HOUSEHOLD_3_003,202546,29.4
TX_2,HOUSEHOLD_3_003,202547,29.4
TX_2,HOUSEHOLD_3_003,202548,29.4
TX_2,HOUSEHOLD_3_003,202549,29.4
TX_2,HOUSEHOLD_3_003,202550,29.4
TX_2,HOUSEHOLD_3_003,202551,29.4
TX_2,HOUSEHOLD_3_003,202552,29.4
TX_2,HOUSEHOLD_3_003,202501,29.4
TX_2,HOUSEHOLD_3_003,202601,27.93
TX_2,HOUSEHOLD_3_003,202602,29.4
TX_2,HOUSEHOLD_3_003,202603,30.87
TX_2,HOUSEHOLD_3_003,202604,29.4
TX_2,HOUSEHOLD_3_003,202605,26.46
TX_2,HOUSEHOLD_3_003,202606,27.93
TX_2,HOUSEHOLD_3_003,202607,30.87
TX_2,HOUSEHOLD_3_003,202608,29.4
TX_2,HOUSEHOLD_3_003,202609,29.4
TX_2,HOUSEHOLD_3_003,202610,26.46
TX_2,HOUSEHOLD_3_003,202611,29.4
TX_2,HOUSEHOLD_3_003,202612,27.93
TX_2,HOUSEHOLD_3_003,202613,30.87
TX_2,HOUSEHOLD_3_003,202614,26.46
TX_2,HOUSEHOLD_3_003,202615,26.46
TX_2,HOUSEHOLD_3_003,202616,29.4
TX_2,HOUSEHOLD_3_003,202617,29.4
TX_2,HOUSEHOLD_3_003,202618,27.93
TX_2,HOUSEHOLD_3_003,202619,29.4
TX_2,HOUSEHOLD_3_003,202620,27.93
TX_2,HOUSEHOLD_3_004,202520,22.89
TX_2,HOUSEHOLD_3_004,202521,25.44
TX_2,HOUSEHOLD_3_004,202522,25.44
TX_2,HOUSEHOLD_3_004,202523,26.71
TX_2,HOUSEHOLD_3_004,202524,25.44
TX_2,HOUSEHOLD_3_004,202525,25.44
TX_2,HOUSEHOLD_3_004,202526,26.71
TX_2,HOUSEHOLD_3_004,202527,25.44
TX_2,HOUSEHOLD_3_004,202528,26.71
TX_2,HOUSEHOLD_3_004,202529,25.44
TX_2,HOUSEHOLD_3_004,202530,25.44
TX_2,HOUSEHOLD_3_004,202531,25.44
TX_2,HOUSEHOLD_3_004,202532,22.89
TX_2,HOUSEHOLD_3_004,202533,25.44
TX_2,HOUSEHOLD_3_004,202534,26.71
TX_2,HOUSEHOLD_3_004,202535,25.44
TX_2,HOUSEHOLD_3_004,202536,25.44
TX_2,HOUSEHOLD_3_004,202537,25.44
TX_2,HOUSEHOLD_3_004,202538,25.44
TX_2,HOUSEHOLD_3_004,202539,26.71
TX_2,HOUSEHOLD_3_004,202540,25.44
TX_2,HOUSEHOLD_3_004,202541,25.44
TX_2,HOUSEHOLD_3_004,202542,25.44
TX_2,HOUSEHOLD_3_004,202543,24.16
TX_2,HOUSEHOLD_3_004,202544,26.71
TX_2,HOUSEHOLD_3_004,202545,25.44
TX_2,HOUSEHOLD_3_004,202546,22.89
TX_2,HOUSEHOLD_3_004,202547,25.44
TX_2,HOUSEHOLD_3_004,202548,24.16
TX_2,HOUSEHOLD_3_004,202549,25.44
TX_2,HOUSEHOLD_3_004,202550,24.16
TX_2,HOUSEHOLD_3_004,202551,25.44
TX_2,HOUSEHOLD_3_004,202552,25.44
TX_2,HOUSEHOLD_3_004,202501,26.71
TX_2,HOUSEHOLD_3_004,202601,22.89
TX_2,HOUSEHOLD_3_004,202602,25.44
TX_2,HOUSEHOLD_3_004,202603,24.16
TX_2,HOUSEHOLD_3_004,202604,24.16
TX_2,HOUSEHOLD_3_004,202605,25.44
TX_2,HOUSEHOLD_3_004,202606,25.44
TX_2,HOUSEHOLD_3_004,202607,25.44
TX_2,HOUSEHOLD_3_004,202608,25.44
TX_2,HOUSEHOLD_3_004,202609,25.44
TX_2,HOUSEHOLD_3_004,202610,24.16
TX_2,HOUSEHOLD_3_004,202611,24.16
TX_2,HOUSEHOLD_3_004,202612,25.44
TX_2,HOUSEHOLD_3_004,202613,25.44
TX_2,HOUSEHOLD_3_004,202614,25.44
TX_2,HOUSEHOLD_3_004,202615,26.71
TX_2,HOUSEHOLD_3_004,202616,22.89
TX_2,HOUSEHOLD_3_004,202617,26.71
TX_2,HOUSEHOLD_3_004,202618,25.44
TX_2,HOUSEHOLD_3_004,202619,26.71
TX_2,HOUSEHOLD_3_004,202620,25.44
TX_2,HOUSEHOLD_3_005,202520,19.1
TX_2,HOUSEHOLD_3_005,202521,19.1
TX_2,HOUSEHOLD_3_005,202522,17.19
TX_2,HOUSEHOLD_3_005,202523,19.1
TX_2,HOUSEHOLD_3_005,202524,19.1
TX_2,HOUSEHOLD_3_005,202525,18.14
TX_2,HOUSEHOLD_3_005,202526,19.1
TX_2,HOUSEHOLD_3_005,202527,19.1
TX_2,HOUSEHOLD_3_005,202528,19.1
TX_2,HOUSEHOLD_3_005,202529,19.1
TX_2,HOUSEHOLD_3_005,202530,19.1
TX_2,HOUSEHOLD_3_005,202531,19.1
TX_2,HOUSEHOLD_3_005,202532,17.19
TX_2,HOUSEHOLD_3_005,202533,19.1
TX_2,HOUSEHOLD_3_005,202534,19.1
TX_2,HOUSEHOLD_3_005,202535,19.1
TX_2,HOUSEHOLD_3_005,202536,19.1
TX_2,HOUSEHOLD_3_005,202537,17.19
TX_2,HOUSEHOLD_3_005,202538,19.1
TX_2,HOUSEHOLD_3_005,202539,19.1
TX_2,HOUSEHOLD_3_005,202540,19.1
TX_2,HOUSEHOLD_3_005,202541,19.1
TX_2,HOUSEHOLD_3_005,202542,19.1
TX_2,HOUSEHOLD_3_005,202543,17.19
TX_2,HOUSEHOLD_3_005,202544,19.1
TX_2,HOUSEHOLD_3_005,202545,19.1
TX_2,HOUSEHOLD_3_005,202546,19.1
TX_2,HOUSEHOLD_3_005,202547,19.1
TX_2,HOUSEHOLD_3_005,202548,19.1
TX_2,HOUSEHOLD_3_005,202549,19.1
TX_2,HOUSEHOLD_3_005,202550,19.1
TX_2,HOUSEHOLD_3_005,202551,20.05
TX_2,HOUSEHOLD_3_005,202552,17.19
TX_2,HOUSEHOLD_3_005,202501,18.14
TX_2,HOUSEHOLD_3_005,202601,19.1
TX_2,HOUSEHOLD_3_005,202602,19.1
TX_2,HOUSEHOLD_3_005,202603,19.1
TX_2,HOUSEHOLD_3_005,202604,17.19
TX_2,HOUSEHOLD_3_005,202605,18.14
TX_2,HOUSEHOLD_3_005,202606,19.1
TX_2,HOUSEHOLD_3_005,202607,19.1
TX_2,HOUSEHOLD_3_005,202608,19.1
TX_2,HOUSEHOLD_3_005,202609,20.05
TX_2,HOUSEHOLD_3_005,202610,20.05
TX_2,HOUSEHOLD_3_005,202611,19.1
TX_2,HOUSEHOLD_3_005,202612,19.1
TX_2,HOUSEHOLD_3_005,202613,20.05
TX_2,HOUSEHOLD_3_005,202614,19.1
TX_2,HOUSEHOLD_3_005,202615,19.1
TX_2,HOUSEHOLD_3_005,202616,19.1
TX_2,HOUSEHOLD_3_005,202617,19.1
TX_2,HOUSEHOLD_3_005,202618,19.1
TX_2,HOUSEHOLD_3_005,202619,19.1
TX_2,HOUSEHOLD_3_005,202620,19.1
TX_2,HOUSEHOLD_3_006,202520,16.87
TX_2,HOUSEHOLD_3_006,202521,15.18
TX_2,HOUSEHOLD_3_006,202522,16.87
TX_2,HOUSEHOLD_3_006,202523,16.87
TX_2,HOUSEHOLD_3_006,202524,15.18
TX_2,HOUSEHOLD_3_006,202525,17.71
TX_2,HOUSEHOLD_3_006,202526,16.87
TX_2,HOUSEHOLD_3_006,202527,16.87
TX_2,HOUSEHOLD_3_006,202528,16.87
TX_2,HOUSEHOLD_3_006,202529,15.18
TX_2,HOUSEHOLD_3_006,202530,15.18
TX_2,HOUSEHOLD_3_006,202531,17.71
TX_2,HOUSEHOLD_3_006,202532,16.02
TX_2,HOUSEHOLD_3_006,202533,16.87
TX_2,HOUSEHOLD_3_006,202534,16.87
TX_2,HOUSEHOLD_3_006,202535,16.87
TX_2,HOUSEHOLD_3_006,202536,17.71
TX_2,HOUSEHOLD_3_006,202537,16.87
TX_2,HOUSEHOLD_3_006,202538,17.71
TX_2,HOUSEHOLD_3_006,202539,16.87
TX_2,HOUSEHOLD_3_006,202540,17.71
TX_2,HOUSEHOLD_3_006,202541,16.87
TX_2,HOUSEHOLD_3_006,202542,16.02
TX_2,HOUSEHOLD_3_006,202543,17.71
TX_2,HOUSEHOLD_3_006,202544,16.87
TX_2,HOUSEHOLD_3_006,202545,16.02
TX_2,HOUSEHOLD_3_006,202546,17.71
TX_2,HOUSEHOLD_3_006,202547,16.87
TX_2,HOUSEHOLD_3_006,202548,16.87
TX_2,HOUSEHOLD_3_006,202549,16.87
TX_2,HOUSEHOLD_3_006,202550,15.18
TX_2,HOUSEHOLD_3_006,202551,16.87
TX_2,HOUSEHOLD_3_006,202552,16.87
TX_2,HOUSEHOLD_3_006,202501,16.87
TX_2,HOUSEHOLD_3_006,202601,17.71
TX_2,HOUSEHOLD_3_006,202602,15.18
TX_2,HOUSEHOLD_3_006,202603,16.87
TX_2,HOUSEHOLD_3_006,202604,16.87
TX_2,HOUSEHOLD_3_006,202605,16.87
TX_2,HOUSEHOLD_3_006,202606,16.87
TX_2,HOUSEHOLD_3_006,202607,15.18
TX_2,HOUSEHOLD_3_006,202608,16.87
TX_2,HOUSEHOLD_3_006,202609,17.71
TX_2,HOUSEHOLD_3_006,202610,16.87
TX_2,HOUSEHOLD_3_006,202611,16.87
TX_2,HOUSEHOLD_3_006,202612,16.87
TX_2,HOUSEHOLD_3_006,202613,16.87
TX_2,HOUSEHOLD_3_006,202614,16.87
TX_2,HOUSEHOLD_3_006,202615,16.02
TX_2,HOUSEHOLD_3_006,202616,16.87
TX_2,HOUSEHOLD_3_006,202617,16.87
TX_2,HOUSEHOLD_3_006,202618,17.71
TX_2,HOUSEHOLD_3_006,202619,16.87
TX_2,HOUSEHOLD_3_006,202620,15.18
TX_2,HOUSEHOLD_3_007,202520,7.98
TX_2,HOUSEHOLD_3_007,202521,7.6
TX_2,HOUSEHOLD_3_007,202522,7.22
TX_2,HOUSEHOLD_3_007,202523,7.6
TX_2,HOUSEHOLD_3_007,202524,7.6
TX_2,HOUSEHOLD_3_007,202525,7.6
TX_2,HOUSEHOLD_3_007,202526,7.6
TX_2,HOUSEHOLD_3_007,202527,7.6
TX_2,HOUSEHOLD_3_007,202528,7.6
TX_2,HOUSEHOLD_3_007,202529,7.6
TX_2,HOUSEHOLD_3_007,202530,6.84
TX_2,HOUSEHOLD_3_007,202531,7.6
TX_2,HOUSEHOLD_3_007,202532,7.6
TX_2,HOUSEHOLD_3_007,202533,7.6
TX_2,HOUSEHOLD_3_007,202534,7.6
TX_2,HOUSEHOLD_3_007,202535,6.84
TX_2,HOUSEHOLD_3_007,202536,7.6
TX_2,HOUSEHOLD_3_007,202537,7.6
TX_2,HOUSEHOLD_3_007,202538,7.98
TX_2,HOUSEHOLD_3_007,202539,7.22
TX_2,HOUSEHOLD_3_007,202540,7.6
TX_2,HOUSEHOLD_3_007,202541,7.6
TX_2,HOUSEHOLD_3_007,202542,7.6
TX_2,HOUSEHOLD_3_007,202543,7.6
TX_2,HOUSEHOLD_3_007,202544,7.6
TX_2,HOUSEHOLD_3_007,202545,7.6
TX_2,HOUSEHOLD_3_007,202546,7.6
TX_2,HOUSEHOLD_3_007,202547,7.22
TX_2,HOUSEHOLD_3_007,202548,7.6
TX_2,HOUSEHOLD_3_007,202549,7.6
TX_2,HOUSEHOLD_3_007,202550,7.6
TX_2,HOUSEHOLD_3_007,202551,7.6
TX_2,HOUSEHOLD_3_007,202552,6.84
TX_2,HOUSEHOLD_3_007,202501,7.6
TX_2,HOUSEHOLD_3_007,202601,7.6
TX_2,HOUSEHOLD_3_007,202602,7.6
TX_2,HOUSEHOLD_3_007,202603,7.6
TX_2,HOUSEHOLD_3_007,202604,7.6
TX_2,HOUSEHOLD_3_007,202605,6.84
TX_2,HOUSEHOLD_3_007,202606,6.84
TX_2,HOUSEHOLD_3_007,202607,7.6
TX_2,HOUSEHOLD_3_007,202608,7.98
TX_2,HOUSEHOLD_3_007,202609,6.84
TX_2,HOUSEHOLD_3_007,202610,7.22
TX_2,HOUSEHOLD_3_007,202611,7.6
TX_2,HOUSEHOLD_3_007,202612,6.84
TX_2,HOUSEHOLD_3_007,202613,7.22
TX_2,HOUSEHOLD_3_007,202614,7.6
TX_2,HOUSEHOLD_3_007,202615,7.22
TX_2,HOUSEHOLD_3_007,202616,6.84
TX_2,HOUSEHOLD_3_007,202617,6.84
TX_2,HOUSEHOLD_3_007,202618,7.98
TX_2,HOUSEHOLD_3_007,202619,7.6
TX_2,HOUSEHOLD_3_007,202620,7.6
TX_2,HOUSEHOLD_3_008,202520,9.62
TX_2,HOUSEHOLD_3_008,202521,9.62
TX_2,HOUSEHOLD_3_008,202522,9.62
TX_2,HOUSEHOLD_3_008,202523,9.62
TX_2,HOUSEHOLD_3_008,202524,9.62
TX_2,HOUSEHOLD_3_008,202525,8.66
TX_2,HOUSEHOLD_3_008,202526,9.62
TX_2,HOUSEHOLD_3_008,202527,9.62
TX_2,HOUSEHOLD_3_008,202528,9.62
TX_2,HOUSEHOLD_3_008,202529,8.66
TX_2,HOUSEHOLD_3_008,202530,9.62
TX_2,HOUSEHOLD_3_008,202531,9.62
TX_2,HOUSEHOLD_3_008,202532,9.14
TX_2,HOUSEHOLD_3_008,202533,9.14
TX_2,HOUSEHOLD_3_008,202534,10.11
TX_2,HOUSEHOLD_3_008,202535,8.66
TX_2,HOUSEHOLD_3_008,202536,9.62
TX_2,HOUSEHOLD_3_008,202537,9.62
TX_2,HOUSEHOLD_3_008,202538,9.62
TX_2,HOUSEHOLD_3_008,202539,9.62
TX_2,HOUSEHOLD_3_008,202540,9.62
TX_2,HOUSEHOLD_3_008,202541,9.62
TX_2,HOUSEHOLD_3_008,202542,9.62
TX_2,HOUSEHOLD_3_008,202543,8.66
TX_2,HOUSEHOLD_3_008,202544,9.62
TX_2,HOUSEHOLD_3_008,202545,10.11
TX_2,HOUSEHOLD_3_008,202546,9.62
TX_2,HOUSEHOLD_3_008,202547,8.66
TX_2,HOUSEHOLD_3_008,202548,9.14
TX_2,HOUSEHOLD_3_008,202549,9.62
TX_2,HOUSEHOLD_3_008,202550,8.66
TX_2,HOUSEHOLD_3_008,202551,8.66
TX_2,HOUSEHOLD_3_008,202552,9.62
TX_2,HOUSEHOLD_3_008,202501,9.62
TX_2,HOUSEHOLD_3_008,202601,10.11
TX_2,HOUSEHOLD_3_008,202602,9.62
TX_2,HOUSEHOLD_3_008,202603,9.62
TX_2,HOUSEHOLD_3_008,202604,10.11
TX_2,HOUSEHOLD_3_008,202605,9.62
TX_2,HOUSEHOLD_3_008,202606,9.62
TX_2,HOUSEHOLD_3_008,202607,10.11
TX_2,HOUSEHOLD_3_008,202608,9.14
TX_2,HOUSEHOLD_3_008,202609,9.62
TX_2,HOUSEHOLD_3_008,202610,10.11
TX_2,HOUSEHOLD_3_008,202611,9.62
TX_2,HOUSEHOLD_3_008,202612,10.11
TX_2,HOUSEHOLD_3_008,202613,9.62
TX_2,HOUSEHOLD_3_008,202614,9.62
TX_2,HOUSEHOLD_3_008,202615,9.62
TX_2,HOUSEHOLD_3_008,202616,9.62
TX_2,HOUSEHOLD_3_008,202617,9.62
TX_2,HOUSEHOLD_3_008,202618,10.11
TX_2,HOUSEHOLD_3_008,202619,9.62
TX_2,HOUSEHOLD_3_008,202620,9.62
TX_2,HOUSEHOLD_3_009,202520,9.93
TX_2,HOUSEHOLD_3_009,202521,10.43
TX_2,HOUSEHOLD_3_009,202522,9.93
TX_2,HOUSEHOLD_3_009,202523,9.93
TX_2,HOUSEHOLD_3_009,202524,10.43
TX_2,HOUSEHOLD_3_009,202525,9.93
TX_2,HOUSEHOLD_3_009,202526,9.93
TX_2,HOUSEHOLD_3_009,202527,9.93
TX_2,HOUSEHOLD_3_009,202528,9.93
TX_2,HOUSEHOLD_3_009,202529,10.43
TX_2,HOUSEHOLD_3_009,202530,9.93
TX_2,HOUSEHOLD_3_009,202531,9.93
TX_2,HOUSEHOLD_3_009,202532,9.93
TX_2,HOUSEHOLD_3_009,202533,9.93
TX_2,HOUSEHOLD_3_009,202534,9.93
TX_2,HOUSEHOLD_3_009,202535,9.93
TX_2,HOUSEHOLD_3_009,202536,9.93
TX_2,HOUSEHOLD_3_009,202537,9.93
TX_2,HOUSEHOLD_3_009,202538,9.93
TX_2,HOUSEHOLD_3_009,202539,9.93
TX_2,HOUSEHOLD_3_009,202540,9.93
TX_2,HOUSEHOLD_3_009,202541,9.93
TX_2,HOUSEHOLD_3_009,202542,9.93
TX_2,HOUSEHOLD_3_009,202543,8.94
TX_2,HOUSEHOLD_3_009,202544,9.93
TX_2,HOUSEHOLD_3_009,202545,9.93
TX_2,HOUSEHOLD_3_009,202546,9.93
TX_2,HOUSEHOLD_3_009,202547,9.93
TX_2,HOUSEHOLD_3_009,202548,9.93
TX_2,HOUSEHOLD_3_009,202549,9.93
TX_2,HOUSEHOLD_3_009,202550,9.93
TX_2,HOUSEHOLD_3_009,202551,9.93
TX_2,HOUSEHOLD_3_009,202552,8.94
TX_2,HOUSEHOLD_3_009,202501,9.93
TX_2,HOUSEHOLD_3_009,202601,9.93
TX_2,HOUSEHOLD_3_009,202602,9.93
TX_2,HOUSEHOLD_3_009,202603,8.94
TX_2,HOUSEHOLD_3_009,202604,9.93
TX_2,HOUSEHOLD_3_009,202605,9.93
TX_2,HOUSEHOLD_3_009,202606,10.43
TX_2,HOUSEHOLD_3_009,202607,9.93
TX_2,HOUSEHOLD_3_009,202608,9.44
TX_2,HOUSEHOLD_3_009,202609,9.93
TX_2,HOUSEHOLD_3_009,202610,10.43
TX_2,HOUSEHOLD_3_009,202611,9.93
TX_2,HOUSEHOLD_3_009,202612,9.93
TX_2,HOUSEHOLD_3_009,202613,9.93
TX_2,HOUSEHOLD_3_009,202614,9.44
TX_2,HOUSEHOLD_3_009,202615,10.43
TX_2,HOUSEHOLD_3_009,202616,9.93
TX_2,HOUSEHOLD_3_009,202617,9.44
TX_2,HOUSEHOLD_3_009,202618,8.94
TX_2,HOUSEHOLD_3_009,202619,8.94
TX_2,HOUSEHOLD_3_009,202620,9.93
TX_2,HOUSEHOLD_3_010,202520,10.14
TX_2,HOUSEHOLD_3_010,202521,9.13
TX_2,HOUSEHOLD_3_010,202522,9.63
TX_2,HOUSEHOLD_3_010,202523,9.13
TX_2,HOUSEHOLD_3_010,202524,10.14
TX_2,HOUSEHOLD_3_010,202525,10.14
TX_2,HOUSEHOLD_3_010,202526,10.14
TX_2,HOUSEHOLD_3_010,202527,9.63
TX_2,HOUSEHOLD_3_010,202528,10.14
TX_2,HOUSEHOLD_3_010,202529,10.14
TX_2,HOUSEHOLD_3_010,202530,10.14
TX_2,HOUSEHOLD_3_010,202531,10.14
TX_2,HOUSEHOLD_3_010,202532,9.13
TX_2,HOUSEHOLD_3_010,202533,9.63
TX_2,HOUSEHOLD_3_010,202534,10.14
TX_2,HOUSEHOLD_3_010,202535,9.63
TX_2,HOUSEHOLD_3_010,202536,10.14
TX_2,HOUSEHOLD_3_010,202537,9.63
TX_2,HOUSEHOLD_3_010,202538,10.14
TX_2,HOUSEHOLD_3_010,202539,10.14
TX_2,HOUSEHOLD_3_010,202540,9.13
TX_2,HOUSEHOLD_3_010,202541,10.14
TX_2,HOUSEHOLD_3_010,202542,10.14
TX_2,HOUSEHOLD_3_010,202543,10.14
TX_2,HOUSEHOLD_3_010,202544,10.65
TX_2,HOUSEHOLD_3_010,202545,10.14
TX_2,HOUSEHOLD_3_010,202546,10.14
TX_2,HOUSEHOLD_3_010,202547,10.14
TX_2,HOUSEHOLD_3_010,202548,10.14
TX_2,HOUSEHOLD_3_010,202549,10.14
TX_2,HOUSEHOLD_3_010,202550,10.14
TX_2,HOUSEHOLD_3_010,202551,10.14
TX_2,HOUSEHOLD_3_010,202552,10.14
TX_2,HOUSEHOLD_3_010,202501,10.14
TX_2,HOUSEHOLD_3_010,202601,10.65
TX_2,HOUSEHOLD_3_010,202602,9.63
TX_2,HOUSEHOLD_3_010,202603,10.14
TX_2,HOUSEHOLD_3_010,202604,9.13
TX_2,HOUSEHOLD_3_010,202605,9.63
TX_2,HOUSEHOLD_3_010,202606,10.14
TX_2,HOUSEHOLD_3_010,202607,9.63
TX_2,HOUSEHOLD_3_010,202608,10.14
TX_2,HOUSEHOLD_3_010,202609,9.13
TX_2,HOUSEHOLD_3_010,202610,9.13
TX_2,HOUSEHOLD_3_010,202611,10.14
TX_2,HOUSEHOLD_3_010,202612,10.14
TX_2,HOUSEHOLD_3_010,202613,10.14
TX_2,HOUSEHOLD_3_010,202614,10.14
TX_2,HOUSEHOLD_3_010,202615,10.14
TX_2,HOUSEHOLD_3_010,202616,10.14
TX_2,HOUSEHOLD_3_010,202617,10.14
TX_2,HOUSEHOLD_3_010,202618,10.14
TX_2,HOUSEHOLD_3_010,202619,10.65
TX_2,HOUSEHOLD_3_010,202620,10.14
WI_1,FOODS_1_001,202520,13.17
WI_1,FOODS_1_001,202521,12.52
WI_1,FOODS_1_001,202522,13.17
WI_1,FOODS_1_001,202523,13.17
WI_1,FOODS_1_001,202524,13.17
WI_1,FOODS_1_001,202525,13.17
WI_1,FOODS_1_001,202526,13.17
WI_1,FOODS_1_001,202527,12.52
WI_1,FOODS_1_001,202528,13.17
WI_1,FOODS_1_001,202529,13.17
WI_1,FOODS_1_001,202530,13.17
WI_1,FOODS_1_001,202531,12.52
WI_1,FOODS_1_001,202532,13.17
WI_1,FOODS_1_001,202533,11.86
WI_1,FOODS_1_001,202534,13.17
WI_1,FOODS_1_001,202535,13.17
WI_1,FOODS_1_001,202536,13.17
WI_1,FOODS_1_001,202537,13.17
WI_1,FOODS_1_001,202538,11.86
WI_1,FOODS_1_001,202539,13.17
WI_1,FOODS_1_001,202540,13.17
WI_1,FOODS_1_001,202541,13.17
WI_1,FOODS_1_001,202542,13.17
WI_1,FOODS_1_001,202543,12.52
WI_1,FOODS_1_001,202544,13.17
WI_1,FOODS_1_001,202545,13.17
WI_1,FOODS_1_001,202546,13.17
WI_1,FOODS_1_001,202547,13.17
WI_1,FOODS_1_001,202548,13.17
WI_1,FOODS_1_001,202549,13.17
WI_1,FOODS_1_001,202550,11.86
WI_1,FOODS_1_001,202551,13.83
WI_1,FOODS_1_001,202552,13.17
WI_1,FOODS_1_001,202501,11.86
WI_1,FOODS_1_001,202601,13.17
WI_1,FOODS_1_001,202602,13.83
WI_1,FOODS_1_001,202603,12.52
WI_1,FOODS_1_001,202604,13.17
WI_1,FOODS_1_001,202605,13.17
WI_1,FOODS_1_001,202606,13.17
WI_1,FOODS_1_001,202607,13.83
WI_1,FOODS_1_001,202608,11.86
WI_1,FOODS_1_001,202609,13.17
WI_1,FOODS_1_001,202610,13.17
WI_1,FOODS_1_001,202611,13.17
WI_1,FOODS_1_001,202612,13.17
WI_1,FOODS_1_001,202613,13.17
WI_1,FOODS_1_001,202614,13.17
WI_1,FOODS_1_001,202615,12.52
WI_1,FOODS_1_001,202616,12.52
WI_1,FOODS_1_001,202617,13.83
WI_1,FOODS_1_001,202618,13.17
WI_1,FOODS_1_001,202619,13.17
WI_1,FOODS_1_001,202620,13.17
WI_1,FOODS_1_002,202520,21.7
WI_1,FOODS_1_002,202521,22.78
WI_1,FOODS_1_002,202522,20.61
WI_1,FOODS_1_002,202523,21.7
WI_1,FOODS_1_002,202524,19.53
WI_1,FOODS_1_002,202525,21.7
WI_1,FOODS_1_002,202526,21.7
WI_1,FOODS_1_002,202527,21.7
WI_1,FOODS_1_002,202528,21.7
WI_1,FOODS_1_002,202529,20.61
WI_1,FOODS_1_002,202530,21.7
WI_1,FOODS_1_002,202531,22.78
WI_1,FOODS_1_002,202532,19.53
WI_1,FOODS_1_002,202533,21.7
WI_1,FOODS_1_002,202534,20.61
WI_1,FOODS_1_002,202535,21.7
WI_1,FOODS_1_002,202536,21.7
WI_1,FOODS_1_002,202537,19.53
WI_1,FOODS_1_002,202538,22.78
WI_1,FOODS_1_002,202539,21.7
WI_1,FOODS_1_002,202540,21.7
WI_1,FOODS_1_002,202541,19.53
WI_1,FOODS_1_002,202542,21.7
WI_1,FOODS_1_002,202543,21.7
WI_1,FOODS_1_002,202544,21.7
WI_1,FOODS_1_002,202545,21.7
WI_1,FOODS_1_002,202546,21.7
WI_1,FOODS_1_002,202547,21.7
WI_1,FOODS_1_002,202548,21.7
WI_1,FOODS_1_002,202549,21.7
WI_1,FOODS_1_002,202550,21.7
WI_1,FOODS_1_002,202551,22.78
WI_1,FOODS_1_002,202552,21.7
WI_1,FOODS_1_002,202501,19.53
WI_1,FOODS_1_002,202601,21.7
WI_1,FOODS_1_002,202602,22.78
WI_1,FOODS_1_002,202603,21.7
WI_1,FOODS_1_002,202604,19.53
WI_1,FOODS_1_002,202605,22.78
WI_1,FOODS_1_002,202606,22.78
WI_1,FOODS_1_002,202607,21.7
WI_1,FOODS_1_002,202608,21.7
WI_1,FOODS_1_002,202609,21.7
WI_1,FOODS_1_002,202610,21.7
WI_1,FOODS_1_002,202611,21.7
WI_1,FOODS_1_002,202612,21.7
WI_1,FOODS_1_002,202613,21.7
WI_1,FOODS_1_002,202614,21.7
WI_1,FOODS_1_002,202615,21.7
WI_1,FOODS_1_002,202616,20.61
WI_1,FOODS_1_002,202617,21.7
WI_1,FOODS_1_002,202618,21.7
WI_1,FOODS_1_002,202619,19.53
WI_1,FOODS_1_002,202620,20.61
WI_1,FOODS_1_003,202520,29.98
WI_1,FOODS_1_003,202521,28.48
WI_1,FOODS_1_003,202522,29.98
WI_1,FOODS_1_003,202523,29.98
WI_1,FOODS_1_003,202524,28.48
WI_1,FOODS_1_003,202525,29.98
WI_1,FOODS_1_003,202526,29.98
WI_1,FOODS_1_003,202527,29.98
WI_1,FOODS_1_003,202528,29.98
WI_1,FOODS_1_003,202529,29.98
WI_1,FOODS_1_003,202530,29.98
WI_1,FOODS_1_003,202531,29.98
WI_1,FOODS_1_003,202532,26.98
WI_1,FOODS_1_003,202533,31.48
WI_1,FOODS_1_003,202534,29.98
WI_1,FOODS_1_003,202535,29.98
WI_1,FOODS_1_003,202536,28.48
WI_1,FOODS_1_003,202537,29.98
WI_1,FOODS_1_003,202538,26.98
WI_1,FOODS_1_003,202539,29.98
WI_1,FOODS_1_003,202540,26.98
WI_1,FOODS_1_003,202541,29.98
WI_1,FOODS_1_003,202542,31.48
WI_1,FOODS_1_003,202543,29.98
WI_1,FOODS_1_003,202544,29.98
WI_1,FOODS_1_003,202545,29.98
WI_1,FOODS_1_003,202546,31.48
WI_1,FOODS_1_003,202547,29.98
WI_1,FOODS_1_003,202548,29.98
WI_1,FOODS_1_003,202549,28.48
WI_1,FOODS_1_003,202550,29.98
WI_1,FOODS_1_003,202551,29.98
WI_1,FOODS_1_003,202552,29.98
WI_1,FOODS_1_003,202501,29.98
WI_1,FOODS_1_003,202601,31.48
WI_1,FOODS_1_003,202602,29.98
WI_1,FOODS_1_003,202603,29.98
WI_1,FOODS_1_003,202604,29.98
WI_1,FOODS_1_003,202605,29.98
WI_1,FOODS_1_003,202606,29.98
WI_1,FOODS_1_003,202607,29.98
WI_1,FOODS_1_003,202608,26.98
WI_1,FOODS_1_003,202609,26.98
WI_1,FOODS_1_003,202610,29.98
WI_1,FOODS_1_003,202611,29.98
WI_1,FOODS_1_003,202612,29.98
WI_1,FOODS_1_003,202613,28.48
WI_1,FOODS_1_003,202614,29.98
WI_1,FOODS_1_003,202615,29.98
WI_1,FOODS_1_003,202616,29.98
WI_1,FOODS_1_003,202617,28.48
WI_1,FOODS_1_003,202618,31.48
WI_1,FOODS_1_003,202619,29.98
WI_1,FOODS_1_003,202620,29.98
WI_1,FOODS_1_004,202520,22.22
WI_1,FOODS_1_004,202521,22.22
WI_1,FOODS_1_004,202522,22.22
WI_1,FOODS_1_004,202523,22.22
WI_1,FOODS_1_004,202524,22.22
WI_1,FOODS_1_004,202525,22.22
WI_1,FOODS_1_004,202526,22.22
WI_1,FOODS_1_004,202527,23.33
WI_1,FOODS_1_004,202528,22.22
WI_1,FOODS_1_004,202529,22.22
WI_1,FOODS_1_004,202530,22.22
WI_1,FOODS_1_004,202531,22.22
WI_1,FOODS_1_004,202532,22.22
WI_1,FOODS_1_004,202533,22.22
WI_1,FOODS_1_004,202534,22.22
WI_1,FOODS_1_004,202535,22.22
WI_1,FOODS_1_004,202536,22.22
WI_1,FOODS_1_004,202537,22.22
WI_1,FOODS_1_004,202538,22.22
WI_1,FOODS_1_004,202539,22.22
WI_1,FOODS_1_004,202540,22.22
WI_1,FOODS_1_004,202541,19.99
WI_1,FOODS_1_004,202542,23.33
WI_1,FOODS_1_004,202543,22.22
WI_1,FOODS_1_004,202544,23.33
WI_1,FOODS_1_004,202545,22.22
WI_1,FOODS_1_004,202546,22.22
WI_1,FOODS_1_004,202547,22.22
WI_1,FOODS_1_004,202548,21.11
WI_1,FOODS_1_004,202549,19.99
WI_1,FOODS_1_004,202550,21.11
WI_1,FOODS_1_004,202551,19.99
WI_1,FOODS_1_004,202552,22.22
WI_1,FOODS_1_004,202501,22.22
WI_1,FOODS_1_004,202601,22.22
WI_1,FOODS_1_004,202602,22.22
WI_1,FOODS_1_004,202603,21.11
WI_1,FOODS_1_004,202604,19.99
WI_1,FOODS_1_004,202605,21.11
WI_1,FOODS_1_004,202606,22.22
WI_1,FOODS_1_004,202607,22.22
WI_1,FOODS_1_004,202608,19.99
WI_1,FOODS_1_004,202609,22.22
WI_1,FOODS_1_004,202610,22.22
WI_1,FOODS_1_004,202611,22.22
WI_1,FOODS_1_004,202612,22.22
WI_1,FOODS_1_004,202613,22.22
WI_1,FOODS_1_004,202614,23.33
WI_1,FOODS_1_004,202615,21.11
WI_1,FOODS_1_004,202616,19.99
WI_1,FOODS_1_004,202617,21.11
WI_1,FOODS_1_004,202618,21.11
WI_1,FOODS_1_004,202619,22.22
WI_1,FOODS_1_004,202620,22.22
WI_1,FOODS_1_005,202520,15.17
WI_1,FOODS_1_005,202521,15.17
WI_1,FOODS_1_005,202522,15.17
WI_1,FOODS_1_005,202523,15.17
WI_1,FOODS_1_005,202524,15.17
WI_1,FOODS_1_005,202525,15.17
WI_1,FOODS_1_005,202526,15.17
WI_1,FOODS_1_005,202527,15.17
WI_1,FOODS_1_005,202528,15.17
WI_1,FOODS_1_005,202529,15.17
WI_1,FOODS_1_005,202530,13.65
WI_1,FOODS_1_005,202531,15.17
WI_1,FOODS_1_005,202532,13.65
WI_1,FOODS_1_005,202533,13.65
WI_1,FOODS_1_005,202534,15.93
WI_1,FOODS_1_005,202535,15.17
WI_1,FOODS_1_005,202536,14.41
WI_1,FOODS_1_005,202537,15.17
WI_1,FOODS_1_005,202538,15.17
WI_1,FOODS_1_005,202539,13.65
WI_1,FOODS_1_005,202540,15.17
WI_1,FOODS_1_005,202541,14.41
WI_1,FOODS_1_005,202542,15.17
WI_1,FOODS_1_005,202543,15.17
WI_1,FOODS_1_005,202544,15.17
WI_1,FOODS_1_005,202545,15.17
WI_1,FOODS_1_005,202546,15.17
WI_1,FOODS_1_005,202547,15.17
WI_1,FOODS_1_005,202548,15.93
WI_1,FOODS_1_005,202549,15.17
WI_1,FOODS_1_005,202550,13.65
WI_1,FOODS_1_005,202551,13.65
WI_1,FOODS_1_005,202552,15.17
WI_1,FOODS_1_005,202501,15.17
WI_1,FOODS_1_005,202601,15.17
WI_1,FOODS_1_005,202602,15.17
WI_1,FOODS_1_005,202603,15.17
WI_1,FOODS_1_005,202604,15.17
WI_1,FOODS_1_005,202605,15.17
WI_1,FOODS_1_005,202606,15.17
WI_1,FOODS_1_005,202607,15.17
WI_1,FOODS_1_005,202608,15.17
WI_1,FOODS_1_005,202609,15.17
WI_1,FOODS_1_005,202610,15.17
WI_1,FOODS_1_005,202611,13.65
WI_1,FOODS_1_005,202612,15.93
WI_1,FOODS_1_005,202613,15.17
WI_1,FOODS_1_005,202614,15.17
WI_1,FOODS_1_005,202615,15.17
WI_1,FOODS_1_005,202616,15.93
WI_1,FOODS_1_005,202617,15.17
WI_1,FOODS_1_005,202618,15.17
WI_1,FOODS_1_005,202619,15.17
WI_1,FOODS_1_005,202620,15.17
WI_1,FOODS_1_006,202520,23.85
WI_1,FOODS_1_006,202521,23.85
WI_1,FOODS_1_006,202522,23.85
WI_1,FOODS_1_006,202523,23.85
WI_1,FOODS_1_006,202524,22.66
WI_1,FOODS_1_006,202525,22.66
WI_1,FOODS_1_006,202526,23.85
WI_1,FOODS_1_006,202527,23.85
WI_1,FOODS_1_006,202528,23.85
WI_1,FOODS_1_006,202529,23.85
WI_1,FOODS_1_006,202530,23.85
WI_1,FOODS_1_006,202531,23.85
WI_1,FOODS_1_006,202532,23.85
WI_1,FOODS_1_006,202533,23.85
WI_1,FOODS_1_006,202534,23.85
WI_1,FOODS_1_006,202535,23.85
WI_1,FOODS_1_006,202536,23.85
WI_1,FOODS_1_006,202537,22.66
WI_1,FOODS_1_006,202538,23.85
WI_1,FOODS_1_006,202539,22.66
WI_1,FOODS_1_006,202540,25.05
WI_1,FOODS_1_006,202541,23.85
WI_1,FOODS_1_006,202542,23.85
WI_1,FOODS_1_006,202543,23.85
WI_1,FOODS_1_006,202544,23.85
WI_1,FOODS_1_006,202545,23.85
WI_1,FOODS_1_006,202546,22.66
WI_1,FOODS_1_006,202547,23.85
WI_1,FOODS_1_006,202548,23.85
WI_1,FOODS_1_006,202549,23.85
WI_1,FOODS_1_006,202550,23.85
WI_1,FOODS_1_006,202551,23.85
WI_1,FOODS_1_006,202552,23.85
WI_1,FOODS_1_006,202501,23.85
WI_1,FOODS_1_006,202601,23.85
WI_1,FOODS_1_006,202602,22.66
WI_1,FOODS_1_006,202603,23.85
WI_1,FOODS_1_006,202604,23.85
WI_1,FOODS_1_006,202605,22.66
WI_1,FOODS_1_006,202606,23.85
WI_1,FOODS_1_006,202607,23.85
WI_1,FOODS_1_006,202608,22.66
WI_1,FOODS_1_006,202609,23.85
WI_1,FOODS_1_006,202610,23.85
WI_1,FOODS_1_006,202611,23.85
WI_1,FOODS_1_006,202612,23.85
WI_1,FOODS_1_006,202613,23.85
WI_1,FOODS_1_006,202614,23.85
WI_1,FOODS_1_006,202615,21.47
WI_1,FOODS_1_006,202616,21.47
WI_1,FOODS_1_006,202617,23.85
WI_1,FOODS_1_006,202618,21.47
WI_1,FOODS_1_006,202619,23.85
WI_1,FOODS_1_006,202620,23.85
WI_1,FOODS_1_007,202520,21.43
WI_1,FOODS_1_007,202521,21.43
WI_1,FOODS_1_007,202522,21.43
WI_1,FOODS_1_007,202523,19.28
WI_1,FOODS_1_007,202524,22.5
WI_1,FOODS_1_007,202525,21.43
WI_1,FOODS_1_007,202526,21.43
WI_1,FOODS_1_007,202527,21.43
WI_1,FOODS_1_007,202528,21.43
WI_1,FOODS_1_007,202529,21.43
WI_1,FOODS_1_007,202530,21.43
WI_1,FOODS_1_007,202531,20.36
WI_1,FOODS_1_007,202532,21.43
WI_1,FOODS_1_007,202533,21.43
WI_1,FOODS_1_007,202534,19.28
WI_1,FOODS_1_007,202535,21.43
WI_1,FOODS_1_007,202536,21.43
WI_1,FOODS_1_007,202537,21.43
WI_1,FOODS_1_007,202538,21.43
WI_1,FOODS_1_007,202539,20.36
WI_1,FOODS_1_007,202540,21.43
WI_1,FOODS_1_007,202541,21.43
WI_1,FOODS_1_007,202542,21.43
WI_1,FOODS_1_007,202543,21.43
WI_1,FOODS_1_007,202544,21.43
WI_1,FOODS_1_007,202545,19.28
WI_1,FOODS_1_007,202546,21.43
WI_1,FOODS_1_007,202547,19.28
WI_1,FOODS_1_007,202548,19.28
WI_1,FOODS_1_007,202549,21.43
WI_1,FOODS_1_007,202550,21.43
WI_1,FOODS_1_007,202551,21.43
WI_1,FOODS_1_007,202552,21.43
WI_1,FOODS_1_007,202501,21.43
WI_1,FOODS_1_007,202601,22.5
WI_1,FOODS_1_007,202602,21.43
WI_1,FOODS_1_007,202603,21.43
WI_1,FOODS_1_007,202604,20.36
WI_1,FOODS_1_007,202605,20.36
WI_1,FOODS_1_007,202606,19.28
WI_1,FOODS_1_007,202607,21.43
WI_1,FOODS_1_007,202608,21.43
WI_1,FOODS_1_007,202609,19.28
WI_1,FOODS_1_007,202610,21.43
WI_1,FOODS_1_007,202611,20.36
WI_1,FOODS_1_007,202612,21.43
WI_1,FOODS_1_007,202613,21.43
WI_1,FOODS_1_007,202614,21.43
WI_1,FOODS_1_007,202615,21.43
WI_1,FOODS_1_007,202616,21.43
WI_1,FOODS_1_007,202617,21.43
WI_1,FOODS_1_007,202618,22.5
WI_1,FOODS_1_007,202619,19.28
WI_1,FOODS_1_007,202620,21.43
WI_1,FOODS_1_008,202520,2.96
WI_1,FOODS_1_008,202521,2.96
WI_1,FOODS_1_008,202522,3.11
WI_1,FOODS_1_008,202523,2.96
WI_1,FOODS_1_008,202524,2.96
WI_1,FOODS_1_008,202525,2.96
WI_1,FOODS_1_008,202526,2.96
WI_1,FOODS_1_008,202527,2.96
WI_1,FOODS_1_008,202528,2.96
WI_1,FOODS_1_008,202529,2.66
WI_1,FOODS_1_008,202530,2.96
WI_1,FOODS_1_008,202531,2.96
WI_1,FOODS_1_008,202532,2.66
WI_1,FOODS_1_008,202533,2.96
WI_1,FOODS_1_008,202534,2.96
WI_1,FOODS_1_008,202535,2.96
WI_1,FOODS_1_008,202536,2.66
WI_1,FOODS_1_008,202537,2.96
WI_1,FOODS_1_008,202538,2.96
WI_1,FOODS_1_008,202539,2.96
WI_1,FOODS_1_008,202540,2.96
WI_1,FOODS_1_008,202541,2.96
WI_1,FOODS_1_008,202542,2.96
WI_1,FOODS_1_008,202543,2.96
WI_1,FOODS_1_008,202544,2.96
WI_1,FOODS_1_008,202545,2.66
WI_1,FOODS_1_008,202546,2.96
WI_1,FOODS_1_008,202547,2.96
WI_1,FOODS_1_008,202548,2.66
WI_1,FOODS_1_008,202549,2.96
WI_1,FOODS_1_008,202550,2.96
WI_1,FOODS_1_008,202551,2.96
WI_1,FOODS_1_008,202552,2.96
WI_1,FOODS_1_008,202501,2.96
WI_1,FOODS_1_008,202601,2.96
WI_1,FOODS_1_008,202602,2.96
WI_1,FOODS_1_008,202603,2.96
WI_1,FOODS_1_008,202604,2.96
WI_1,FOODS_1_008,202605,2.96
WI_1,FOODS_1_008,202606,2.96
WI_1,FOODS_1_008,202607,2.96
WI_1,FOODS_1_008,202608,2.96
WI_1,FOODS_1_008,202609,2.81
WI_1,FOODS_1_008,202610,2.96
WI_1,FOODS_1_008,202611,2.66
WI_1,FOODS_1_008,202612,2.81
WI_1,FOODS_1_008,202613,2.96
WI_1,FOODS_1_008,202614,2.96
WI_1,FOODS_1_008,202615,2.81
WI_1,FOODS_1_008,202616,2.96
WI_1,FOODS_1_008,202617,2.81
WI_1,FOODS_1_008,202618,2.81
WI_1,FOODS_1_008,202619,2.96
WI_1,FOODS_1_008,202620,2.96
WI_1,FOODS_1_009,202520,4.85
WI_1,FOODS_1_009,202521,5.1
WI_1,FOODS_1_009,202522,5.1
WI_1,FOODS_1_009,202523,5.36
WI_1,FOODS_1_009,202524,5.1
WI_1,FOODS_1_009,202525,5.36
WI_1,FOODS_1_009,202526,5.1
WI_1,FOODS_1_009,202527,5.36
WI_1,FOODS_1_009,202528,5.36
WI_1,FOODS_1_009,202529,5.1
WI_1,FOODS_1_009,202530,5.1
WI_1,FOODS_1_009,202531,5.36
WI_1,FOODS_1_009,202532,4.85
WI_1,FOODS_1_009,202533,5.1
WI_1,FOODS_1_009,202534,4.85
WI_1,FOODS_1_009,202535,5.1
WI_1,FOODS_1_009,202536,5.36
WI_1,FOODS_1_009,202537,5.1
WI_1,FOODS_1_009,202538,5.36
WI_1,FOODS_1_009,202539,5.1
WI_1,FOODS_1_009,202540,5.1
WI_1,FOODS_1_009,202541,5.1
WI_1,FOODS_1_009,202542,5.1
WI_1,FOODS_1_009,202543,5.1
WI_1,FOODS_1_009,202544,5.1
WI_1,FOODS_1_009,202545,5.1
WI_1,FOODS_1_009,202546,5.1
WI_1,FOODS_1_009,202547,5.1
WI_1,FOODS_1_009,202548,5.1
WI_1,FOODS_1_009,202549,4.59
WI_1,FOODS_1_009,202550,5.1
WI_1,FOODS_1_009,202551,5.1
WI_1,FOODS_1_009,202552,5.1
WI_1,FOODS_1_009,202501,5.1
WI_1,FOODS_1_009,202601,4.85
WI_1,FOODS_1_009,202602,5.36
WI_1,FOODS_1_009,202603,5.1
WI_1,FOODS_1_009,202604,5.1
WI_1,FOODS_1_009,202605,5.1
WI_1,FOODS_1_009,202606,4.85
WI_1,FOODS_1_009,202607,4.85
WI_1,FOODS_1_009,202608,5.1
WI_1,FOODS_1_009,202609,5.1
WI_1,FOODS_1_009,202610,5.1
WI_1,FOODS_1_009,202611,5.1
WI_1,FOODS_1_009,202612,5.36
WI_1,FOODS_1_009,202613,4.85
WI_1,FOODS_1_009,202614,5.1
WI_1,FOODS_1_009,202615,5.36
WI_1,FOODS_1_009,202616,4.59
WI_1,FOODS_1_009,202617,4.59
WI_1,FOODS_1_009,202618,5.36
WI_1,FOODS_1_009,202619,5.1
WI_1,FOODS_1_009,202620,5.1
WI_1,FOODS_1_010,202520,31.22
WI_1,FOODS_1_010,202521,31.22
WI_1,FOODS_1_010,202522,29.74
WI_1,FOODS_1_010,202523,29.74
WI_1,FOODS_1_010,202524,29.74
WI_1,FOODS_1_010,202525,29.74
WI_1,FOODS_1_010,202526,29.74
WI_1,FOODS_1_010,202527,29.74
WI_1,FOODS_1_010,202528,29.74
WI_1,FOODS_1_010,202529,31.22
WI_1,FOODS_1_010,202530,29.74
WI_1,FOODS_1_010,202531,29.74
WI_1,FOODS_1_010,202532,29.74
WI_1,FOODS_1_010,202533,26.76
WI_1,FOODS_1_010,202534,29.74
WI_1,FOODS_1_010,202535,29.74
WI_1,FOODS_1_010,202536,29.74
WI_1,FOODS_1_010,202537,29.74
WI_1,FOODS_1_010,202538,29.74
WI_1,FOODS_1_010,202539,29.74
WI_1,FOODS_1_010,202540,29.74
WI_1,FOODS_1_010,202541,31.22
WI_1,FOODS_1_010,202542,29.74
WI_1,FOODS_1_010,202543,26.76
WI_1,FOODS_1_010,202544,29.74
WI_1,FOODS_1_010,202545,29.74
WI_1,FOODS_1_010,202546,29.74
WI_1,FOODS_1_010,202547,29.74
WI_1,FOODS_1_010,202548,26.76
WI_1,FOODS_1_010,202549,31.22
WI_1,FOODS_1_010,202550,31.22
WI_1,FOODS_1_010,202551,29.74
WI_1,FOODS_1_010,202552,29.74
WI_1,FOODS_1_010,202501,29.74
WI_1,FOODS_1_010,202601,29.74
WI_1,FOODS_1_010,202602,29.74
WI_1,FOODS_1_010,202603,31.22
WI_1,FOODS_1_010,202604,29.74
WI_1,FOODS_1_010,202605,29.74
WI_1,FOODS_1_010,202606,29.74
WI_1,FOODS_1_010,202607,29.74
WI_1,FOODS_1_010,202608,31.22
WI_1,FOODS_1_010,202609,29.74
WI_1,FOODS_1_010,202610,29.74
WI_1,FOODS_1_010,202611,29.74
WI_1,FOODS_1_010,202612,29.74
WI_1,FOODS_1_010,202613,26.76
WI_1,FOODS_1_010,202614,29.74
WI_1,FOODS_1_010,202615,31.22
WI_1,FOODS_1_010,202616,29.74
WI_1,FOODS_1_010,202617,29.74
WI_1,FOODS_1_010,202618,29.74
WI_1,FOODS_1_010,202619,29.74
WI_1,FOODS_1_010,202620,29.74
WI_1,HOBBIES_2_001,202520,8.6
WI_1,HOBBIES_2_001,202521,8.17
WI_1,HOBBIES_2_001,202522,8.6
WI_1,HOBBIES_2_001,202523,8.6
WI_1,HOBBIES_2_001,202524,8.6
WI_1,HOBBIES_2_001,202525,8.6
WI_1,HOBBIES_2_001,202526,8.6
WI_1,HOBBIES_2_001,202527,8.6
WI_1,HOBBIES_2_001,202528,8.17
WI_1,HOBBIES_2_001,202529,8.6
WI_1,HOBBIES_2_001,202530,8.6
WI_1,HOBBIES_2_001,202531,8.6
WI_1,HOBBIES_2_001,202532,8.6
WI_1,HOBBIES_2_001,202533,9.03
WI_1,HOBBIES_2_001,202534,8.6
WI_1,HOBBIES_2_001,202535,8.6
WI_1,HOBBIES_2_001,202536,8.6
WI_1,HOBBIES_2_001,202537,8.6
WI_1,HOBBIES_2_001,202538,8.6
WI_1,HOBBIES_2_001,202539,8.6
WI_1,HOBBIES_2_001,202540,8.6
WI_1,HOBBIES_2_001,202541,8.17
WI_1,HOBBIES_2_001,202542,8.6
WI_1,HOBBIES_2_001,202543,8.6
WI_1,HOBBIES_2_001,202544,8.6
WI_1,HOBBIES_2_001,202545,8.6
WI_1,HOBBIES_2_001,202546,9.03
WI_1,HOBBIES_2_001,202547,8.6
WI_1,HOBBIES_2_001,202548,7.74
WI_1,HOBBIES_2_001,202549,8.17
WI_1,HOBBIES_2_001,202550,8.6
WI_1,HOBBIES_2_001,202551,8.6
WI_1,HOBBIES_2_001,202552,8.6
WI_1,HOBBIES_2_001,202501,8.6
WI_1,HOBBIES_2_001,202601,8.6
WI_1,HOBBIES_2_001,202602,8.17
WI_1,HOBBIES_2_001,202603,8.6
WI_1,HOBBIES_2_001,202604,8.6
WI_1,HOBBIES_2_001,202605,8.6
WI_1,HOBBIES_2_001,202606,8.17
WI_1,HOBBIES_2_001,202607,8.6
WI_1,HOBBIES_2_001,202608,8.6
WI_1,HOBBIES_2_001,202609,8.6
WI_1,HOBBIES_2_001,202610,8.17
WI_1,HOBBIES_2_001,202611,8.6
WI_1,HOBBIES_2_001,202612,8.6
WI_1,HOBBIES_2_001,202613,7.74
WI_1,HOBBIES_2_001,202614,9.03
WI_1,HOBBIES_2_001,202615,8.6
WI_1,HOBBIES_2_001,202616,8.17
WI_1,HOBBIES_2_001,202617,8.6
WI_1,HOBBIES_2_001,202618,8.6
WI_1,HOBBIES_2_001,202619,8.17
WI_1,HOBBIES_2_001,202620,8.6
WI_1,HOBBIES_2_002,202520,26.34
WI_1,HOBBIES_2_002,202521,26.34
WI_1,HOBBIES_2_002,202522,27.65
WI_1,HOBBIES_2_002,202523,26.34
WI_1,HOBBIES_2_002,202524,26.34
WI_1,HOBBIES_2_002,202525,26.34
WI_1,HOBBIES_2_002,202526,26.34
WI_1,HOBBIES_2_002,202527,26.34
WI_1,HOBBIES_2_002,202528,25.02
WI_1,HOBBIES_2_002,202529,26.34
WI_1,HOBBIES_2_002,202530,26.34
WI_1,HOBBIES_2_002,202531,26.34
WI_1,HOBBIES_2_002,202532,25.02
WI_1,HOBBIES_2_002,202533,26.34
WI_1,HOBBIES_2_002,202534,26.34
WI_1,HOBBIES_2_002,202535,25.02
WI_1,HOBBIES_2_002,202536,26.34
WI_1,HOBBIES_2_002,202537,26.34
WI_1,HOBBIES_2_002,202538,23.7
WI_1,HOBBIES_2_002,202539,26.34
WI_1,HOBBIES_2_002,202540,26.34
WI_1,HOBBIES_2_002,202541,26.34
WI_1,HOBBIES_2_002,202542,26.34
WI_1,HOBBIES_2_002,202543,27.65
WI_1,HOBBIES_2_002,202544,26.34
WI_1,HOBBIES_2_002,202545,26.34
WI_1,HOBBIES_2_002,202546,26.34
WI_1,HOBBIES_2_002,202547,26.34
WI_1,HOBBIES_2_002,202548,26.34
WI_1,HOBBIES_2_002,202549,23.7
WI_1,HOBBIES_2_002,202550,26.34
WI_1,HOBBIES_2_002,202551,26.34
WI_1,HOBBIES_2_002,202552,27.65
WI_1,HOBBIES_2_002,202501,23.7
WI_1,HOBBIES_2_002,202601,26.34
WI_1,HOBBIES_2_002,202602,26.34
WI_1,HOBBIES_2_002,202603,26.34
WI_1,HOBBIES_2_002,202604,26.34
WI_1,HOBBIES_2_002,202605,27.65
WI_1,HOBBIES_2_002,202606,26.34
WI_1,HOBBIES_2_002,202607,26.34
WI_1,HOBBIES_2_002,202608,26.34
WI_1,HOBBIES_2_002,202609,26.34
WI_1,HOBBIES_2_002,202610,23.7
WI_1,HOBBIES_2_002,202611,26.34
WI_1,HOBBIES_2_002,202612,26.34
WI_1,HOBBIES_2_002,202613,26.34
WI_1,HOBBIES_2_002,202614,25.02
WI_1,HOBBIES_2_002,202615,26.34
WI_1,HOBBIES_2_002,202616,26.34
WI_1,HOBBIES_2_002,202617,26.34
WI_1,HOBBIES_2_002,202618,23.7
WI_1,HOBBIES_2_002,202619,25.02
WI_1,HOBBIES_2_002,202620,26.34
WI_1,HOBBIES_2_003,202520,17.25
WI_1,HOBBIES_2_003,202521,17.25
WI_1,HOBBIES_2_003,202522,17.25
WI_1,HOBBIES_2_003,202523,17.25
WI_1,HOBBIES_2_003,202524,18.11
WI_1,HOBBIES_2_003,202525,17.25
WI_1,HOBBIES_2_003,202526,17.25
WI_1,HOBBIES_2_003,202527,17.25
WI_1,HOBBIES_2_003,202528,16.39
WI_1,HOBBIES_2_003,202529,16.39
WI_1,HOBBIES_2_003,202530,17.25
WI_1,HOBBIES_2_003,202531,17.25
WI_1,HOBBIES_2_003,202532,15.53
WI_1,HOBBIES_2_003,202533,17.25
WI_1,HOBBIES_2_003,202534,18.11
WI_1,HOBBIES_2_003,202535,18.11
WI_1,HOBBIES_2_003,202536,17.25
WI_1,HOBBIES_2_003,202537,18.11
WI_1,HOBBIES_2_003,202538,17.25
WI_1,HOBBIES_2_003,202539,18.11
WI_1,HOBBIES_2_003,202540,18.11
WI_1,HOBBIES_2_003,202541,18.11
WI_1,HOBBIES_2_003,202542,15.53
WI_1,HOBBIES_2_003,202543,17.25
WI_1,HOBBIES_2_003,202544,18.11
WI_1,HOBBIES_2_003,202545,17.25
WI_1,HOBBIES_2_003,202546,17.25
WI_1,HOBBIES_2_003,202547,17.25
WI_1,HOBBIES_2_003,202548,17.25
WI_1,HOBBIES_2_003,202549,17.25
WI_1,HOBBIES_2_003,202550,17.25
WI_1,HOBBIES_2_003,202551,17.25
WI_1,HOBBIES_2_003,202552,17.25
WI_1,HOBBIES_2_003,202501,17.25
WI_1,HOBBIES_2_003,202601,18.11
WI_1,HOBBIES_2_003,202602,17.25
WI_1,HOBBIES_2_003,202603,18.11
WI_1,HOBBIES_2_003,202604,17.25
WI_1,HOBBIES_2_003,202605,16.39
WI_1,HOBBIES_2_003,202606,17.25
WI_1,HOBBIES_2_003,202607,15.53
WI_1,HOBBIES_2_003,202608,18.11
WI_1,HOBBIES_2_003,202609,17.25
WI_1,HOBBIES_2_003,202610,18.11
WI_1,HOBBIES_2_003,202611,17.25
WI_1,HOBBIES_2_003,202612,17.25
WI_1,HOBBIES_2_003,202613,15.53
WI_1,HOBBIES_2_003,202614,16.39
WI_1,HOBBIES_2_003,202615,16.39
WI_1,HOBBIES_2_003,202616,17.25
WI_1,HOBBIES_2_003,202617,17.25
WI_1,HOBBIES_2_003,202618,17.25
WI_1,HOBBIES_2_003,202619,17.25
WI_1,HOBBIES_2_003,202620,17.25
WI_1,HOBBIES_2_004,202520,12.33
WI_1,HOBBIES_2_004,202521,13.63
WI_1,HOBBIES_2_004,202522,12.98
WI_1,HOBBIES_2_004,202523,12.98
WI_1,HOBBIES_2_004,202524,12.98
WI_1,HOBBIES_2_004,202525,12.98
WI_1,HOBBIES_2_004,202526,11.68
WI_1,HOBBIES_2_004,202527,12.98
WI_1,HOBBIES_2_004,202528,12.98
WI_1,HOBBIES_2_004,202529,12.98
WI_1,HOBBIES_2_004,202530,12.98
WI_1,HOBBIES_2_004,202531,12.98
WI_1,HOBBIES_2_004,202532,12.98
WI_1,HOBBIES_2_004,202533,12.33
WI_1,HOBBIES_2_004,202534,12.98
WI_1,HOBBIES_2_004,202535,12.98
WI_1,HOBBIES_2_004,202536,11.68
WI_1,HOBBIES_2_004,202537,12.98
WI_1,HOBBIES_2_004,202538,12.98
WI_1,HOBBIES_2_004,202539,11.68
WI_1,HOBBIES_2_004,202540,12.33
WI_1,HOBBIES_2_004,202541,12.33
WI_1,HOBBIES_2_004,202542,11.68
WI_1,HOBBIES_2_004,202543,12.98
WI_1,HOBBIES_2_004,202544,12.98
WI_1,HOBBIES_2_004,202545,11.68
WI_1,HOBBIES_2_004,202546,12.98
WI_1,HOBBIES_2_004,202547,12.98
WI_1,HOBBIES_2_004,202548,13.63
WI_1,HOBBIES_2_004,202549,13.63
WI_1,HOBBIES_2_004,202550,11.68
WI_1,HOBBIES_2_004,202551,12.33
WI_1,HOBBIES_2_004,202552,12.98
WI_1,HOBBIES_2_004,202501,12.98
WI_1,HOBBIES_2_004,202601,12.98
WI_1,HOBBIES_2_004,202602,12.98
WI_1,HOBBIES_2_004,202603,12.33
WI_1,HOBBIES_2_004,202604,12.98
WI_1,HOBBIES_2_004,202605,13.63
WI_1,HOBBIES_2_004,202606,12.98
WI_1,HOBBIES_2_004,202607,12.33
WI_1,HOBBIES_2_004,202608,12.98
WI_1,HOBBIES_2_004,202609,12.98
WI_1,HOBBIES_2_004,202610,12.33
WI_1,HOBBIES_2_004,202611,11.68
WI_1,HOBBIES_2_004,202612,11.68
WI_1,HOBBIES_2_004,202613,12.98
WI_1,HOBBIES_2_004,202614,12.98
WI_1,HOBBIES_2_004,202615,12.98
WI_1,HOBBIES_2_004,202616,12.98
WI_1,HOBBIES_2_004,202617,12.98
WI_1,HOBBIES_2_004,202618,12.98
WI_1,HOBBIES_2_004,202619,12.98
WI_1,HOBBIES_2_004,202620,12.98
WI_1,HOBBIES_2_005,202520,3.97
WI_1,HOBBIES_2_005,202521,3.97
WI_1,HOBBIES_2_005,202522,3.57
WI_1,HOBBIES_2_005,202523,3.57
WI_1,HOBBIES_2_005,202524,3.97
WI_1,HOBBIES_2_005,202525,3.97
WI_1,HOBBIES_2_005,202526,3.97
WI_1,HOBBIES_2_005,202527,3.97
WI_1,HOBBIES_2_005,202528,3.97
WI_1,HOBBIES_2_005,202529,3.97
WI_1,HOBBIES_2_005,202530,4.17
WI_1,HOBBIES_2_005,202531,3.57
WI_1,HOBBIES_2_005,202532,4.17
WI_1,HOBBIES_2_005,202533,3.97
WI_1,HOBBIES_2_005,202534,3.57
WI_1,HOBBIES_2_005,202535,3.97
WI_1,HOBBIES_2_005,202536,3.97
WI_1,HOBBIES_2_005,202537,3.97
WI_1,HOBBIES_2_005,202538,3.97
WI_1,HOBBIES_2_005,202539,4.17
WI_1,HOBBIES_2_005,202540,3.97
WI_1,HOBBIES_2_005,202541,4.17
WI_1,HOBBIES_2_005,202542,3.57
WI_1,HOBBIES_2_005,202543,3.97
WI_1,HOBBIES_2_005,202544,3.77
WI_1,HOBBIES_2_005,202545,3.97
WI_1,HOBBIES_2_005,202546,3.97
WI_1,HOBBIES_2_005,202547,3.97
WI_1,HOBBIES_2_005,202548,3.97
WI_1,HOBBIES_2_005,202549,3.97
WI_1,HOBBIES_2_005,202550,3.97
WI_1,HOBBIES_2_005,202551,3.97
WI_1,HOBBIES_2_005,202552,3.97
WI_1,HOBBIES_2_005,202501,3.77
WI_1,HOBBIES_2_005,202601,3.97
WI_1,HOBBIES_2_005,202602,3.97
WI_1,HOBBIES_2_005,202603,4.17
WI_1,HOBBIES_2_005,202604,3.77
WI_1,HOBBIES_2_005,202605,3.97
WI_1,HOBBIES_2_005,202606,3.97
WI_1,HOBBIES_2_005,202607,3.77
WI_1,HOBBIES_2_005,202608,3.97
WI_1,HOBBIES_2_005,202609,3.97
WI_1,HOBBIES_2_005,202610,3.97
WI_1,HOBBIES_2_005,202611,3.57
WI_1,HOBBIES_2_005,202612,3.57
WI_1,HOBBIES_2_005,202613,3.97
WI_1,HOBBIES_2_005,202614,3.97
WI_1,HOBBIES_2_005,202615,4.17
WI_1,HOBBIES_2_005,202616,3.97
WI_1,HOBBIES_2_005,202617,3.97
WI_1,HOBBIES_2_005,202618,3.97
WI_1,HOBBIES_2_005,202619,4.17
WI_1,HOBBIES_2_005,202620,3.97
WI_1,HOBBIES_2_006,202520,19.72
WI_1,HOBBIES_2_006,202521,19.72
WI_1,HOBBIES_2_006,202522,19.72
WI_1,HOBBIES_2_006,202523,19.72
WI_1,HOBBIES_2_006,202524,19.72
WI_1,HOBBIES_2_006,202525,19.72
WI_1,HOBBIES_2_006,202526,18.73
WI_1,HOBBIES_2_006,202527,17.74
WI_1,HOBBIES_2_006,202528,19.72
WI_1,HOBBIES_2_006,202529,18.73
WI_1,HOBBIES_2_006,202530,19.72
WI_1,HOBBIES_2_006,202531,18.73
WI_1,HOBBIES_2_006,202532,19.72
WI_1,HOBBIES_2_006,202533,19.72
WI_1,HOBBIES_2_006,202534,19.72
WI_1,HOBBIES_2_006,202535,20.7
WI_1,HOBBIES_2_006,202536,19.72
WI_1,HOBBIES_2_006,202537,18.73
WI_1,HOBBIES_2_006,202538,19.72
WI_1,HOBBIES_2_006,202539,19.72
WI_1,HOBBIES_2_006,202540,19.72
WI_1,HOBBIES_2_006,202541,17.74
WI_1,HOBBIES_2_006,202542,19.72
WI_1,HOBBIES_2_006,202543,19.72
WI_1,HOBBIES_2_006,202544,19.72
WI_1,HOBBIES_2_006,202545,19.72
WI_1,HOBBIES_2_006,202546,19.72
WI_1,HOBBIES_2_006,202547,18.73
WI_1,HOBBIES_2_006,202548,19.72
WI_1,HOBBIES_2_006,202549,18.73
WI_1,HOBBIES_2_006,202550,19.72
WI_1,HOBBIES_2_006,202551,18.73
WI_1,HOBBIES_2_006,202552,19.72
WI_1,HOBBIES_2_006,202501,19.72
WI_1,HOBBIES_2_006,202601,19.72
WI_1,HOBBIES_2_006,202602,19.72
WI_1,HOBBIES_2_006,202603,19.72
WI_1,HOBBIES_2_006,202604,19.72
WI_1,HOBBIES_2_006,202605,17.74
WI_1,HOBBIES_2_006,202606,20.7
WI_1,HOBBIES_2_006,202607,17.74
WI_1,HOBBIES_2_006,202608,19.72
WI_1,HOBBIES_2_006,202609,19.72
WI_1,HOBBIES_2_006,202610,19.72
WI_1,HOBBIES_2_006,202611,19.72
WI_1,HOBBIES_2_006,202612,19.72
WI_1,HOBBIES_2_006,202613,19.72
WI_1,HOBBIES_2_006,202614,19.72
WI_1,HOBBIES_2_006,202615,20.7
WI_1,HOBBIES_2_006,202616,19.72
WI_1,HOBBIES_2_006,202617,19.72
WI_1,HOBBIES_2_006,202618,19.72
WI_1,HOBBIES_2_006,202619,19.72
WI_1,HOBBIES_2_006,202620,17.74
WI_1,HOBBIES_2_007,202520,17.86
WI_1,HOBBIES_2_007,202521,18.76
WI_1,HOBBIES_2_007,202522,17.86
WI_1,HOBBIES_2_007,202523,17.86
WI_1,HOBBIES_2_007,202524,17.86
WI_1,HOBBIES_2_007,202525,17.86
WI_1,HOBBIES_2_007,202526,17.86
WI_1,HOBBIES_2_007,202527,17.86
WI_1,HOBBIES_2_007,202528,17.86
WI_1,HOBBIES_2_007,202529,17.86
WI_1,HOBBIES_2_007,202530,17.86
WI_1,HOBBIES_2_007,202531,17.86
WI_1,HOBBIES_2_007,202532,16.97
WI_1,HOBBIES_2_007,202533,16.08
WI_1,HOBBIES_2_007,202534,17.86
WI_1,HOBBIES_2_007,202535,17.86
WI_1,HOBBIES_2_007,202536,18.76
WI_1,HOBBIES_2_007,202537,16.08
WI_1,HOBBIES_2_007,202538,17.86
WI_1,HOBBIES_2_007,202539,17.86
WI_1,HOBBIES_2_007,202540,17.86
WI_1,HOBBIES_2_007,202541,18.76
WI_1,HOBBIES_2_007,202542,17.86
WI_1,HOBBIES_2_007,202543,17.86
WI_1,HOBBIES_2_007,202544,17.86
WI_1,HOBBIES_2_007,202545,18.76
WI_1,HOBBIES_2_007,202546,17.86
WI_1,HOBBIES_2_007,202547,17.86
WI_1,HOBBIES_2_007,202548,17.86
WI_1,HOBBIES_2_007,202549,16.08
WI_1,HOBBIES_2_007,202550,17.86
WI_1,HOBBIES_2_007,202551,18.76
WI_1,HOBBIES_2_007,202552,16.97
WI_1,HOBBIES_2_007,202501,17.86
WI_1,HOBBIES_2_007,202601,18.76
WI_1,HOBBIES_2_007,202602,17.86
WI_1,HOBBIES_2_007,202603,17.86
WI_1,HOBBIES_2_007,202604,17.86
WI_1,HOBBIES_2_007,202605,16.97
WI_1,HOBBIES_2_007,202606,17.86
WI_1,HOBBIES_2_007,202607,17.86
WI_1,HOBBIES_2_007,202608,17.86
WI_1,HOBBIES_2_007,202609,17.86
WI_1,HOBBIES_2_007,202610,16.97
WI_1,HOBBIES_2_007,202611,16.97
WI_1,HOBBIES_2_007,202612,16.97
WI_1,HOBBIES_2_007,202613,17.86
WI_1,HOBBIES_2_007,202614,17.86
WI_1,HOBBIES_2_007,202615,18.76
WI_1,HOBBIES_2_007,202616,18.76
WI_1,HOBBIES_2_007,202617,16.08
WI_1,HOBBIES_2_007,202618,17.86
WI_1,HOBBIES_2_007,202619,18.76
WI_1,HOBBIES_2_007,202620,17.86
WI_1,HOBBIES_2_008,202520,21.16
WI_1,HOBBIES_2_008,202521,20.1
WI_1,HOBBIES_2_008,202522,20.1
WI_1,HOBBIES_2_008,202523,21.16
WI_1,HOBBIES_2_008,202524,21.16
WI_1,HOBBIES_2_008,202525,22.21
WI_1,HOBBIES_2_008,202526,21.16
WI_1,HOBBIES_2_008,202527,21.16
WI_1,HOBBIES_2_008,202528,21.16
WI_1,HOBBIES_2_008,202529,20.1
WI_1,HOBBIES_2_008,202530,19.04
WI_1,HOBBIES_2_008,202531,21.16
WI_1,HOBBIES_2_008,202532,21.16
WI_1,HOBBIES_2_008,202533,21.16
WI_1,HOBBIES_2_008,202534,21.16
WI_1,HOBBIES_2_008,202535,21.16
WI_1,HOBBIES_2_008,202536,21.16
WI_1,HOBBIES_2_008,202537,21.16
WI_1,HOBBIES_2_008,202538,21.16
WI_1,HOBBIES_2_008,202539,19.04
WI_1,HOBBIES_2_008,202540,21.16
WI_1,HOBBIES_2_008,202541,20.1
WI_1,HOBBIES_2_008,202542,22.21
WI_1,HOBBIES_2_008,202543,22.21
WI_1,HOBBIES_2_008,202544,21.16
WI_1,HOBBIES_2_008,202545,21.16
WI_1,HOBBIES_2_008,202546,21.16
WI_1,HOBBIES_2_008,202547,21.16
WI_1,HOBBIES_2_008,202548,21.16
WI_1,HOBBIES_2_008,202549,21.16
WI_1,HOBBIES_2_008,202550,21.16
WI_1,HOBBIES_2_008,202551,21.16
WI_1,HOBBIES_2_008,202552,21.16
WI_1,HOBBIES_2_008,202501,21.16
WI_1,HOBBIES_2_008,202601,20.1
WI_1,HOBBIES_2_008,202602,21.16
WI_1,HOBBIES_2_008,202603,22.21
WI_1,HOBBIES_2_008,202604,21.16
WI_1,HOBBIES_2_008,202605,21.16
WI_1,HOBBIES_2_008,202606,21.16
WI_1,HOBBIES_2_008,202607,21.16
WI_1,HOBBIES_2_008,202608,21.16
WI_1,HOBBIES_2_008,202609,22.21
WI_1,HOBBIES_2_008,202610,20.1
WI_1,HOBBIES_2_008,202611,21.16
WI_1,HOBBIES_2_008,202612,21.16
WI_1,HOBBIES_2_008,202613,21.16
WI_1,HOBBIES_2_008,202614,19.04
WI_1,HOBBIES_2_008,202615,21.16
WI_1,HOBBIES_2_008,202616,20.1
WI_1,HOBBIES_2_008,202617,22.21
WI_1,HOBBIES_2_008,202618,21.16
WI_1,HOBBIES_2_008,202619,22.21
WI_1,HOBBIES_2_008,202620,21.16
WI_1,HOBBIES_2_009,202520,9.79
WI_1,HOBBIES_2_009,202521,10.88
WI_1,HOBBIES_2_009,202522,10.88
WI_1,HOBBIES_2_009,202523,10.88
WI_1,HOBBIES_2_009,202524,10.33
WI_1,HOBBIES_2_009,202525,10.88
WI_1,HOBBIES_2_009,202526,9.79
WI_1,HOBBIES_2_009,202527,10.88
WI_1,HOBBIES_2_009,202528,11.42
WI_1,HOBBIES_2_009,202529,10.33
WI_1,HOBBIES_2_009,202530,10.88
WI_1,HOBBIES_2_009,202531,10.88
WI_1,HOBBIES_2_009,202532,10.88
WI_1,HOBBIES_2_009,202533,10.88
WI_1,HOBBIES_2_009,202534,11.42
WI_1,HOBBIES_2_009,202535,10.33
WI_1,HOBBIES_2_009,202536,10.88
WI_1,HOBBIES_2_009,202537,10.88
WI_1,HOBBIES_2_009,202538,10.88
WI_1,HOBBIES_2_009,202539,10.88
WI_1,HOBBIES_2_009,202540,10.88
WI_1,HOBBIES_2_009,202541,10.33
WI_1,HOBBIES_2_009,202542,10.88
WI_1,HOBBIES_2_009,202543,10.88
WI_1,HOBBIES_2_009,202544,10.88
WI_1,HOBBIES_2_009,202545,10.88
WI_1,HOBBIES_2_009,202546,9.79
WI_1,HOBBIES_2_009,202547,10.88
WI_1,HOBBIES_2_009,202548,10.33
WI_1,HOBBIES_2_009,202549,10.88
WI_1,HOBBIES_2_009,202550,10.88
WI_1,HOBBIES_2_009,202551,10.88
WI_1,HOBBIES_2_009,202552,10.88
WI_1,HOBBIES_2_009,202501,10.33
WI_1,HOBBIES_2_009,202601,10.33
WI_1,HOBBIES_2_009,202602,10.88
WI_1,HOBBIES_2_009,202603,10.88
WI_1,HOBBIES_2_009,202604,9.79
WI_1,HOBBIES_2_009,202605,10.33
WI_1,HOBBIES_2_009,202606,9.79
WI_1,HOBBIES_2_009,202607,10.88
WI_1,HOBBIES_2_009,202608,10.88
WI_1,HOBBIES_2_009,202609,11.42
WI_1,HOBBIES_2_009,202610,10.88
WI_1,HOBBIES_2_009,202611,10.88
WI_1,HOBBIES_2_009,202612,10.33
WI_1,HOBBIES_2_009,202613,9.79
WI_1,HOBBIES_2_009,202614,10.88
WI_1,HOBBIES_2_009,202615,10.88
WI_1,HOBBIES_2_009,202616,10.88
WI_1,HOBBIES_2_009,202617,10.88
WI_1,HOBBIES_2_009,202618,10.88
WI_1,HOBBIES_2_009,202619,10.88
WI_1,HOBBIES_2_009,202620,10.88
WI_1,HOBBIES_2_010,202520,12.19
WI_1,HOBBIES_2_010,202521,11.61
WI_1,HOBBIES_2_010,202522,11.61
WI_1,HOBBIES_2_010,202523,11.03
WI_1,HOBBIES_2_010,202524,11.61
WI_1,HOBBIES_2_010,202525,11.03
WI_1,HOBBIES_2_010,202526,11.61
WI_1,HOBBIES_2_010,202527,12.19
WI_1,HOBBIES_2_010,202528,11.61
WI_1,HOBBIES_2_010,202529,10.45
WI_1,HOBBIES_2_010,202530,11.61
WI_1,HOBBIES_2_010,202531,11.03
WI_1,HOBBIES_2_010,202532,11.61
WI_1,HOBBIES_2_010,202533,11.61
WI_1,HOBBIES_2_010,202534,11.61
WI_1,HOBBIES_2_010,202535,11.61
WI_1,HOBBIES_2_010,202536,11.61
WI_1,HOBBIES_2_010,202537,11.61
WI_1,HOBBIES_2_010,202538,11.61
WI_1,HOBBIES_2_010,202539,11.61
WI_1,HOBBIES_2_010,202540,11.61
WI_1,HOBBIES_2_010,202541,11.61
WI_1,HOBBIES_2_010,202542,11.61
WI_1,HOBBIES_2_010,202543,11.61
WI_1,HOBBIES_2_010,202544,11.61
WI_1,HOBBIES_2_010,202545,10.45
WI_1,HOBBIES_2_010,202546,12.19
WI_1,HOBBIES_2_010,202547,11.61
WI_1,HOBBIES_2_010,202548,10.45
WI_1,HOBBIES_2_010,202549,11.61
WI_1,HOBBIES_2_010,202550,11.03
WI_1,HOBBIES_2_010,202551,11.61
WI_1,HOBBIES_2_010,202552,11.61
WI_1,HOBBIES_2_010,202501,11.61
WI_1,HOBBIES_2_010,202601,11.03
WI_1,HOBBIES_2_010,202602,10.45
WI_1,HOBBIES_2_010,202603,11.61
WI_1,HOBBIES_2_010,202604,11.61
WI_1,HOBBIES_2_010,202605,10.45
WI_1,HOBBIES_2_010,202606,11.61
WI_1,HOBBIES_2_010,202607,11.61
WI_1,HOBBIES_2_010,202608,12.19
WI_1,HOBBIES_2_010,202609,11.61
WI_1,HOBBIES_2_010,202610,11.61
WI_1,HOBBIES_2_010,202611,11.61
WI_1,HOBBIES_2_010,202612,10.45
WI_1,HOBBIES_2_010,202613,11.61
WI_1,HOBBIES_2_010,202614,11.61
WI_1,HOBBIES_2_010,202615,11.03
WI_1,HOBBIES_2_010,202616,11.03
WI_1,HOBBIES_2_010,202617,11.61
WI_1,HOBBIES_2_010,202618,11.03
WI_1,HOBBIES_2_010,202619,12.19
WI_1,HOBBIES_2_010,202620,12.19
WI_1,HOUSEHOLD_3_001,202520,26.94
WI_1,HOUSEHOLD_3_001,202521,26.94
WI_1,HOUSEHOLD_3_001,202522,26.94
WI_1,HOUSEHOLD_3_001,202523,26.94
WI_1,HOUSEHOLD_3_001,202524,26.94
WI_1,HOUSEHOLD_3_001,202525,28.29
WI_1,HOUSEHOLD_3_001,202526,28.29
WI_1,HOUSEHOLD_3_001,202527,26.94
WI_1,HOUSEHOLD_3_001,202528,26.94
WI_1,HOUSEHOLD_3_001,202529,28.29
WI_1,HOUSEHOLD_3_001,202530,26.94
WI_1,HOUSEHOLD_3_001,202531,24.25
WI_1,HOUSEHOLD_3_001,202532,26.94
WI_1,HOUSEHOLD_3_001,202533,26.94
WI_1,HOUSEHOLD_3_001,202534,26.94
WI_1,HOUSEHOLD_3_001,202535,26.94
WI_1,HOUSEHOLD_3_001,202536,28.29
WI_1,HOUSEHOLD_3_001,202537,26.94
WI_1,HOUSEHOLD_3_001,202538,28.29
WI_1,HOUSEHOLD_3_001,202539,28.29
WI_1,HOUSEHOLD_3_001,202540,26.94
WI_1,HOUSEHOLD_3_001,202541,26.94
WI_1,HOUSEHOLD_3_001,202542,24.25
WI_1,HOUSEHOLD_3_001,202543,26.94
WI_1,HOUSEHOLD_3_001,202544,26.94
WI_1,HOUSEHOLD_3_001,202545,26.94
WI_1,HOUSEHOLD_3_001,202546,26.94
WI_1,HOUSEHOLD_3_001,202547,26.94
WI_1,HOUSEHOLD_3_001,202548,26.94
WI_1,HOUSEHOLD_3_001,202549,26.94
WI_1,HOUSEHOLD_3_001,202550,26.94
WI_1,HOUSEHOLD_3_001,202551,26.94
WI_1,HOUSEHOLD_3_001,202552,26.94
WI_1,HOUSEHOLD_3_001,202501,28.29
WI_1,HOUSEHOLD_3_001,202601,25.6
WI_1,HOUSEHOLD_3_001,202602,26.94
WI_1,HOUSEHOLD_3_001,202603,26.94
WI_1,HOUSEHOLD_3_001,202604,26.94
WI_1,HOUSEHOLD_3_001,202605,26.94
WI_1,HOUSEHOLD_3_001,202606,26.94
WI_1,HOUSEHOLD_3_001,202607,25.6
WI_1,HOUSEHOLD_3_001,202608,26.94
WI_1,HOUSEHOLD_3_001,202609,26.94
WI_1,HOUSEHOLD_3_001,202610,26.94
WI_1,HOUSEHOLD_3_001,202611,26.94
WI_1,HOUSEHOLD_3_001,202612,26.94
WI_1,HOUSEHOLD_3_001,202613,26.94
WI_1,HOUSEHOLD_3_001,202614,24.25
WI_1,HOUSEHOLD_3_001,202615,26.94
WI_1,HOUSEHOLD_3_001,202616,28.29
WI_1,HOUSEHOLD_3_001,202617,26.94
WI_1,HOUSEHOLD_3_001,202618,26.94
WI_1,HOUSEHOLD_3_001,202619,26.94
WI_1,HOUSEHOLD_3_001,202620,26.94
WI_1,HOUSEHOLD_3_002,202520,27.07
WI_1,HOUSEHOLD_3_002,202521,25.71
WI_1,HOUSEHOLD_3_002,202522,27.07
WI_1,HOUSEHOLD_3_002,202523,27.07
WI_1,HOUSEHOLD_3_002,202524,27.07
WI_1,HOUSEHOLD_3_002,202525,27.07
WI_1,HOUSEHOLD_3_002,202526,25.71
WI_1,HOUSEHOLD_3_002,202527,27.07
WI_1,HOUSEHOLD_3_002,202528,27.07
WI_1,HOUSEHOLD_3_002,202529,27.07
WI_1,HOUSEHOLD_3_002,202530,24.36
WI_1,HOUSEHOLD_3_002,202531,27.07
WI_1,HOUSEHOLD_3_002,202532,28.42
WI_1,HOUSEHOLD_3_002,202533,27.07
WI_1,HOUSEHOLD_3_002,202534,28.42
WI_1,HOUSEHOLD_3_002,202535,25.71
WI_1,HOUSEHOLD_3_002,202536,27.07
WI_1,HOUSEHOLD_3_002,202537,25.71
WI_1,HOUSEHOLD_3_002,202538,27.07
WI_1,HOUSEHOLD_3_002,202539,24.36
WI_1,HOUSEHOLD_3_002,202540,27.07
WI_1,HOUSEHOLD_3_002,202541,27.07
WI_1,HOUSEHOLD_3_002,202542,24.36
WI_1,HOUSEHOLD_3_002,202543,28.42
WI_1,HOUSEHOLD_3_002,202544,24.36
WI_1,HOUSEHOLD_3_002,202545,28.42
WI_1,HOUSEHOLD_3_002,202546,28.42
WI_1,HOUSEHOLD_3_002,202547,27.07
WI_1,HOUSEHOLD_3_002,202548,27.07
WI_1,HOUSEHOLD_3_002,202549,27.07
WI_1,HOUSEHOLD_3_002,202550,27.07
WI_1,HOUSEHOLD_3_002,202551,24.36
WI_1,HOUSEHOLD_3_002,202552,27.07
WI_1,HOUSEHOLD_3_002,202501,28.42
WI_1,HOUSEHOLD_3_002,202601,27.07
WI_1,HOUSEHOLD_3_002,202602,27.07
WI_1,HOUSEHOLD_3_002,202603,27.07
WI_1,HOUSEHOLD_3_002,202604,27.07
WI_1,HOUSEHOLD_3_002,202605,24.36
WI_1,HOUSEHOLD_3_002,202606,25.71
WI_1,HOUSEHOLD_3_002,202607,25.71
WI_1,HOUSEHOLD_3_002,202608,28.42
WI_1,HOUSEHOLD_3_002,202609,24.36
WI_1,HOUSEHOLD_3_002,202610,25.71
WI_1,HOUSEHOLD_3_002,202611,27.07
WI_1,HOUSEHOLD_3_002,202612,27.07
WI_1,HOUSEHOLD_3_002,202613,27.07
WI_1,HOUSEHOLD_3_002,202614,24.36
WI_1,HOUSEHOLD_3_002,202615,27.07
WI_1,HOUSEHOLD_3_002,202616,27.07
WI_1,HOUSEHOLD_3_002,202617,27.07
WI_1,HOUSEHOLD_3_002,202618,24.36
WI_1,HOUSEHOLD_3_002,202619,27.07
WI_1,HOUSEHOLD_3_002,202620,27.07
WI_1,HOUSEHOLD_3_003,202520,5.66
WI_1,HOUSEHOLD_3_003,202521,5.09
WI_1,HOUSEHOLD_3_003,202522,5.66
WI_1,HOUSEHOLD_3_003,202523,5.66
WI_1,HOUSEHOLD_3_003,202524,5.09
WI_1,HOUSEHOLD_3_003,202525,5.66
WI_1,HOUSEHOLD_3_003,202526,5.66
WI_1,HOUSEHOLD_3_003,202527,5.09
WI_1,HOUSEHOLD_3_003,202528,5.38
WI_1,HOUSEHOLD_3_003,202529,5.66
WI_1,HOUSEHOLD_3_003,202530,5.09
WI_1,HOUSEHOLD_3_003,202531,5.66
WI_1,HOUSEHOLD_3_003,202532,5.66
WI_1,HOUSEHOLD_3_003,202533,5.66
WI_1,HOUSEHOLD_3_003,202534,5.38
WI_1,HOUSEHOLD_3_003,202535,5.66
WI_1,HOUSEHOLD_3_003,202536,5.09
WI_1,HOUSEHOLD_3_003,202537,5.66
WI_1,HOUSEHOLD_3_003,202538,5.66
WI_1,HOUSEHOLD_3_003,202539,5.66
WI_1,HOUSEHOLD_3_003,202540,5.66
WI_1,HOUSEHOLD_3_003,202541,5.66
WI_1,HOUSEHOLD_3_003,202542,5.09
WI_1,HOUSEHOLD_3_003,202543,5.66
WI_1,HOUSEHOLD_3_003,202544,5.66
WI_1,HOUSEHOLD_3_003,202545,5.66
WI_1,HOUSEHOLD_3_003,202546,5.09
WI_1,HOUSEHOLD_3_003,202547,5.66
WI_1,HOUSEHOLD_3_003,202548,5.09
WI_1,HOUSEHOLD_3_003,202549,5.66
WI_1,HOUSEHOLD_3_003,202550,5.94
WI_1,HOUSEHOLD_3_003,202551,5.66
WI_1,HOUSEHOLD_3_003,202552,5.66
WI_1,HOUSEHOLD_3_003,202501,5.66
WI_1,HOUSEHOLD_3_003,202601,5.09
WI_1,HOUSEHOLD_3_003,202602,5.94
WI_1,HOUSEHOLD_3_003,202603,5.66
WI_1,HOUSEHOLD_3_003,202604,5.66
WI_1,HOUSEHOLD_3_003,202605,5.66
WI_1,HOUSEHOLD_3_003,202606,5.66
WI_1,HOUSEHOLD_3_003,202607,5.66
WI_1,HOUSEHOLD_3_003,202608,5.66
WI_1,HOUSEHOLD_3_003,202609,5.09
WI_1,HOUSEHOLD_3_003,202610,5.66
WI_1,HOUSEHOLD_3_003,202611,5.94
WI_1,HOUSEHOLD_3_003,202612,5.66
WI_1,HOUSEHOLD_3_003,202613,5.66
WI_1,HOUSEHOLD_3_003,202614,5.09
WI_1,HOUSEHOLD_3_003,202615,5.66
WI_1,HOUSEHOLD_3_003,202616,5.66
WI_1,HOUSEHOLD_3_003,202617,5.66
WI_1,HOUSEHOLD_3_003,202618,5.94
WI_1,HOUSEHOLD_3_003,202619,5.66
WI_1,HOUSEHOLD_3_003,202620,5.94
WI_1,HOUSEHOLD_3_004,202520,26.45
WI_1,HOUSEHOLD_3_004,202521,26.45
WI_1,HOUSEHOLD_3_004,202522,26.45
WI_1,HOUSEHOLD_3_004,202523,25.12
WI_1,HOUSEHOLD_3_004,202524,26.45
WI_1,HOUSEHOLD_3_004,202525,27.77
WI_1,HOUSEHOLD_3_004,202526,26.45
WI_1,HOUSEHOLD_3_004,202527,26.45
WI_1,HOUSEHOLD_3_004,202528,26.45
WI_1,HOUSEHOLD_3_004,202529,25.12
WI_1,HOUSEHOLD_3_004,202530,26.45
WI_1,HOUSEHOLD_3_004,202531,27.77
WI_1,HOUSEHOLD_3_004,202532,26.45
WI_1,HOUSEHOLD_3_004,202533,27.77
WI_1,HOUSEHOLD_3_004,202534,26.45
WI_1,HOUSEHOLD_3_004,202535,26.45
WI_1,HOUSEHOLD_3_004,202536,26.45
WI_1,HOUSEHOLD_3_004,202537,26.45
WI_1,HOUSEHOLD_3_004,202538,26.45
WI_1,HOUSEHOLD_3_004,202539,26.45
WI_1,HOUSEHOLD_3_004,202540,26.45
WI_1,HOUSEHOLD_3_004,202541,26.45
WI_1,HOUSEHOLD_3_004,202542,26.45
WI_1,HOUSEHOLD_3_004,202543,26.45
WI_1,HOUSEHOLD_3_004,202544,25.12
WI_1,HOUSEHOLD_3_004,202545,25.12
WI_1,HOUSEHOLD_3_004,202546,25.12
WI_1,HOUSEHOLD_3_004,202547,26.45
WI_1,HOUSEHOLD_3_004,202548,26.45
WI_1,HOUSEHOLD_3_004,202549,26.45
WI_1,HOUSEHOLD_3_004,202550,23.8
WI_1,HOUSEHOLD_3_004,202551,26.45
WI_1,HOUSEHOLD_3_004,202552,26.45
WI_1,HOUSEHOLD_3_004,202501,26.45
WI_1,HOUSEHOLD_3_004,202601,25.12
WI_1,HOUSEHOLD_3_004,202602,26.45
WI_1,HOUSEHOLD_3_004,202603,27.77
WI_1,HOUSEHOLD_3_004,202604,26.45
WI_1,HOUSEHOLD_3_004,202605,26.45
WI_1,HOUSEHOLD_3_004,202606,23.8
WI_1,HOUSEHOLD_3_004,202607,26.45
WI_1,HOUSEHOLD_3_004,202608,23.8
WI_1,HOUSEHOLD_3_004,202609,26.45
WI_1,HOUSEHOLD_3_004,202610,25.12
WI_1,HOUSEHOLD_3_004,202611,27.77
WI_1,HOUSEHOLD_3_004,202612,26.45
WI_1,HOUSEHOLD_3_004,202613,26.45
WI_1,HOUSEHOLD_3_004,202614,26.45
WI_1,HOUSEHOLD_3_004,202615,27.77
WI_1,HOUSEHOLD_3_004,202616,26.45
WI_1,HOUSEHOLD_3_004,202617,25.12
WI_1,HOUSEHOLD_3_004,202618,26.45
WI_1,HOUSEHOLD_3_004,202619,25.12
WI_1,HOUSEHOLD_3_004,202620,26.45
WI_1,HOUSEHOLD_3_005,202520,9.79
WI_1,HOUSEHOLD_3_005,202521,9.79
WI_1,HOUSEHOLD_3_005,202522,9.3
WI_1,HOUSEHOLD_3_005,202523,9.79
WI_1,HOUSEHOLD_3_005,202524,10.28
WI_1,HOUSEHOLD_3_005,202525,9.79
WI_1,HOUSEHOLD_3_005,202526,10.28
WI_1,HOUSEHOLD_3_005,202527,9.79
WI_1,HOUSEHOLD_3_005,202528,9.79
WI_1,HOUSEHOLD_3_005,202529,9.79
WI_1,HOUSEHOLD_3_005,202530,10.28
WI_1,HOUSEHOLD_3_005,202531,9.79
WI_1,HOUSEHOLD_3_005,202532,9.79
WI_1,HOUSEHOLD_3_005,202533,9.79
WI_1,HOUSEHOLD_3_005,202534,9.3
WI_1,HOUSEHOLD_3_005,202535,10.28
WI_1,HOUSEHOLD_3_005,202536,9.79
WI_1,HOUSEHOLD_3_005,202537,9.79
WI_1,HOUSEHOLD_3_005,202538,9.79
WI_1,HOUSEHOLD_3_005,202539,10.28
WI_1,HOUSEHOLD_3_005,202540,9.79
WI_1,HOUSEHOLD_3_005,202541,10.28
WI_1,HOUSEHOLD_3_005,202542,9.79
WI_1,HOUSEHOLD_3_005,202543,9.3
WI_1,HOUSEHOLD_3_005,202544,10.28
WI_1,HOUSEHOLD_3_005,202545,9.79
WI_1,HOUSEHOLD_3_005,202546,9.79
WI_1,HOUSEHOLD_3_005,202547,9.79
WI_1,HOUSEHOLD_3_005,202548,9.79
WI_1,HOUSEHOLD_3_005,202549,9.79
WI_1,HOUSEHOLD_3_005,202550,10.28
WI_1,HOUSEHOLD_3_005,202551,9.79
WI_1,HOUSEHOLD_3_005,202552,9.79
WI_1,HOUSEHOLD_3_005,202501,9.79
WI_1,HOUSEHOLD_3_005,202601,9.79
WI_1,HOUSEHOLD_3_005,202602,9.79
WI_1,HOUSEHOLD_3_005,202603,9.79
WI_1,HOUSEHOLD_3_005,202604,9.79
WI_1,HOUSEHOLD_3_005,202605,10.28
WI_1,HOUSEHOLD_3_005,202606,9.79
WI_1,HOUSEHOLD_3_005,202607,9.79
WI_1,HOUSEHOLD_3_005,202608,9.79
WI_1,HOUSEHOLD_3_005,202609,9.79
WI_1,HOUSEHOLD_3_005,202610,9.3
WI_1,HOUSEHOLD_3_005,202611,9.79
WI_1,HOUSEHOLD_3_005,202612,9.79
WI_1,HOUSEHOLD_3_005,202613,8.81
WI_1,HOUSEHOLD_3_005,202614,9.79
WI_1,HOUSEHOLD_3_005,202615,9.79
WI_1,HOUSEHOLD_3_005,202616,9.79
WI_1,HOUSEHOLD_3_005,202617,8.81
WI_1,HOUSEHOLD_3_005,202618,9.79
WI_1,HOUSEHOLD_3_005,202619,8.81
WI_1,HOUSEHOLD_3_005,202620,10.28
WI_1,HOUSEHOLD_3_006,202520,10.22
WI_1,HOUSEHOLD_3_006,202521,9.71
WI_1,HOUSEHOLD_3_006,202522,10.22
WI_1,HOUSEHOLD_3_006,202523,9.2
WI_1,HOUSEHOLD_3_006,202524,10.22
WI_1,HOUSEHOLD_3_006,202525,10.73
WI_1,HOUSEHOLD_3_006,202526,10.73
WI_1,HOUSEHOLD_3_006,202527,10.22
WI_1,HOUSEHOLD_3_006,202528,10.73
WI_1,HOUSEHOLD_3_006,202529,10.22
WI_1,HOUSEHOLD_3_006,202530,10.22
WI_1,HOUSEHOLD_3_006,202531,9.2
WI_1,HOUSEHOLD_3_006,202532,10.22
WI_1,HOUSEHOLD_3_006,202533,10.22
WI_1,HOUSEHOLD_3_006,202534,10.22
WI_1,HOUSEHOLD_3_006,202535,10.22
WI_1,HOUSEHOLD_3_006,202536,9.71
WI_1,HOUSEHOLD_3_006,202537,10.22
WI_1,HOUSEHOLD_3_006,202538,10.22
WI_1,HOUSEHOLD_3_006,202539,10.22
WI_1,HOUSEHOLD_3_006,202540,9.71
WI_1,HOUSEHOLD_3_006,202541,10.22
WI_1,HOUSEHOLD_3_006,202542,10.22
WI_1,HOUSEHOLD_3_006,202543,10.22
WI_1,HOUSEHOLD_3_006,202544,10.22
WI_1,HOUSEHOLD_3_006,202545,9.2
WI_1,HOUSEHOLD_3_006,202546,10.22
WI_1,HOUSEHOLD_3_006,202547,10.22
WI_1,HOUSEHOLD_3_006,202548,10.22
WI_1,HOUSEHOLD_3_006,202549,10.22
WI_1,HOUSEHOLD_3_006,202550,10.22
WI_1,HOUSEHOLD_3_006,202551,10.22
WI_1,HOUSEHOLD_3_006,202552,9.2
WI_1,HOUSEHOLD_3_006,202501,9.71
WI_1,HOUSEHOLD_3_006,202601,10.22
WI_1,HOUSEHOLD_3_006,202602,10.22
WI_1,HOUSEHOLD_3_006,202603,10.22
WI_1,HOUSEHOLD_3_006,202604,10.73
WI_1,HOUSEHOLD_3_006,202605,10.22
WI_1,HOUSEHOLD_3_006,202606,10.22
WI_1,HOUSEHOLD_3_006,202607,10.73
WI_1,HOUSEHOLD_3_006,202608,10.22
WI_1,HOUSEHOLD_3_006,202609,10.22
WI_1,HOUSEHOLD_3_006,202610,10.22
WI_1,HOUSEHOLD_3_006,202611,10.22
WI_1,HOUSEHOLD_3_006,202612,10.22
WI_1,HOUSEHOLD_3_006,202613,9.2
WI_1,HOUSEHOLD_3_006,202614,10.22
WI_1,HOUSEHOLD_3_006,202615,10.22
WI_1,HOUSEHOLD_3_006,202616,9.2
WI_1,HOUSEHOLD_3_006,202617,9.2
WI_1,HOUSEHOLD_3_006,202618,10.22
WI_1,HOUSEHOLD_3_006,202619,10.22
WI_1,HOUSEHOLD_3_006,202620,10.22
WI_1,HOUSEHOLD_3_007,202520,21.73
WI_1,HOUSEHOLD_3_007,202521,21.73
WI_1,HOUSEHOLD_3_007,202522,19.56
WI_1,HOUSEHOLD_3_007,202523,21.73
WI_1,HOUSEHOLD_3_007,202524,22.82
WI_1,HOUSEHOLD_3_007,202525,21.73
WI_1,HOUSEHOLD_3_007,202526,21.73
WI_1,HOUSEHOLD_3_007,202527,21.73
WI_1,HOUSEHOLD_3_007,202528,21.73
WI_1,HOUSEHOLD_3_007,202529,22.82
WI_1,HOUSEHOLD_3_007,202530,21.73
WI_1,HOUSEHOLD_3_007,202531,21.73
WI_1,HOUSEHOLD_3_007,202532,21.73
WI_1,HOUSEHOLD_3_007,202533,20.64
WI_1,HOUSEHOLD_3_007,202534,21.73
WI_1,HOUSEHOLD_3_007,202535,20.64
WI_1,HOUSEHOLD_3_007,202536,21.73
WI_1,HOUSEHOLD_3_007,202537,21.73
WI_1,HOUSEHOLD_3_007,202538,21.73
WI_1,HOUSEHOLD_3_007,202539,21.73
WI_1,HOUSEHOLD_3_007,202540,21.73
WI_1,HOUSEHOLD_3_007,202541,21.73
WI_1,HOUSEHOLD_3_007,202542,20.64
WI_1,HOUSEHOLD_3_007,202543,21.73
WI_1,HOUSEHOLD_3_007,202544,21.73
WI_1,HOUSEHOLD_3_007,202545,21.73
WI_1,HOUSEHOLD_3_007,202546,21.73
WI_1,HOUSEHOLD_3_007,202547,19.56
WI_1,HOUSEHOLD_3_007,202548,21.73
WI_1,HOUSEHOLD_3_007,202549,21.73
WI_1,HOUSEHOLD_3_007,202550,21.73
WI_1,HOUSEHOLD_3_007,202551,21.73
WI_1,HOUSEHOLD_3_007,202552,21.73
WI_1,HOUSEHOLD_3_007,202501,21.73
WI_1,HOUSEHOLD_3_007,202601,21.73
WI_1,HOUSEHOLD_3_007,202602,22.82
WI_1,HOUSEHOLD_3_007,202603,21.73
WI_1,HOUSEHOLD_3_007,202604,21.73
WI_1,HOUSEHOLD_3_007,202605,21.73
WI_1,HOUSEHOLD_3_007,202606,21.73
WI_1,HOUSEHOLD_3_007,202607,22.82
WI_1,HOUSEHOLD_3_007,202608,20.64
WI_1,HOUSEHOLD_3_007,202609,21.73
WI_1,HOUSEHOLD_3_007,202610,21.73
WI_1,HOUSEHOLD_3_007,202611,21.73
WI_1,HOUSEHOLD_3_007,202612,21.73
WI_1,HOUSEHOLD_3_007,202613,21.73
WI_1,HOUSEHOLD_3_007,202614,21.73
WI_1,HOUSEHOLD_3_007,202615,21.73
WI_1,HOUSEHOLD_3_007,202616,21.73
WI_1,HOUSEHOLD_3_007,202617,21.73
WI_1,HOUSEHOLD_3_007,202618,21.73
WI_1,HOUSEHOLD_3_007,202619,19.56
WI_1,HOUSEHOLD_3_007,202620,22.82
WI_1,HOUSEHOLD_3_008,202520,29.89
WI_1,HOUSEHOLD_3_008,202521,29.89
WI_1,HOUSEHOLD_3_008,202522,31.39
WI_1,HOUSEHOLD_3_008,202523,29.89
WI_1,HOUSEHOLD_3_008,202524,29.89
WI_1,HOUSEHOLD_3_008,202525,26.9
WI_1,HOUSEHOLD_3_008,202526,29.89
WI_1,HOUSEHOLD_3_008,202527,29.89
WI_1,HOUSEHOLD_3_008,202528,29.89
WI_1,HOUSEHOLD_3_008,202529,29.89
WI_1,HOUSEHOLD_3_008,202530,29.89
WI_1,HOUSEHOLD_3_008,202531,29.89
WI_1,HOUSEHOLD_3_008,202532,29.89
WI_1,HOUSEHOLD_3_008,202533,28.4
WI_1,HOUSEHOLD_3_008,202534,29.89
WI_1,HOUSEHOLD_3_008,202535,29.89
WI_1,HOUSEHOLD_3_008,202536,29.89
WI_1,HOUSEHOLD_3_008,202537,29.89
WI_1,HOUSEHOLD_3_008,202538,29.89
WI_1,HOUSEHOLD_3_008,202539,29.89
WI_1,HOUSEHOLD_3_008,202540,31.39
WI_1,HOUSEHOLD_3_008,202541,29.89
WI_1,HOUSEHOLD_3_008,202542,29.89
WI_1,HOUSEHOLD_3_008,202543,29.89
WI_1,HOUSEHOLD_3_008,202544,29.89
WI_1,HOUSEHOLD_3_008,202545,31.39
WI_1,HOUSEHOLD_3_008,202546,26.9
WI_1,HOUSEHOLD_3_008,202547,29.89
WI_1,HOUSEHOLD_3_008,202548,29.89
WI_1,HOUSEHOLD_3_008,202549,29.89
WI_1,HOUSEHOLD_3_008,202550,29.89
WI_1,HOUSEHOLD_3_008,202551,29.89
WI_1,HOUSEHOLD_3_008,202552,26.9
WI_1,HOUSEHOLD_3_008,202501,29.89
WI_1,HOUSEHOLD_3_008,202601,31.39
WI_1,HOUSEHOLD_3_008,202602,29.89
WI_1,HOUSEHOLD_3_008,202603,29.89
WI_1,HOUSEHOLD_3_008,202604,29.89
WI_1,HOUSEHOLD_3_008,202605,29.89
WI_1,HOUSEHOLD_3_008,202606,29.89
WI_1,HOUSEHOLD_3_008,202607,29.89
WI_1,HOUSEHOLD_3_008,202608,29.89
WI_1,HOUSEHOLD_3_008,202609,26.9
WI_1,HOUSEHOLD_3_008,202610,29.89
WI_1,HOUSEHOLD_3_008,202611,29.89
WI_1,HOUSEHOLD_3_008,202612,31.39
WI_1,HOUSEHOLD_3_008,202613,26.9
WI_1,HOUSEHOLD_3_008,202614,28.4
WI_1,HOUSEHOLD_3_008,202615,29.89
WI_1,HOUSEHOLD_3_008,202616,29.89
WI_1,HOUSEHOLD_3_008,202617,26.9
WI_1,HOUSEHOLD_3_008,202618,29.89
WI_1,HOUSEHOLD_3_008,202619,29.89
WI_1,HOUSEHOLD_3_008,202620,29.89
WI_1,HOUSEHOLD_3_009,202520,17.18
WI_1,HOUSEHOLD_3_009,202521,16.33
WI_1,HOUSEHOLD_3_009,202522,17.18
WI_1,HOUSEHOLD_3_009,202523,17.18
WI_1,HOUSEHOLD_3_009,202524,16.33
WI_1,HOUSEHOLD_3_009,202525,17.18
WI_1,HOUSEHOLD_3_009,202526,17.18
WI_1,HOUSEHOLD_3_009,202527,17.18
WI_1,HOUSEHOLD_3_009,202528,17.18
WI_1,HOUSEHOLD_3_009,202529,15.47
WI_1,HOUSEHOLD_3_009,202530,15.47
WI_1,HOUSEHOLD_3_009,202531,17.18
WI_1,HOUSEHOLD_3_009,202532,16.33
WI_1,HOUSEHOLD_3_009,202533,17.18
WI_1,HOUSEHOLD_3_009,202534,17.18
WI_1,HOUSEHOLD_3_009,202535,17.18
WI_1,HOUSEHOLD_3_009,202536,17.18
WI_1,HOUSEHOLD_3_009,202537,17.18
WI_1,HOUSEHOLD_3_009,202538,17.18
WI_1,HOUSEHOLD_3_009,202539,17.18
WI_1,HOUSEHOLD_3_009,202540,17.18
WI_1,HOUSEHOLD_3_009,202541,18.04
WI_1,HOUSEHOLD_3_009,202542,17.18
WI_1,HOUSEHOLD_3_009,202543,17.18
WI_1,HOUSEHOLD_3_009,202544,18.04
WI_1,HOUSEHOLD_3_009,202545,17.18
WI_1,HOUSEHOLD_3_009,202546,15.47
WI_1,HOUSEHOLD_3_009,202547,16.33
WI_1,HOUSEHOLD_3_009,202548,17.18
WI_1,HOUSEHOLD_3_009,202549,18.04
WI_1,HOUSEHOLD_3_009,202550,17.18
WI_1,HOUSEHOLD_3_009,202551,17.18
WI_1,HOUSEHOLD_3_009,202552,17.18
WI_1,HOUSEHOLD_3_009,202501,17.18
WI_1,HOUSEHOLD_3_009,202601,17.18
WI_1,HOUSEHOLD_3_009,202602,18.04
WI_1,HOUSEHOLD_3_009,202603,17.18
WI_1,HOUSEHOLD_3_009,202604,17.18
WI_1,HOUSEHOLD_3_009,202605,18.04
WI_1,HOUSEHOLD_3_009,202606,17.18
WI_1,HOUSEHOLD_3_009,202607,18.04
WI_1,HOUSEHOLD_3_009,202608,18.04
WI_1,HOUSEHOLD_3_009,202609,18.04
WI_1,HOUSEHOLD_3_009,202610,17.18
WI_1,HOUSEHOLD_3_009,202611,17.18
WI_1,HOUSEHOLD_3_009,202612,17.18
WI_1,HOUSEHOLD_3_009,202613,18.04
WI_1,HOUSEHOLD_3_009,202614,17.18
WI_1,HOUSEHOLD_3_009,202615,18.04
WI_1,HOUSEHOLD_3_009,202616,18.04
WI_1,HOUSEHOLD_3_009,202617,17.18
WI_1,HOUSEHOLD_3_009,202618,16.33
WI_1,HOUSEHOLD_3_009,202619,17.18
WI_1,HOUSEHOLD_3_009,202620,15.47
WI_1,HOUSEHOLD_3_010,202520,16.23
WI_1,HOUSEHOLD_3_010,202521,15.46
WI_1,HOUSEHOLD_3_010,202522,15.46
WI_1,HOUSEHOLD_3_010,202523,14.68
WI_1,HOUSEHOLD_3_010,202524,13.91
WI_1,HOUSEHOLD_3_010,202525,15.46
WI_1,HOUSEHOLD_3_010,202526,15.46
WI_1,HOUSEHOLD_3_010,202527,15.46
WI_1,HOUSEHOLD_3_010,202528,15.46
WI_1,HOUSEHOLD_3_010,202529,16.23
WI_1,HOUSEHOLD_3_010,202530,16.23
WI_1,HOUSEHOLD_3_010,202531,14.68
WI_1,HOUSEHOLD_3_010,202532,15.46
WI_1,HOUSEHOLD_3_010,202533,15.46
WI_1,HOUSEHOLD_3_010,202534,15.46
WI_1,HOUSEHOLD_3_010,202535,15.46
WI_1,HOUSEHOLD_3_010,202536,15.46
WI_1,HOUSEHOLD_3_010,202537,13.91
WI_1,HOUSEHOLD_3_010,202538,16.23
WI_1,HOUSEHOLD_3_010,202539,15.46
WI_1,HOUSEHOLD_3_010,202540,15.46
WI_1,HOUSEHOLD_3_010,202541,15.46
WI_1,HOUSEHOLD_3_010,202542,15.46
WI_1,HOUSEHOLD_3_010,202543,16.23
WI_1,HOUSEHOLD_3_010,202544,15.46
WI_1,HOUSEHOLD_3_010,202545,15.46
WI_1,HOUSEHOLD_3_010,202546,15.46
WI_1,HOUSEHOLD_3_010,202547,15.46
WI_1,HOUSEHOLD_3_010,202548,15.46
WI_1,HOUSEHOLD_3_010,202549,14.68
WI_1,HOUSEHOLD_3_010,202550,15.46
WI_1,HOUSEHOLD_3_010,202551,16.23
WI_1,HOUSEHOLD_3_010,202552,15.46
WI_1,HOUSEHOLD_3_010,202501,15.46
WI_1,HOUSEHOLD_3_010,202601,15.46
WI_1,HOUSEHOLD_3_010,202602,15.46
WI_1,HOUSEHOLD_3_010,202603,15.46
WI_1,HOUSEHOLD_3_010,202604,15.46
WI_1,HOUSEHOLD_3_010,202605,15.46
WI_1,HOUSEHOLD_3_010,202606,14.68
WI_1,HOUSEHOLD_3_010,202607,15.46
WI_1,HOUSEHOLD_3_010,202608,15.46
WI_1,HOUSEHOLD_3_010,202609,15.46
WI_1,HOUSEHOLD_3_010,202610,13.91
WI_1,HOUSEHOLD_3_010,202611,15.46
WI_1,HOUSEHOLD_3_010,202612,15.46
WI_1,HOUSEHOLD_3_010,202613,15.46
WI_1,HOUSEHOLD_3_010,202614,13.91
WI_1,HOUSEHOLD_3_010,202615,13.91
WI_1,HOUSEHOLD_3_010,202616,15.46
WI_1,HOUSEHOLD_3_010,202617,14.68
WI_1,HOUSEHOLD_3_010,202618,15.46
WI_1,HOUSEHOLD_3_010,202619,15.46
WI_1,HOUSEHOLD_3_010,202620,13.91
